title,director,date_added,release_year,country,DATA-QUALITY_NOTES
Dick Johnson Is Dead,Kirsten Johnson,"September 25, 2021",2020,United States,
Blood & Water,,"September 24, 2021",2021,South Africa,Missing director names present
Ganglands,Julien Leclercq,"September 24, 2021",2021,,Duplicate records are not found
Jailbirds New Orleans,,"September 24, 2021",2021,,Date format standardized
Kota Factory,,"September 24, 2021",2021,India,country names are missing
Midnight Mass,Mike Flanagan,"September 24, 2021",2021,,
My Little Pony: A New Generation,"Robert Cullen, José Luis Ucha","September 24, 2021",2021,,
Sankofa,Haile Gerima,"September 24, 2021",1993,"United States, Ghana, Burkina Faso, United Kingdom, Germany, Ethiopia",
The Great British Baking Show,Andy Devonshire,"September 24, 2021",2021,United Kingdom,
The Starling,Theodore Melfi,"September 24, 2021",2021,United States,
"Vendetta: Truth, Lies and The Mafia",,"September 24, 2021",2021,,
Bangkok Breaking,Kongkiat Komesiri,"September 23, 2021",2021,,
Je Suis Karl,Christian Schwochow,"September 23, 2021",2021,"Germany, Czech Republic",
Confessions of an Invisible Girl,Bruno Garotti,"September 22, 2021",2021,,
Crime Stories: India Detectives,,"September 22, 2021",2021,,
Dear White People,,"September 22, 2021",2021,United States,
Europe's Most Dangerous Man: Otto Skorzeny in Spain,"Pedro de Echave García, Pablo Azorín Williams","September 22, 2021",2020,,
Falsa identidad,,"September 22, 2021",2020,Mexico,
Intrusion,Adam Salky,"September 22, 2021",2021,,
Jaguar,,"September 22, 2021",2021,,
Monsters Inside: The 24 Faces of Billy Milligan,Olivier Megaton,"September 22, 2021",2021,,
Resurrection: Ertugrul,,"September 22, 2021",2018,Turkey,
Avvai Shanmughi,K.S. Ravikumar,"September 21, 2021",1996,,
Go! Go! Cory Carson: Chrissy Takes the Wheel,"Alex Woo, Stanley Moore","September 21, 2021",2021,,
Jeans,S. Shankar,"September 21, 2021",1998,India,
Love on the Spectrum,,"September 21, 2021",2021,Australia,
Minsara Kanavu,Rajiv Menon,"September 21, 2021",1997,,
Grown Ups,Dennis Dugan,"September 20, 2021",2010,United States,
Dark Skies,Scott Stewart,"September 19, 2021",2013,United States,
Paranoia,Robert Luketic,"September 19, 2021",2013,"United States, India, France",
Ankahi Kahaniya,"Ashwiny Iyer Tiwari, Abhishek Chaubey, Saket Chaudhary","September 17, 2021",2021,,
Chicago Party Aunt,,"September 17, 2021",2021,,
Sex Education,,"September 17, 2021",2020,United Kingdom,
Squid Game,,"September 17, 2021",2021,,
Tayo and Little Wizards,,"September 17, 2021",2020,,
The Father Who Moves Mountains,Daniel Sandu,"September 17, 2021",2021,,
The Stronghold,Cédric Jimenez,"September 17, 2021",2021,,
Angry Birds,,"September 16, 2021",2018,Finland,
Birth of the Dragon,George Nolfi,"September 16, 2021",2017,"China, Canada, United States",
Chhota Bheem,,"September 16, 2021",2021,India,
He-Man and the Masters of the Universe,,"September 16, 2021",2021,United States,
Jaws,Steven Spielberg,"September 16, 2021",1975,United States,
Jaws 2,Jeannot Szwarc,"September 16, 2021",1978,United States,
Jaws 3,Joe Alves,"September 16, 2021",1983,United States,
Jaws: The Revenge,Joseph Sargent,"September 16, 2021",1987,United States,
My Heroes Were Cowboys,Tyler Greco,"September 16, 2021",2021,,
Safe House,Daniel Espinosa,"September 16, 2021",2012,"South Africa, United States, Japan",
The Smart Money Woman,Bunmi Ajakaiye,"September 16, 2021",2020,,
Training Day,Antoine Fuqua,"September 16, 2021",2001,United States,
Castle and Castle,,"September 15, 2021",2021,Nigeria,
Dharmakshetra,,"September 15, 2021",2014,India,
InuYasha the Movie 2: The Castle Beyond the Looking Glass,Toshiya Shinohara,"September 15, 2021",2002,Japan,
InuYasha the Movie 3: Swords of an Honorable Ruler,Toshiya Shinohara,"September 15, 2021",2003,Japan,
InuYasha the Movie 4: Fire on the Mystic Island,Toshiya Shinohara,"September 15, 2021",2004,Japan,
InuYasha the Movie: Affections Touching Across Time,Toshiya Shinohara,"September 15, 2021",2001,Japan,
Nailed It,,"September 15, 2021",2021,United States,
Naruto Shippuden the Movie: Blood Prison,Masahiko Murata,"September 15, 2021",2011,Japan,
Naruto Shippûden the Movie: Bonds,Hajime Kamegaki,"September 15, 2021",2008,Japan,
Naruto Shippûden the Movie: The Will of Fire,Masahiko Murata,"September 15, 2021",2009,Japan,
Naruto Shippuden: The Movie,Hajime Kamegaki,"September 15, 2021",2007,Japan,
Naruto Shippuden: The Movie: The Lost Tower,Masahiko Murata,"September 15, 2021",2010,Japan,
Naruto the Movie 2: Legend of the Stone of Gelel,Hirotsugu Kawasaki,"September 15, 2021",2005,Japan,
Naruto the Movie 3: Guardians of the Crescent Moon Kingdom,Toshiyuki Tsuru,"September 15, 2021",2006,Japan,
Naruto the Movie: Ninja Clash in the Land of Snow,Tensai Okamura,"September 15, 2021",2004,Japan,
Nightbooks,David Yarovesky,"September 15, 2021",2021,,
Numberblocks,,"September 15, 2021",2021,United Kingdom,
Raja Rasoi Aur Anya Kahaniyan,,"September 15, 2021",2014,India,
Saved by the Bell,,"September 15, 2021",1994,United States,
Schumacher,"Hanns-Bruno Kammertöns, Vanessa Nöcker, Michael Wech","September 15, 2021",2021,,
Stories by Rabindranath Tagore,,"September 15, 2021",2015,India,
Too Hot To Handle: Latino,,"September 15, 2021",2021,,
A StoryBots Space Adventure,David A. Vargas,"September 14, 2021",2021,,
Jack Whitehall: Travels with My Father,,"September 14, 2021",2021,United Kingdom,
King of Boys,Kemi Adetiba,"September 14, 2021",2018,Nigeria,
The World's Most Amazing Vacation Rentals,,"September 14, 2021",2021,,
You vs. Wild: Out Cold,Ben Simms,"September 14, 2021",2021,,
Yowamushi Pedal,,"September 14, 2021",2013,Japan,
Little Singham - Black Shadow,Prakash Satam,"September 11, 2021",2021,,
Tughlaq Durbar,Delhiprasad Deenadayalan,"September 11, 2021",2020,,
Tughlaq Durbar (Telugu),Delhiprasad Deenadayalan,"September 11, 2021",2021,,
Firedrake the Silver Dragon,Tomer Eshed,"September 10, 2021",2021,,
Kate,Cedric Nicolas-Troyan,"September 10, 2021",2021,United States,
Lucifer,,"September 10, 2021",2021,United States,
Metal Shop Masters,,"September 10, 2021",2021,,
Omo Ghetto: the Saga,"JJC Skillz, Funke Akindele","September 10, 2021",2020,Nigeria,
Pokémon Master Journeys: The Series,,"September 10, 2021",2021,,
Prey,Thomas Sieben,"September 10, 2021",2021,,
Titipo Titipo,,"September 10, 2021",2019,,
Blood Brothers: Malcolm X & Muhammad Ali,Marcus Clarke,"September 9, 2021",2021,,
Mighty Raju,,"September 9, 2021",2017,,
Paradise Hills,Alice Waddington,"September 9, 2021",2019,"Spain, United States",
The Women and the Murderer,"Mona Achache, Patricia Tourancheau","September 9, 2021",2021,France,
Into the Night,,"September 8, 2021",2021,Belgium,
JJ+E,Alexis Almström,"September 8, 2021",2021,,
Show Dogs,Raja Gosnell,"September 8, 2021",2018,"United Kingdom, United States",
The Circle,,"September 8, 2021",2021,"United States, United Kingdom",
If I Leave Here Tomorrow: A Film About Lynyrd Skynyrd,Stephen Kijak,"September 7, 2021",2018,United States,
Kid Cosmic,,"September 7, 2021",2021,United States,
Octonauts: Above & Beyond,,"September 7, 2021",2021,United Kingdom,
On the Verge,,"September 7, 2021",2021,"France, United States",
Tobot Galaxy Detectives,,"September 7, 2021",2019,,
Untold: Breaking Point,"Chapman Way, Maclain Way","September 7, 2021",2021,United States,
Countdown: Inspiration4 Mission to Space,Jason Hehir,"September 6, 2021",2021,,
Shadow Parties,Yemi Amodu,"September 6, 2021",2020,,
Tayo the Little Bus,,"September 6, 2021",2016,South Korea,
Angamaly Diaries,Lijo Jose Pellissery,"September 5, 2021",2017,India,
Bunk'd,,"September 5, 2021",2021,United States,
A Champion Heart,David de Vos,"September 4, 2021",2018,United States,
Dive Club,,"September 3, 2021",2021,Australia,
La casa de papel,,"September 3, 2021",2021,Spain,
Money Heist: From Tokyo to Berlin,"Luis Alfaro, Javier Gómez Santander","September 3, 2021",2021,,
Sharkdog,,"September 3, 2021",2021,"United States, Singapore",
Worth,Sara Colangelo,"September 3, 2021",2021,,
Afterlife of the Party,Stephen Herek,"September 2, 2021",2021,,
Anjaam,Rahul Rawail,"September 2, 2021",1994,India,
Bright Star,Jane Campion,"September 2, 2021",2009,"United Kingdom, Australia, France",
Dhanak,Nagesh Kukunoor,"September 2, 2021",2015,India,
Final Account,Luke Holland,"September 2, 2021",2021,"United Kingdom, United States",
Gurgaon,Shanker Raman,"September 2, 2021",2017,India,
Here and There,JP Habac,"September 2, 2021",2020,,
Heroes of Goo Jit Zu,,"September 2, 2021",2021,Australia,
Hotel Del Luna,,"September 2, 2021",2019,,
In the Cut,Jane Campion,"September 2, 2021",2003,"United Kingdom, Australia, France, United States",
Luv Kushh,,"September 2, 2021",2012,,
Pororo - The Little Penguin,,"September 2, 2021",2013,South Korea,
Q-Force,,"September 2, 2021",2021,United States,
Shikara,Vidhu Vinod Chopra,"September 2, 2021",2020,India,
A Cinderella Story,Mark Rosman,"September 1, 2021",2004,"United States, Canada",
Agatha Christie's Crooked House,Gilles Paquet-Brenner,"September 1, 2021",2017,,
An Unfinished Life,Lasse Hallström,"September 1, 2021",2005,"Germany, United States",
Barbie Big City Big Dreams,Scott Pleydell-Pearce,"September 1, 2021",2021,,
Blade Runner: The Final Cut,Ridley Scott,"September 1, 2021",1982,United States,
Brave Animated Series,,"September 1, 2021",2021,,
Chappie,Neill Blomkamp,"September 1, 2021",2015,"South Africa, United States",
Clear and Present Danger,Phillip Noyce,"September 1, 2021",1994,"United States, Mexico",
Cliffhanger,Renny Harlin,"September 1, 2021",1993,"United States, Italy, France, Japan",
Cold Mountain,Anthony Minghella,"September 1, 2021",2003,"United States, Italy, Romania, United Kingdom",
Crocodile Dundee in Los Angeles,Simon Wincer,"September 1, 2021",2001,"Australia, United States",
Dear John,Lasse Hallström,"September 1, 2021",2010,United States,
Do the Right Thing,Spike Lee,"September 1, 2021",1989,United States,
"El patrón, radiografía de un crimen",Sebastián Schindel,"September 1, 2021",2014,"Argentina, Venezuela",
Extraction,Steven C. Miller,"September 1, 2021",2015,"United States, United Kingdom, Canada",
Freedom Writers,Richard LaGravenese,"September 1, 2021",2007,"Germany, United States",
Green Lantern,Martin Campbell,"September 1, 2021",2011,United States,
House Party,Reginald Hudlin,"September 1, 2021",1990,United States,
House Party 2,"George Jackson, Doug McHenry","September 1, 2021",1991,United States,
House Party 3,Eric Meza,"September 1, 2021",1994,United States,
How to Be a Cowboy,,"September 1, 2021",2021,,
HQ Barbers,Gerhard Mostert,"September 1, 2021",2020,,
I Got the Hook Up,Michael Martin,"September 1, 2021",1998,United States,
In Too Deep,Michael Rymer,"September 1, 2021",1999,United States,
Initial D,"Andrew Lau Wai-keung, Alan Mak","September 1, 2021",2005,"China, Hong Kong",
Janoskians: Untold and Untrue,Brett Weiner,"September 1, 2021",2016,United States,
Kid-E-Cats,,"September 1, 2021",2016,Russia,
Kuroko's Basketball,,"September 1, 2021",2015,Japan,
Labyrinth,Jim Henson,"September 1, 2021",1986,"United Kingdom, United States",
Letters to Juliet,Gary Winick,"September 1, 2021",2010,United States,
Level 16,Danishka Esterhazy,"September 1, 2021",2018,Canada,
Love Don't Cost a Thing,Troy Byer,"September 1, 2021",2003,United States,
Love in a Puff,Pang Ho-cheung,"September 1, 2021",2010,Hong Kong,
Major Dad,,"September 1, 2021",1992,United States,
Mars Attacks!,Tim Burton,"September 1, 2021",1996,United States,
Marshall,Reginald Hudlin,"September 1, 2021",2017,"United States, China, Hong Kong",
My Boss's Daughter,David Zucker,"September 1, 2021",2003,United States,
Mystery Men,Kinka Usher,"September 1, 2021",1999,United States,
Oldsters,,"September 1, 2021",2019,,
Once Upon a Time in America,Sergio Leone,"September 1, 2021",1984,"Italy, United States",
Open Season 2,"Matthew O'Callaghan, Todd Wilderman","September 1, 2021",2008,"United States, Canada",
Osmosis Jones,"Bobby Farrelly, Peter Farrelly","September 1, 2021",2001,United States,
Poseidon,Wolfgang Petersen,"September 1, 2021",2006,United States,
Rhyme & Reason,Peter Spirer,"September 1, 2021",1997,United States,
Same Kind of Different as Me,Michael Carney,"September 1, 2021",2017,United States,
School of Rock,Richard Linklater,"September 1, 2021",2003,"United States, Germany",
Snervous Tyler Oakley,Amy Rice,"September 1, 2021",2015,United States,
Tears of the Sun,Antoine Fuqua,"September 1, 2021",2003,United States,
The Blue Lagoon,Randal Kleiser,"September 1, 2021",1980,United States,
The Golden Child,Michael Ritchie,"September 1, 2021",1986,United States,
The Guns of Navarone,J. Lee Thompson,"September 1, 2021",1961,"United Kingdom, United States",
The Interview,"Evan Goldberg, Seth Rogen","September 1, 2021",2014,United States,
The Nutty Professor,Tom Shadyac,"September 1, 2021",1996,United States,
The Nutty Professor II: The Klumps,Peter Segal,"September 1, 2021",2000,,
Turning Point: 9/11 and the War on Terror,,"September 1, 2021",2021,,
Welcome Home Roscoe Jenkins,Malcolm D. Lee,"September 1, 2021",2008,United States,
In the Line of Fire,Wolfgang Petersen,"August 31, 2021",1993,United States,
Sparking Joy,,"August 31, 2021",2021,United States,
Untold: Crime & Penalties,"Chapman Way, Maclain Way","August 31, 2021",2021,,
Hometown Cha-Cha-Cha,,"August 29, 2021",2021,,
The Ingenuity of the Househusband,,"August 29, 2021",2021,,
2 Alone in Paris,"Ramzy Bedia, Éric Judor","August 28, 2021",2008,France,
Bread Barbershop,,"August 28, 2021",2020,,
Thimmarusu,Sharan Koppisetty,"August 28, 2021",2021,India,
Wind River,Taylor Sheridan,"August 28, 2021",2017,"United Kingdom, Canada, United States",
C Kkompany,Sachin Yardi,"August 27, 2021",2008,India,
D.P.,,"August 27, 2021",2021,", South Korea",
Deadly Sins,,"August 27, 2021",2002,,
EMI: Liya Hai To Chukana Padega,Saurabh Kabra,"August 27, 2021",2008,India,
He's All That,Mark Waters,"August 27, 2021",2021,,
I Heart Arlo,,"August 27, 2021",2021,,
King of Boys: The Return of the King,Kemi Adetiba,"August 27, 2021",2021,Nigeria,
Koi Aap Sa,Partho Mitra,"August 27, 2021",2006,India,
Krishna Cottage,Santram Varma,"August 27, 2021",2004,India,
Kucch To Hai,"Anil V. Kumar, Anurag Basu","August 27, 2021",2003,India,
Kyaa Kool Hai Hum,Sangeeth Sivan,"August 27, 2021",2005,India,
Kyaa Kool Hain Hum 3,Umesh Ghadge,"August 27, 2021",2016,India,
Kyaa Super Kool Hain Hum,Sachin Yardi,"August 27, 2021",2012,India,
Kyo Kii... Main Jhuth Nahin Bolta,David Dhawan,"August 27, 2021",2001,India,
"LSD: Love, Sex Aur Dhokha",Dibakar Banerjee,"August 27, 2021",2010,India,
Mission Istaanbul: Darr Ke Aagey Jeet Hai,Apoorva Lakhia,"August 27, 2021",2008,India,
Once Upon a Time in Mumbaai,Milan Luthria,"August 27, 2021",2010,India,
Once Upon a Time in Mumbai Dobaara!,Milan Luthria,"August 27, 2021",2013,India,
Ragini MMS,Pawan Kripalani,"August 27, 2021",2011,India,
Ragini MMS 2,Bhushan Patel,"August 27, 2021",2014,India,
Rebellion,,"August 27, 2021",2016,Ireland,
RIDE ON TIME,,"August 27, 2021",2021,,
SAS: Rise of the Black Swan,Magnus Martens,"August 27, 2021",2021,,
Shootout at Lokhandwala,Apoorva Lakhia,"August 27, 2021",2007,India,
Shor In the City,"Raj Nidimoru, Krishna D.K.","August 27, 2021",2011,India,
The Dirty Picture,Milan Luthria,"August 27, 2021",2011,India,
Titletown High,,"August 27, 2021",2021,,
EDENS ZERO,,"August 26, 2021",2021,Japan,
Family Reunion,,"August 26, 2021",2021,United States,
"Bob Ross: Happy Accidents, Betrayal & Greed",Joshua Rofé,"August 25, 2021",2021,,
Clickbait,Brad Anderson,"August 25, 2021",2021,,
John of God: The Crimes of a Spiritual Healer,"Mauricio Dias, Tatiana Villela","August 25, 2021",2021,,
Motel Makeover,,"August 25, 2021",2021,,
Open Your Eyes,,"August 25, 2021",2021,,
Post Mortem: No One Dies in Skarnes,,"August 25, 2021",2021,,
Really Love,Angel Kristi Williams,"August 25, 2021",2020,United States,
The November Man,Roger Donaldson,"August 25, 2021",2014,"United States, United Kingdom",
The Old Ways,Christopher Alender,"August 25, 2021",2020,United States,
The River Runner,Rush Sturges,"August 25, 2021",2021,,
The Water Man,David Oyelowo,"August 25, 2021",2021,United States,
Wheel of Fortune,,"August 25, 2021",2019,United States,
Count Me In,Mark Lo,"August 24, 2021",2021,United Kingdom,
Oggy Oggy,,"August 24, 2021",2021,,
Untold: Caitlyn Jenner,Crystal Moselle,"August 24, 2021",2021,,
Boomika,Rathindran R Prasad,"August 23, 2021",2021,,
Boomika (Hindi),Rathindran R Prasad,"August 23, 2021",2021,,
Boomika (Malayalam),Rathindran R Prasad,"August 23, 2021",2021,,
Boomika (Telugu),Rathindran R Prasad,"August 23, 2021",2021,,
The Witcher: Nightmare of the Wolf,Han Kwang Il,"August 23, 2021",2021,,
Manifest,,"August 21, 2021",2021,United States,
Comedy Premium League,,"August 20, 2021",2021,,
Everything Will Be Fine,,"August 20, 2021",2021,,
Gunshot,Karim El Shenawy,"August 20, 2021",2018,,
Korean Cold Noodle Rhapsody,,"August 20, 2021",2021,,
Man in Love,Yin Chen-hao,"August 20, 2021",2021,,
Sweet Girl,Brian Andrew Mendoza,"August 20, 2021",2021,United States,
The Chair,,"August 20, 2021",2021,,
The Loud House Movie,Dave Needham,"August 20, 2021",2021,,
A Faraway Land,Veronica Velasco,"August 19, 2021",2020,,
Like Crazy,Drake Doremus,"August 19, 2021",2011,United States,
Black Island,Miguel Alexandre,"August 18, 2021",2021,,
Bombay,Mani Ratnam,"August 18, 2021",1995,India,
Go! Go! Cory Carson,,"August 18, 2021",2021,United States,
Memories of a Murderer: The Nilsen Tapes,Michael Harte,"August 18, 2021",2021,,
Nneka The Pretty Serpent,Tosin Igho,"August 18, 2021",2020,,
O Kadhal Kanmani,Mani Ratnam,"August 18, 2021",2015,,
Out of my league,Alice Filippi,"August 18, 2021",2020,,
Pahuna,Paakhi Tyrewala,"August 18, 2021",2018,"India, Nepal",
The Defeated,,"August 18, 2021",2020,,
The Secret Diary of an Exchange Student,Bruno Garotti,"August 18, 2021",2021,,
Untold: Deal With the Devil,Laura Brownson,"August 18, 2021",2021,,
Mother Goose Club,,"August 16, 2021",2016,United States,
Walk of Shame,Steve Brill,"August 16, 2021",2014,United States,
Rascal Does Not Dream of Bunny Girl Senpai,,"August 15, 2021",2018,Japan,
The Creative Indians,,"August 15, 2021",2020,India,
The Piano,Jane Campion,"August 15, 2021",1993,"New Zealand, Australia, France, United States",
Unroyal,Moses Inwang,"August 15, 2021",2020,,
Winx Club,,"August 15, 2021",2015,Italy,
Beckett,Ferdinando Cito Filomarino,"August 13, 2021",2021,"Italy, Brazil, Greece",
Brand New Cherry Flavor,,"August 13, 2021",2021,United States,
Fast & Furious Spy Racers,,"August 13, 2021",2021,United States,
Gone for Good,Juan Carlos Medina,"August 13, 2021",2021,France,
Grace and Frankie,,"August 13, 2021",2021,United States,
The Kingdom,,"August 13, 2021",2021,Argentina,
Valeria,Inma Torrente,"August 13, 2021",2021,Spain,
AlRawabi School for Girls,,"August 12, 2021",2021,Jordan,
Lokillo: Nothing's the Same,Julián Gaviria,"August 12, 2021",2021,Colombia,
Monster Hunter: Legends of the Guild,Steven Yamamoto,"August 12, 2021",2021,"United States, Japan",
Bake Squad,,"August 11, 2021",2021,United States,
Brother Jekwu,Charles Uwagbai,"August 11, 2021",2016,Nigeria,
La diosa del asfalto,Julián Hernández,"August 11, 2021",2020,Mexico,
Misha and the Wolves,Sam Hobkinson,"August 11, 2021",2021,"Belgium, United Kingdom",
The Kissing Booth 3,Vince Marcello,"August 11, 2021",2021,"United Kingdom, United States",
The Railway Man,Jonathan Teplitzky,"August 11, 2021",2013,"Switzerland, United Kingdom, Australia",
Gabby's Dollhouse,,"August 10, 2021",2021,United States,
I Need Romance,Sakon Tiacharoen,"August 10, 2021",2021,,
Las muñecas de la mafia,,"August 10, 2021",2018,Colombia,
The Crowned Clown,,"August 10, 2021",2019,South Korea,
Untold: Malice at the Palace,Floyd Russ,"August 10, 2021",2021,United States,
SHAMAN KING,,"August 9, 2021",2021,Japan,
Quartet,Dustin Hoffman,"August 8, 2021",2012,United Kingdom,
Slay,Adze Ugah,"August 8, 2021",2021,South Africa,
Takizawa Kabuki ZERO 2020 The Movie,Hideaki Takizawa,"August 7, 2021",2020,,
The Paper Tigers,Quoc Bao Tran,"August 7, 2021",2021,United States,
Hit & Run,,"August 6, 2021",2021,"Israel, United States",
Navarasa,"Bejoy Nambiar, Priyadarshan, Karthik Narain, Vasanth Sai, Karthik Subbaraj, Arvind Swamy, Rathindran R Prasad, Sarjun, Gautham Vasudev Menon","August 6, 2021",2021,India,
Quam's Money,Kayode Kasum,"August 6, 2021",2020,Nigeria,
The Swarm,Just Philippot,"August 6, 2021",2021,France,
Vivo,"Kirk DeMicco, Brandon Jeffords","August 6, 2021",2021,"Canada, United States",
Chennai Express,Rohit Shetty,"August 5, 2021",2013,India,
City of God: 10 Years Later,"Cavi Borges, Luciano Vidigal","August 5, 2021",2013,Brazil,
Esperando la carroza,Alejandro Doria,"August 5, 2021",1985,Argentina,
Lady Boss: The Jackie Collins Story,Laura Fairrie,"August 5, 2021",2021,United Kingdom,
Tango Feroz,Marcelo Piñeyro,"August 5, 2021",1993,"Argentina, Spain",
'76,Izu Ojukwu,"August 4, 2021",2016,Nigeria,
Aftermath,Peter Winther,"August 4, 2021",2021,United States,
American Masters: Inventing David Geffen,Susan Lacy,"August 4, 2021",2012,United States,
Car Masters: Rust to Riches,,"August 4, 2021",2021,,
Cocaine Cowboys: The Kings of Miami,Billy Corben,"August 4, 2021",2021,United States,
Control Z,,"August 4, 2021",2021,Mexico,
Cooking With Paris,,"August 4, 2021",2021,United States,
Autumn's Concerto,,"August 3, 2021",2009,Taiwan,
Heavy,James Mangold,"August 3, 2021",1995,United States,
Ije: The Journey,Chineze Anyaene,"August 3, 2021",2010,"United States, Nigeria",
Office Girls,Hsu Fu-chun,"August 3, 2021",2011,Taiwan,
Pray Away,Kristine Stolakis,"August 3, 2021",2021,United States,
Shiny_Flakes: The Teenage Drug Lord,"Eva Müller, Michael Schmitt","August 3, 2021",2021,,
The Prince Who Turns into a Frog,,"August 3, 2021",2005,Taiwan,
Top Secret UFO Projects: Declassified,,"August 3, 2021",2021,,
Two Fathers,,"August 3, 2021",2013,Taiwan,
You're My Destiny,,"August 3, 2021",2008,Taiwan,
30 Rock,,"August 1, 2021",2012,United States,
44 Cats,,"August 1, 2021",2020,Italy,
Beethoven,Brian Levant,"August 1, 2021",1992,United States,
Beethoven's 2nd,Rod Daniel,"August 1, 2021",1993,United States,
Beowulf,Robert Zemeckis,"August 1, 2021",2007,"United States, United Kingdom",
Boyka: Undisputed,Todor Chapkanov,"August 1, 2021",2016,"Bulgaria, United States",
Catch Me If You Can,Steven Spielberg,"August 1, 2021",2002,"United States, Canada",
Cloudy with a Chance of Meatballs,"Phil Lord, Christopher Miller","August 1, 2021",2009,"United States, Canada",
Darwin’s Game,,"August 1, 2021",2020,,
Deep Blue Sea,Renny Harlin,"August 1, 2021",1999,"United States, Mexico",
Ferris Bueller's Day Off,John Hughes,"August 1, 2021",1986,United States,
Five Feet Apart,Justin Baldoni,"August 1, 2021",2019,United States,
Freedomland,Joe Roth,"August 1, 2021",2006,United States,
Friday Night Lights,,"August 1, 2021",2010,,
Good Luck Chuck,Mark Helfrich,"August 1, 2021",2007,"United States, Canada",
Hunter X Hunter (2011),,"August 1, 2021",2014,Japan,
I missed you: Director's Cut,"Mag Hsu, Hsu Chih-yen","August 1, 2021",2021,,
Inception,Christopher Nolan,"August 1, 2021",2010,"United States, United Kingdom",
Magnolia,Paul Thomas Anderson,"August 1, 2021",1999,United States,
Major Payne,Nick Castle,"August 1, 2021",1995,United States,
My Girl,Howard Zieff,"August 1, 2021",1991,United States,
My Girl 2,Howard Zieff,"August 1, 2021",1994,United States,
Open Season: Scared Silly,David Feiss,"August 1, 2021",2015,"United States, Canada",
Pineapple Express,David Gordon Green,"August 1, 2021",2008,United States,
Planet 51,Jorge Blanco,"August 1, 2021",2009,"Spain, United Kingdom, United States",
Poms,Zara Hayes,"August 1, 2021",2019,"United Kingdom, United States",
Seabiscuit,Gary Ross,"August 1, 2021",2003,United States,
Space Cowboys,Clint Eastwood,"August 1, 2021",2000,United States,
Team America: World Police,Trey Parker,"August 1, 2021",2004,"United States, Germany",
The Edge of Seventeen,Kelly Fremon Craig,"August 1, 2021",2016,"United States, China",
The Haunting in Connecticut 2: Ghosts of Georgia,Tom Elkins,"August 1, 2021",2013,United States,
The Last Boy Scout,Tony Scott,"August 1, 2021",1991,United States,
The Lincoln Lawyer,Brad Furman,"August 1, 2021",2011,United States,
The Losers,Sylvain White,"August 1, 2021",2010,"United States, France",
The Machinist,Brad Anderson,"August 1, 2021",2004,"Spain, France, United Kingdom, United States",
The Net,Irwin Winkler,"August 1, 2021",1995,United States,
The Original Kings of Comedy,Spike Lee,"August 1, 2021",2000,United States,
Valentine's Day,Garry Marshall,"August 1, 2021",2010,United States,
Charmed,,"July 31, 2021",2021,United States,
The Lost Café,Kenneth Gyang,"July 31, 2021",2018,,
The Vault,Jaume Balagueró,"July 31, 2021",2021,,
Centaurworld,,"July 30, 2021",2021,,
Eyes of a Thief,Najwa Najjar,"July 30, 2021",2014,", France, Algeria",
Glow Up,,"July 30, 2021",2021,United Kingdom,
I'm Glad I Did,Selçuk Metin,"July 30, 2021",2020,,
Khawatir,,"July 30, 2021",2009,,
Myth & Mogul: John DeLorean,,"July 30, 2021",2021,,
Outer Banks,,"July 30, 2021",2021,United States,
Pomegranates and Myrrh,Najwa Najjar,"July 30, 2021",2009,,
Rurouni Kenshin: The Beginning,Keishi Otomo,"July 30, 2021",2021,,
The Last Mercenary,David Charhon,"July 30, 2021",2021,,
Flower Girl,Michelle Bello,"July 29, 2021",2013,Nigeria,
Resort to Love,Steven Tsuchida,"July 29, 2021",2021,,
Transformers: War for Cybertron: Kingdom,,"July 29, 2021",2021,,
Bartkowiak,Daniel Markowicz,"July 28, 2021",2021,Poland,
Fantastic Fungi,Louie Schwartzberg,"July 28, 2021",2019,United States,
Tattoo Redo,,"July 28, 2021",2021,,
The Flash,Glen Winter,"July 28, 2021",2021,United States,
The Snitch Cartel: Origins,,"July 28, 2021",2021,,
All American,,"July 27, 2021",2021,United States,
Department,Ram Gopal Varma,"July 27, 2021",2012,India,
Hostage House,David Benullo,"July 27, 2021",2021,,
How to Sell Drugs Online (Fast),,"July 27, 2021",2021,Germany,
Mighty Express,,"July 27, 2021",2021,"United States, Canada",
Mimi,Laxman Utekar,"July 27, 2021",2021,,
Plastic Cup Boyz: Laughing My Mask Off!,"Royale Watkins, Rich Schlansker","July 27, 2021",2021,,
The Operative,Yuval Adler,"July 27, 2021",2019,"France, Israel, Germany, United States, United Kingdom",
The Walking Dead,,"July 26, 2021",2019,United States,
Wynonna Earp,,"July 26, 2021",2020,"Canada, United States",
Django Unchained,Quentin Tarantino,"July 24, 2021",2012,United States,
A Second Chance:  Rivals!,Clay Glen,"July 23, 2021",2021,Australia,
African America,Muzi Mthembu,"July 23, 2021",2021,,
Bankrolled,Marcos Bucay,"July 23, 2021",2021,,
Blood Red Sky,Peter Thorwarth,"July 23, 2021",2021,,
Feels Like Ishq,,"July 23, 2021",2021,,
Kingdom: Ashin of the North,Kim Seong-hun,"July 23, 2021",2021,,
Masters of the Universe: Revelation,,"July 23, 2021",2021,,
Revelations: The Masters of the Universe: Revelation Aftershow,,"July 23, 2021",2021,,
Sky Rojo,,"July 23, 2021",2021,Spain,
The Last Letter From Your Lover,Augustine Frizzell,"July 23, 2021",2021,United Kingdom,
The Movies That Made Us,,"July 23, 2021",2021,United States,
9to5: The Story of a Movement,,"July 22, 2021",2021,,
Chhota Bheem - Dinosaur World,Sidheswar Shukla,"July 22, 2021",2015,,
Chhota Bheem - Neeli Pahaadi,Rajiv Chilaka,"July 22, 2021",2013,,
Chhota Bheem & Ganesh,Rajiv Chilaka,"July 22, 2021",2009,,
Chhota Bheem & Krishna: Mayanagari,Rajiv Chilaka,"July 22, 2021",2011,,
Chhota Bheem & Krishna: Pataliputra- City of the Dead,Rajiv Chilaka,"July 22, 2021",2010,,
Chhota Bheem And The Broken Amulet,Rajiv Chilaka,"July 22, 2021",2013,India,
Chhota Bheem And The Crown of Valhalla,Rajiv Chilaka,"July 22, 2021",2013,,
Chhota Bheem and the Incan Adventure,Rajiv Chilaka,"July 22, 2021",2013,,
Chhota Bheem and The ShiNobi Secret,Rajiv Chilaka,"July 22, 2021",2013,,
Chhota Bheem Aur Hanuman,Rajiv Chilaka,"July 22, 2021",2012,,
Chhota Bheem aur Krishna,Rajiv Chilaka,"July 22, 2021",2009,India,
Chhota Bheem aur Krishna vs Zimbara,Rajiv Chilaka,"July 22, 2021",2013,,
Chhota Bheem in African Safari,Binayak Das,"July 22, 2021",2015,,
Chhota Bheem Ka Roosi Romanch,"Arpan Sarkar, Shyamal Chaulia","July 22, 2021",2019,,
Chhota Bheem: Bheem vs Aliens,Rajiv Chilaka,"July 22, 2021",2010,,
Chhota Bheem: Dholakpur to Kathmandu,Rajiv Chilaka,"July 22, 2021",2012,,
Chhota Bheem: Dus Pe Dus,"Rajiv Chilaka, Owll Mina","July 22, 2021",2014,,
Chhota Bheem: Journey to Petra,Rajiv Chilaka,"July 22, 2021",2011,,
Chhota Bheem: Master of Shaolin,Rajiv Chilaka,"July 22, 2021",2011,,
Chhota Bheem: The Rise of Kirmada,Rajiv Chilaka,"July 22, 2021",2012,,
Chicago Med,,"July 22, 2021",2019,United States,
Cousins,"Ainsley Gardiner, Briar Grace-Smith","July 22, 2021",2021,New Zealand,
Wannabe Courageous,Mahmoud Karim,"July 22, 2021",2019,,
Words Bubble Up Like Soda Pop,Kyohei Ishiguro,"July 22, 2021",2021,,
Sanitation Day,Seyi Babatope,"July 21, 2021",2020,Nigeria,
Sexy Beasts,,"July 21, 2021",2021,,
Too Hot to Handle: Brazil,,"July 21, 2021",2021,,
Trollhunters: Rise of the Titans,"Johane Matte, Andrew L. Schmidt, Francisco Ruiz Velasco","July 21, 2021",2021,,
Milkwater,Morgan Ingari,"July 20, 2021",2020,United States,
Okupas,,"July 20, 2021",2020,Argentina,
Touch Your Heart,,"July 20, 2021",2019,,
The Tambour of Retribution,Abdulaziz Alshlahei,"July 19, 2021",2021,Saudi Arabia,
Cosmic Sin,Edward Drake,"July 17, 2021",2021,United States,
2 Weeks in Lagos,Kathryn Fasegha,"July 16, 2021",2020,,
Deep,"Sita Likitvanichkul, Jetarin Ratanaserikiat, Apirak Samudkitpaisan, Thanabodee Uawithya, Adirek Wattaleela","July 16, 2021",2021,Thailand,
Explained,,"July 16, 2021",2021,United States,
Fear Street Part 3: 1666,Leigh Janiak,"July 16, 2021",2021,,
Johnny Test,,"July 16, 2021",2021,"United States, Canada",
La ley de Herodes,Luis Estrada,"July 16, 2021",1999,,
Naomi Osaka,Garrett Bradley,"July 16, 2021",2021,,
The Beguiled,Sofia Coppola,"July 16, 2021",2017,United States,
The Book of Henry,Colin Trevorrow,"July 16, 2021",2017,United States,
The Twilight Saga: Breaking Dawn: Part 1,Bill Condon,"July 16, 2021",2011,United States,
The Twilight Saga: Breaking Dawn: Part 2,Bill Condon,"July 16, 2021",2012,United States,
The Twilight Saga: Eclipse,David Slade,"July 16, 2021",2010,United States,
The Twilight Saga: New Moon,Chris Weitz,"July 16, 2021",2009,United States,
Twilight,Catherine Hardwicke,"July 16, 2021",2008,United States,
A Perfect Fit,Hadrah Daeng Ratu,"July 15, 2021",2021,Indonesia,
BEASTARS,,"July 15, 2021",2021,Japan,
Cheech & Chong's Still Smokin,Tommy Chong,"July 15, 2021",1983,,
Emicida: AmarElo - Live in São Paulo,Fred Ouro Preto,"July 15, 2021",2021,,
Her Private Life,,"July 15, 2021",2019,South Korea,
Lift Like a Girl,Mayye Zayed,"July 15, 2021",2021,"Egypt, Denmark, Germany",
My Amanda,Alessandra de Rossi,"July 15, 2021",2021,,
Never Have I Ever,,"July 15, 2021",2021,United States,
Surf's Up,"Ash Brannon, Chris Buck","July 15, 2021",2007,"United States, Canada",
The Unknown Saint,Alaa Eddine Aljem,"July 15, 2021",2019,,
This Changes Everything,Tom Donahue,"July 15, 2021",2019,United States,
A Classic Horror Story,"Roberto De Feo, Paolo Strippoli","July 14, 2021",2021,Italy,
Gunpowder Milkshake,Navot Papushado,"July 14, 2021",2021,,
Heist,,"July 14, 2021",2021,,
My Unorthodox Life,,"July 14, 2021",2021,,
Private Network: Who Killed Manuel Buendía?,Manuel Alcalá,"July 14, 2021",2021,,
The Guide to the Perfect Family,Ricardo Trogi,"July 14, 2021",2021,,
American Woman,Semi Chellas,"July 13, 2021",2019,"United States, Canada",
Bridgerton - The Afterparty,,"July 13, 2021",2021,,
Day of Destiny,"Akay Mason, Abosi Ogba","July 13, 2021",2021,,
Ridley Jones,,"July 13, 2021",2021,United States,
Born to Play,Viridiana Lieberman,"July 12, 2021",2020,United States,
American Ultra,Nima Nourizadeh,"July 10, 2021",2015,"United States, Switzerland",
The Stand-Up,Daniel Růžička,"July 10, 2021",2019,,
The Tour,Juraj Šajmovič,"July 10, 2021",2016,,
Atypical,,"July 9, 2021",2021,United States,
Biohackers,,"July 9, 2021",2021,Germany,
Fear Street Part 2: 1978,Leigh Janiak,"July 9, 2021",2021,,
Finding Hubby,Femi D. Ogunsanwo,"July 9, 2021",2020,,
How I Became a Superhero,Douglas Attal,"July 9, 2021",2021,,
How to Become a Tyrant,,"July 9, 2021",2021,,
Last Summer,,"July 9, 2021",2021,,
Lee Su-geun: The Sense Coach,Kim Joo-hyung,"July 9, 2021",2021,,
Lethal Love,Avi Federgreen,"July 9, 2021",2021,,
Ratchet and Clank,"Jericca Cleland, Kevin Munroe","July 9, 2021",2016,"Hong Kong, Canada, United States",
The Cook of Castamar,,"July 9, 2021",2021,,
Virgin River,,"July 9, 2021",2021,United States,
Back to Q82,Ahmed Siddiqui,"July 8, 2021",2017,"Kuwait, United States",
Elize Matsunaga: Once Upon a Crime,,"July 8, 2021",2021,,
Home Again,Hallie Meyers-Shyer,"July 8, 2021",2017,United States,
Midnight Sun,Scott Speer,"July 8, 2021",2018,United States,
RESIDENT EVIL: Infinite Darkness,,"July 8, 2021",2021,"United States, Japan",
Rock the Kasbah,Barry Levinson,"July 8, 2021",2015,United States,
Awon Boyz,Tolulope Itegboje,"July 7, 2021",2019,,
Brick Mansions,Camille Delamarre,"July 7, 2021",2014,"France, Canada, United States, Spain",
Cat People,,"July 7, 2021",2021,,
Clash,Pascal Atuma,"July 7, 2021",2020,,
Dogs,,"July 7, 2021",2021,United States,
Major Grom: Plague Doctor,Oleg Trofim,"July 7, 2021",2021,,
Mama Drama,Seyi Babatope,"July 7, 2021",2020,,
Tango With Me,Mahmood Ali-Balogun,"July 7, 2021",2010,Nigeria,
The Mire,Jan Holoubek,"July 7, 2021",2021,Poland,
The War Next-door,,"July 7, 2021",2021,,
Therapy,"Anurin Nwunembom, Musing Derrick","July 7, 2021",2020,,
This Little Love Of Mine,Christine Luby,"July 7, 2021",2021,Australia,
Three Thieves,Udoka Oyeka,"July 7, 2021",2019,,
A Land Imagined,Yeo Siew Hua,"July 6, 2021",2019,"France, Netherlands, Singapore",
Ask the StoryBots,,"July 6, 2021",2019,United States,
Between,,"July 6, 2021",2016,Canada,
Chelsea,,"July 6, 2021",2017,United States,
Code Lyoko,,"July 6, 2021",2007,"France, Belgium",
Colony,,"July 6, 2021",2018,United States,
Cuckoo,,"July 6, 2021",2019,United Kingdom,
Derry Girls,,"July 6, 2021",2019,United Kingdom,
Girl from Nowhere,,"July 6, 2021",2021,Thailand,
Good Morning Call,,"July 6, 2021",2017,Japan,
Har Kisse Ke Hisse: Kaamyaab,Hardik Mehta,"July 6, 2021",2020,India,
I AM A KILLER,,"July 6, 2021",2020,United Kingdom,
I Think You Should Leave with Tim Robinson,,"July 6, 2021",2021,United States,
Kim's Convenience,,"July 6, 2021",2021,Canada,
Larva,,"July 6, 2021",2015,Russia,
Marcella,,"July 6, 2021",2019,United Kingdom,
Midnight Diner: Tokyo Stories,,"July 6, 2021",2019,Japan,
My Little Pony: Friendship Is Magic,,"July 6, 2021",2018,"United States, Canada",
Orange Is the New Black,,"July 6, 2021",2019,United States,
Puffin Rock,,"July 6, 2021",2016,"Ireland, United States, United Kingdom",
Rehmataan,"Rajveer Singh Maan, Harpeet Singh","July 6, 2021",2012,India,
Return of the Prodigal Son,Youssef Chahine,"July 6, 2021",1976,Egypt,
Richie Rich,,"July 6, 2021",2015,United States,
Rise: Ini Kalilah,"Saw Teong Hin, Nik Amir Mustapha, M.S. Prem Nath","July 6, 2021",2018,Malaysia,
Scream,,"July 6, 2021",2019,United States,
Shtisel,,"July 6, 2021",2021,Israel,
Si Doel the Movie 2,Rano Karno,"July 6, 2021",2019,Indonesia,
Some Assembly Required,,"July 6, 2021",2015,Canada,
Tales by Light,,"July 6, 2021",2018,Australia,
Terrace House: Opening New Doors,,"July 6, 2021",2018,Japan,
The A List,,"July 6, 2021",2021,United Kingdom,
The New Legends of Monkey,,"July 6, 2021",2020,"Australia, New Zealand",
The Worst Witch,,"July 6, 2021",2020,"United Kingdom, Germany",
Truckbhar Swapna,Pramod Pawar,"July 6, 2021",2018,India,
Ujala,Naresh Saigal,"July 6, 2021",1959,India,
Undercover,,"July 6, 2021",2020,"Belgium, Netherlands",
Workin' Moms,,"July 6, 2021",2021,Canada,
YooHoo to the Rescue,,"July 6, 2021",2020,South Korea,
You Are My Spring,,"July 6, 2021",2021,,
We the People,,"July 4, 2021",2021,United States,
Grey's Anatomy,,"July 3, 2021",2020,United States,
Big Timber,,"July 2, 2021",2020,,
Fear Street Part 1: 1994,Leigh Janiak,"July 2, 2021",2021,,
Haseen Dillruba,Vinil Mathew,"July 2, 2021",2021,India,
Holiday on Mars,Neri Parenti,"July 2, 2021",2020,,
Mortel,,"July 2, 2021",2019,France,
RattleSnake - The Ahanna Story,Ramsey Nouah,"July 2, 2021",2020,Nigeria,
Snowpiercer,Bong Joon Ho,"July 2, 2021",2013,"South Korea, Czech Republic",
The 8th Night,Kim Tae-hyung,"July 2, 2021",2021,South Korea,
Winchester,"Michael Spierig, Peter Spierig","July 2, 2021",2018,"Australia, United States",
6 Bullets,Ernie Barbarash,"July 1, 2021",2012,United States,
Air Force One,Wolfgang Petersen,"July 1, 2021",1997,"United States, Germany",
Audible,Matt Ogens,"July 1, 2021",2021,,
Austin Powers in Goldmember,Jay Roach,"July 1, 2021",2002,United States,
Austin Powers: International Man of Mystery,Jay Roach,"July 1, 2021",1997,United States,
Austin Powers: The Spy Who Shagged Me,Jay Roach,"July 1, 2021",1999,United States,
Boogie Nights,Paul Thomas Anderson,"July 1, 2021",1997,United States,
Bureau of Magical Things,,"July 1, 2021",2020,"Australia, Germany",
Charlie's Angels,McG,"July 1, 2021",2000,"United States, Germany",
Congo,Frank Marshall,"July 1, 2021",1995,United States,
Dennis the Menace,Nick Castle,"July 1, 2021",1993,United States,
Dreamy Eyes,Victor Vu,"July 1, 2021",2019,Vietnam,
Dynasty Warriors,Chow Hin Yeung Roy,"July 1, 2021",2021,,
Generation 56k,,"July 1, 2021",2021,,
Hampstead,Joel Hopkins,"July 1, 2021",2019,"United Kingdom, Belgium",
Kung Fu Panda,"John Stevenson, Mark Osborne","July 1, 2021",2008,"United States, China",
Kung Fu Panda 2,Jennifer Yuh Nelson,"July 1, 2021",2011,"United States, China",
Life as We Know It,Greg Berlanti,"July 1, 2021",2010,United States,
Mary Magdalene,Garth Davis,"July 1, 2021",2019,"United Kingdom, Australia, United States",
Masameer County,Malik Nejer,"July 1, 2021",2021,,
Memoirs of a Geisha,Rob Marshall,"July 1, 2021",2005,"France, Japan, United States",
Midnight Run,Martin Brest,"July 1, 2021",1988,United States,
Mobile Suit Gundam Hathaway,Shuko Murase,"July 1, 2021",2021,,
Mortal Kombat,Paul W.S. Anderson,"July 1, 2021",1995,United States,
Mother's Day,Garry Marshall,"July 1, 2021",2016,United States,
No Strings Attached,Ivan Reitman,"July 1, 2021",2011,"United States, United Kingdom",
Not Another Teen Movie,Joel Gallen,"July 1, 2021",2001,United States,
Ophelia,Claire McCarthy,"July 1, 2021",2018,"United Kingdom, United States",
Pet Sematary 2,Mary Lambert,"July 1, 2021",1992,,
Quarantine Tales,"Sidharta Tata, Aco Tenriyagelli, Dian Sastrowardoyo, Ifa Isfansyah, Jason Iskandar","July 1, 2021",2020,,
Rainbow Rangers,,"July 1, 2021",2018,United States,
Red Joan,Trevor Nunn,"July 1, 2021",2019,United Kingdom,
Sailor Moon Crystal,,"July 1, 2021",2016,,
Seven Pounds,Gabriele Muccino,"July 1, 2021",2008,United States,
She's Out of My League,Jim Field Smith,"July 1, 2021",2010,United States,
Snow Day,Chris Koch,"July 1, 2021",2000,United States,
Star Trek,J.J. Abrams,"July 1, 2021",2009,"United States, Germany",
Stuart Little,Rob Minkoff,"July 1, 2021",1999,"Germany, United States",
Sword of Trust,Lynn Shelton,"July 1, 2021",2019,United States,
Talladega Nights: The Ballad of Ricky Bobby,Adam McKay,"July 1, 2021",2006,United States,
The American,Anton Corbijn,"July 1, 2021",2010,"United States, United Kingdom",
The Best of Enemies,Robin Bissell,"July 1, 2021",2019,United States,
The Game,David Fincher,"July 1, 2021",1997,United States,
The Karate Kid,John G. Avildsen,"July 1, 2021",1984,United States,
The Karate Kid Part II,John G. Avildsen,"July 1, 2021",1986,United States,
The Karate Kid Part III,John G. Avildsen,"July 1, 2021",1989,United States,
The Life of David Gale,Alan Parker,"July 1, 2021",2003,"United Kingdom, Germany, Spain, United States",
The Long Riders,Walter Hill,"July 1, 2021",1980,United States,
The Queen,Stephen Frears,"July 1, 2021",2006,"United Kingdom, United States, France, Italy",
The Strangers,Bryan Bertino,"July 1, 2021",2008,United States,
The Sum of All Fears,Phil Alden Robinson,"July 1, 2021",2002,"United States, Germany, Canada",
The Tourist,Florian Henckel von Donnersmarck,"July 1, 2021",2010,"United States, France, Italy, United Kingdom",
Underworld,Len Wiseman,"July 1, 2021",2003,"United States, United Kingdom, Germany, Hungary",
Underworld: Awakening,"Måns Mårlind, Björn Stein","July 1, 2021",2012,"United States, Canada",
Underworld: Rise of the Lycans,Patrick Tatopoulos,"July 1, 2021",2009,"United States, New Zealand",
Voiceless,Robert O. Peters,"July 1, 2021",2020,Nigeria,
What Dreams May Come,Vincent Ward,"July 1, 2021",1998,"United States, New Zealand",
Why Do Fools Fall in Love,Gregory Nava,"July 1, 2021",1998,United States,
Working Title,Mary Harron,"July 1, 2021",2019,,
Young Royals,,"July 1, 2021",2021,Sweden,
America: The Motion Picture,Matt Thompson,"June 30, 2021",2021,United States,
Deranged,Jameel Buari,"June 30, 2021",2020,,
Droppin' Cash: Los Angeles,,"June 30, 2021",2019,United States,
Legend of Exorcism,Shen Leping,"June 30, 2021",2020,,
Lying and Stealing,Matt Aselton,"June 30, 2021",2019,United States,
Mommy Issues,Jose Javier Reyes,"June 30, 2021",2021,,
Prime Time,Jakub Piątek,"June 30, 2021",2021,,
Somos.,,"June 30, 2021",2021,Mexico,
Sophie: A Murder in West Cork,John Dower,"June 30, 2021",2021,,
The Daily Life of the Immortal King,,"June 30, 2021",2020,China,
StarBeam,,"June 29, 2021",2021,United States,
A Way Back Home,B. T Thomas,"June 28, 2021",2020,,
Killing Them Softly,Andrew Dominik,"June 28, 2021",2012,United States,
The Seven Deadly Sins,,"June 28, 2021",2021,Japan,
Wanted,Nibal Arakji,"June 28, 2021",2019,,
Into the Wind,Sofie Šustková,"June 26, 2021",2018,,
Wonder Boy,Anissa Bonnefont,"June 26, 2021",2019,France,
Here Comes the Rain,Bahij Hojeij,"June 25, 2021",2010,Lebanon,
The Ice Road,Jonathan Hensleigh,"June 25, 2021",2021,"United States, Canada",
Ray,"Srijit Mukherji, Vasan Bala, Abhishek Chaubey","June 25, 2021",2021,,
Sex/Life,,"June 25, 2021",2021,United States,
Godzilla Singular Point,,"June 24, 2021",2021,,
Jiva!,,"June 24, 2021",2021,,
Sisters on Track,,"June 24, 2021",2021,,
The Naked Director,,"June 24, 2021",2021,Japan,
The Seventh Day,Justin P. Lange,"June 24, 2021",2021,United States,
Good on Paper,Kimmy Gatewood,"June 23, 2021",2021,,
Murder by the Coast,Tània Balló,"June 23, 2021",2021,,
The House of Flowers: The Movie,Manolo Caro,"June 23, 2021",2021,,
The Parisian Agency: Exclusive Properties,,"June 23, 2021",2021,,
Too Hot to Handle,,"June 23, 2021",2021,United States,
Broken,Anurin Nwunembom,"June 22, 2021",2019,,
O Vendedor de Sonhos,Jayme Monjardim,"June 22, 2021",2016,Brazil,
Osuofia in London,Kingsley Ogoro,"June 22, 2021",2003,Nigeria,
Osuofia in London II,Kingsley Ogoro,"June 22, 2021",2004,,
This Is Pop,,"June 22, 2021",2021,,
#Selfie,Cristina Jacob,"June 21, 2021",2014,Romania,
#Selfie 69,Cristina Jacob,"June 21, 2021",2016,Romania,
Love Is a Story,Cristina Jacob,"June 21, 2021",2015,Romania,
The Mole,,"June 21, 2021",2001,United States,
"Nevertheless,",,"June 20, 2021",2021,,
Bangkok Love Stories: Innocence,,"June 19, 2021",2018,Thailand,
Black Lightning,,"June 19, 2021",2021,United States,
Call My Agent!,,"June 19, 2021",2018,France,
Champions,,"June 19, 2021",2018,United States,
Charité at War,,"June 19, 2021",2019,,
Cleo & Cuquin,Fernando Moro,"June 19, 2021",2020,Spain,
Deadwind,,"June 19, 2021",2020,"Finland, Germany",
Gameboys Level-Up Edition,Ivan Andrew Payawal,"June 19, 2021",2020,,
Glee,,"June 19, 2021",2015,United States,
Hap and Leonard,,"June 19, 2021",2018,United States,
Locked Up,,"June 19, 2021",2020,Spain,
Mobile Suit Gundam II: Soldiers of Sorrow,"Yoshiyuki Tomino, Yoshikazu Yasuhiko","June 19, 2021",1981,,
Mobile Suit Gundam III: Encounters in Space,"Yoshiyuki Tomino, Yoshikazu Yasuhiko","June 19, 2021",1982,,
Mobile Suit Gundam: Char's Counterattack,Yoshiyuki Tomino,"June 19, 2021",1988,,
No Time for Shame,,"June 19, 2021",2019,Argentina,
Pose,,"June 19, 2021",2019,United States,
REA(L)OVE,,"June 19, 2021",2018,Japan,
Riverdale,Rob Seidenglanz,"June 19, 2021",2019,United States,
Schitt's Creek,,"June 19, 2021",2020,"Canada, United States",
The Assassination of Gianni Versace,,"June 19, 2021",2018,United States,
The Judgement,,"June 19, 2021",2018,Thailand,
The Last Dance,,"June 19, 2021",2020,United States,
They've Gotta Have Us,Simon Frederick,"June 19, 2021",2018,United Kingdom,
Why Are You Like This,,"June 19, 2021",2021,Australia,
A Family,Michihito Fujii,"June 18, 2021",2021,,
Elite,,"June 18, 2021",2021,Spain,
Fatherhood,Paul Weitz,"June 18, 2021",2021,United States,
Hospital Playlist,,"June 18, 2021",2021,South Korea,
Jagame Thandhiram,Karthik Subbaraj,"June 18, 2021",2021,,
Kambili: The Whole 30 Yards,Kayode Kasum,"June 18, 2021",2020,Nigeria,
Mobile Suit Gundam I,"Yoshiyuki Tomino, Yoshikazu Yasuhiko","June 18, 2021",1981,,
Rurouni Kenshin: The Final,Keishi Otomo,"June 18, 2021",2021,,
So Not Worth It,,"June 18, 2021",2021,,
The Rational Life,Hsu Fu-chun,"June 18, 2021",2021,,
Ali & Ratu Ratu Queens,Lucky Kuswandi,"June 17, 2021",2021,,
Aziza,Soudade Kaadan,"June 17, 2021",2019,"Lebanon, Syria",
Besieged Bread,Soudade Kaadan,"June 17, 2021",2015,,
Black Summer,,"June 17, 2021",2021,"Canada, United States",
Elite Short Stories: Carla Samuel,,"June 17, 2021",2021,,
Fan Girl,Antoinette Jadaone,"June 17, 2021",2020,Philippines,
Katla,,"June 17, 2021",2021,Iceland,
Record of Ragnarok,,"June 17, 2021",2021,,
Red Snow,Marie Clements,"June 17, 2021",2019,Canada,
Silver Linings Playbook,David O. Russell,"June 17, 2021",2012,United States,
The Gift,,"June 17, 2021",2021,Turkey,
A Man For The Week End,Achille Brice,"June 16, 2021",2018,,
Biking Borders,Max Jabs,"June 16, 2021",2019,Germany,
Elite Short Stories: Omar Ander Alexis,,"June 16, 2021",2021,,
Let's Eat,Sarawut Wichiensarn,"June 16, 2021",2021,,
Lowriders,Ricardo de Montreuil,"June 16, 2021",2016,United States,
Millennials,,"June 16, 2021",2020,Argentina,
Penguin Town,,"June 16, 2021",2021,,
Security,Peter Chelsom,"June 16, 2021",2021,Italy,
Silver Skates,Michael Lockshin,"June 16, 2021",2020,,
Avengers Climate Conundrum,,"June 15, 2021",2020,United States,
Beyond Evil,,"June 15, 2021",2021,,
Elite Short Stories: Nadia Guzmán,,"June 15, 2021",2021,,
FTA,Francine Parker,"June 15, 2021",1972,United States,
Headspace: Unwind Your Mind,,"June 15, 2021",2021,,
Life of Crime,Daniel Schechter,"June 15, 2021",2013,United States,
Power Rangers Dino Fury,,"June 15, 2021",2021,United States,
Rhyme Time Town,,"June 15, 2021",2021,,
Rogue Warfare: Death of a Nation,Mike Gunther,"June 15, 2021",2020,United States,
Sir! No Sir!,David Zeiger,"June 15, 2021",2005,United States,
The American Bible Challenge,Michael Simon,"June 15, 2021",2014,United States,
The Reason I Jump,Jerry Rothwell,"June 15, 2021",2021,"United States, United Kingdom",
Elite Short Stories: Guzmán Caye Rebe,,"June 14, 2021",2021,,
Metallica: Some Kind of Monster,"Joe Berlinger, Bruce Sinofsky","June 13, 2021",2014,United States,
Picture a Scientist,"Ian Cheney, Sharon Shattuck","June 13, 2021",2020,United States,
The Devil Below,Bradley Parker,"June 13, 2021",2021,United States,
Bling Empire - The Afterparty,,"June 12, 2021",2021,,
Cobra Kai - The Afterparty,,"June 12, 2021",2021,,
Love (ft. Marriage and Divorce),,"June 12, 2021",2021,South Korea,
To All the Boys: Always and Forever - The Afterparty,,"June 12, 2021",2021,,
LEGO Friends: The Power of Friendship,,"June 11, 2021",2016,Denmark,
Lupin,,"June 11, 2021",2021,"France, United States",
Sarbath,Prabhakaran,"June 11, 2021",2021,India,
Skater Girl,Manjari Makijany,"June 11, 2021",2021,"United States, India",
Trese,Jay Oliva,"June 11, 2021",2021,"Philippines, Singapore, Indonesia",
Trese After Dark,,"June 11, 2021",2021,,
Wish Dragon,Chris Appelhans,"June 11, 2021",2021,"China, United States, Canada",
A Haunted House 2,Michael Tiddes,"June 10, 2021",2014,United States,
Blind Intersections,Lara Saba,"June 10, 2021",2012,"Lebanon, United Arab Emirates",
Camellia Sisters,"Bao Nhan, Namcito","June 10, 2021",2021,Vietnam,
Copenhagen,Mark Raso,"June 10, 2021",2014,"Canada, United States, Denmark",
Locombianos,,"June 10, 2021",2021,Colombia,
Until Midnight,Tariq Alkazim,"June 10, 2021",2019,United Arab Emirates,
Awake,Mark Raso,"June 9, 2021",2021,United States,
Confusion Na Wa,Kenneth Gyang,"June 9, 2021",2013,Nigeria,
"Fresh, Fried & Crispy",,"June 9, 2021",2021,United States,
L.A.’s Finest,,"June 9, 2021",2021,United States,
Tragic Jungle,Yulene Olaizola,"June 9, 2021",2021,"Mexico, France, Colombia",
Guru Aur Bhole,,"June 8, 2021",2018,,
Vampire Academy,Mark Waters,"June 7, 2021",2014,"United States, United Kingdom",
"Newly Rich, Newly Poor",,"June 6, 2021",2007,Colombia,
A Private War,Matthew Heineman,"June 5, 2021",2018,"United Kingdom, United States",
Kitty Love: An Homage to Cats,,"June 5, 2021",2021,Netherlands,
Small Chops,Robert Peters,"June 5, 2021",2020,Nigeria,
Breaking Boundaries: The Science Of Our Planet,Jonathan Clay,"June 4, 2021",2021,United States,
Feel Good,Ally Pankiw,"June 4, 2021",2021,United Kingdom,
Fireplace 4K: Classic Crackling Fireplace from Fireplace for Your Home,George Ford,"June 4, 2021",2015,,
Fireplace 4K: Crackling Birchwood from Fireplace for Your Home,George Ford,"June 4, 2021",2015,,
Human: The World Within,,"June 4, 2021",2021,,
Sweet & Sour,Lee Kae-byeok,"June 4, 2021",2021,South Korea,
Sweet Tooth,,"June 4, 2021",2021,United States,
Trippin' with the Kandasamys,Jayan Moodley,"June 4, 2021",2021,South Africa,
Xtreme,Daniel Benmayor,"June 4, 2021",2021,Spain,
Alan Saldaña: Locked Up,Alex Díaz,"June 3, 2021",2021,Mexico,
Creator's File: GOLD,,"June 3, 2021",2021,Japan,
Dancing Queens,Helena Bergström,"June 3, 2021",2021,Sweden,
From Stress to Happiness,"Alejandro De Grazia, Juan Stadler","June 3, 2021",2020,Argentina,
Myriam Fares: The Journey,Myriam Fares,"June 3, 2021",2021,United Arab Emirates,
Pretty Guardian Sailor Moon Eternal The Movie,Chiaki Kon,"June 3, 2021",2021,,
Summertime,,"June 3, 2021",2021,Italy,
The Girl and the Gun,Rae Red,"June 3, 2021",2019,Philippines,
2 Hearts,Lance Hool,"June 2, 2021",2020,United States,
A Perfect Ending,Nicole Conn,"June 2, 2021",2012,United States,
American Outlaws,Les Mayfield,"June 2, 2021",2001,United States,
And Then Came Lola,"Ellen Seidler, Megan Siler","June 2, 2021",2009,United States,
Attack on Titan,,"June 2, 2021",2013,Japan,
Battlefield Earth,Roger Christian,"June 2, 2021",2000,United States,
Ben & Holly's Little Kingdom,,"June 2, 2021",2019,United Kingdom,
Black Holes | The Edge of All We Know,Peter Galison,"June 2, 2021",2021,,
Bliss,Lance Young,"June 2, 2021",1997,"Canada, United States",
Carnaval,Leandro Neri,"June 2, 2021",2021,Brazil,
Cloudburst,Thom Fitzgerald,"June 2, 2021",2011,"United States, Canada",
Cocomelon,,"June 2, 2021",2021,United States,
Company of Heroes,Don Michael Paul,"June 2, 2021",2013,United States,
Cradle 2 the Grave,Andrzej Bartkowiak,"June 2, 2021",2003,United States,
Domestic Disturbance,Harold Becker,"June 2, 2021",2001,United States,
Downton Abbey,,"June 2, 2021",2015,United Kingdom,
Dream/Killer,Andrew Jenks,"June 2, 2021",2015,United States,
Felon,Ric Roman Waugh,"June 2, 2021",2008,United States,
Flipped,Rob Reiner,"June 2, 2021",2010,United States,
Fools Rush In,Andy Tennant,"June 2, 2021",1997,United States,
Gold Statue,Tade Ogidan,"June 2, 2021",2019,Nigeria,
Happy Endings,,"June 2, 2021",2012,United States,
Hostel: Part III,Scott Spiegel,"June 2, 2021",2011,United States,
I Am Sam,Jessie Nelson,"June 2, 2021",2001,United States,
Love Jones,Theodore Witcher,"June 2, 2021",1997,United States,
Million Dollar Baby,Clint Eastwood,"June 2, 2021",2004,United States,
Mosquita y Mari,Aurora Guerrero,"June 2, 2021",2012,United States,
Never Back Down 2: The Beatdown,Michael Jai White,"June 2, 2021",2011,United States,
Ninja Assassin,James McTeigue,"June 2, 2021",2009,"Germany, United States, France",
Ouran High School Host Club,Takuya Igarashi,"June 2, 2021",2006,Japan,
Population 436,Michelle MacLaren,"June 2, 2021",2006,"Canada, United States",
Racket Boys,,"June 2, 2021",2021,,
Seven Souls in the Skull Castle: Season Moon Jogen,Hidenori Inoue,"June 2, 2021",2017,,
Seven Souls in the Skull Castle: Season Moon Kagen,Hidenori Inoue,"June 2, 2021",2017,,
Sniper: Legacy,Don Michael Paul,"June 2, 2021",2014,"United States, Bulgaria",
Starsky & Hutch,Todd Phillips,"June 2, 2021",2004,United States,
Streets of Fire,Walter Hill,"June 2, 2021",1984,United States,
Super Monsters: Once Upon a Rhyme,Steve Ball,"June 2, 2021",2021,,
Swordfish,Dominic Sena,"June 2, 2021",2001,United States,
The Adventures of Sonic the Hedgehog,,"June 2, 2021",1993,"United States, Canada",
The Four Seasons,Alan Alda,"June 2, 2021",1981,United States,
The Girl King,Mika Kaurismäki,"June 2, 2021",2015,,
The Interpreter,Sydney Pollack,"June 2, 2021",2005,"United Kingdom, France, Germany, United States",
The Meddler,Lorene Scafaria,"June 2, 2021",2015,United States,
The Mirror Has Two Faces,Barbra Streisand,"June 2, 2021",1996,United States,
The Outlaw Josey Wales,Clint Eastwood,"June 2, 2021",1976,United States,
The Platform,,"June 2, 2021",2021,United Arab Emirates,
The Wedding Guest,Michael Winterbottom,"June 2, 2021",2018,United Kingdom,
The Wind,Emma Tammi,"June 2, 2021",2019,United States,
Then Came You,Peter Hutchings,"June 2, 2021",2019,United States,
Welcome Home,George Ratliff,"June 2, 2021",2018,United States,
Dirty John,,"May 31, 2021",2020,United States,
Bo Burnham: Inside,Bo Burnham,"May 30, 2021",2021,United States,
One Lagos Night,Ekene Som Mekwunye,"May 29, 2021",2021,,
Collateral Beauty,David Frankel,"May 28, 2021",2016,United States,
Dog Gone Trouble,Kevin Johnson,"May 28, 2021",2021,,
The Kominsky Method,,"May 28, 2021",2021,United States,
The Least Expected Day: Inside the Movistar Team 2019,"José Larraza, Marc Pons","May 28, 2021",2021,,
Word of Honor,Gary Sing,"May 28, 2021",2021,,
Black Space,,"May 27, 2021",2021,Israel,
Blue Miracle,Julio Quintana,"May 27, 2021",2021,United States,
Eden,,"May 27, 2021",2021,,
Ghost Lab,Paween Purijitpanya,"May 27, 2021",2021,Thailand,
Ragnarok,,"May 27, 2021",2021,"Norway, Denmark",
Soy Rada: Serendipity,Pablo Faro,"May 27, 2021",2021,Argentina,
The Day I lost My Shadow,Soudade Kaadan,"May 27, 2021",2018,"Syria, France, Lebanon, Qatar",
Baggio: The Divine Ponytail,Letizia Lamartire,"May 26, 2021",2021,Italy,
Gatao - The Last Stray,Ray Jiang,"May 26, 2021",2021,,
High on the Hog: How African American Cuisine Transformed America,,"May 26, 2021",2021,,
JoJo's Bizarre Adventure,,"May 26, 2021",2016,Japan,
Nail Bomber: Manhunt,Daniel Vernon,"May 26, 2021",2021,,
A Place in the Stars,Steve Gukas,"May 25, 2021",2014,,
Home,Tim Johnson,"May 25, 2021",2015,United States,
Mad for Each Other,,"May 24, 2021",2021,,
Master of None,,"May 23, 2021",2021,United States,
Sam Smith: Love Goes - Live at Abbey Road Studios,,"May 22, 2021",2020,,
99 Songs,Vishwesh Krishnamoorthy,"May 21, 2021",2021,India,
99 Songs (Tamil),,"May 21, 2021",2021,,
99 Songs (Telugu),,"May 21, 2021",2021,,
Army of the Dead,Zack Snyder,"May 21, 2021",2021,United States,
Creating an Army of the Dead,,"May 21, 2021",2021,,
Jurassic World Camp Cretaceous,,"May 21, 2021",2021,United States,
Strain,Uduak-Obong Patrick,"May 21, 2021",2020,,
The Neighbor,,"May 21, 2021",2021,Spain,
678,Mohamed Diab,"May 20, 2021",2009,,
Asmaa,Amr Salama,"May 20, 2021",2011,Egypt,
Hating Peter Tatchell,Christopher Amos,"May 20, 2021",2020,Australia,
Little Singham Future mein Satakli,Prakash Satam,"May 20, 2021",2021,,
Special,,"May 20, 2021",2021,United States,
Spy Kids: All the Time in the World,Robert Rodriguez,"May 20, 2021",2011,United States,
Taxi No. 9211,Milan Luthria,"May 20, 2021",2006,,
Sabotage,David Ayer,"May 19, 2021",2014,United States,
Small Town Crime,"Eshom Nelms, Ian Nelms","May 19, 2021",2017,United States,
The Last Days,James Moll,"May 19, 2021",1998,United States,
The Magic School Bus,,"May 19, 2021",1997,"Canada, United States",
Who Killed Sara?,,"May 19, 2021",2021,Mexico,
Amy Tan: Unintended Memoir,James Redford,"May 18, 2021",2021,United States,
Sardar Ka Grandson,Kaashvie Nair,"May 18, 2021",2021,India,
Sleight,J.D. Dillard,"May 16, 2021",2016,United States,
Ahaan,Nikhil Pherwani,"May 15, 2021",2021,India,
Booba: Food Puzzle,,"May 15, 2021",2021,United Kingdom,
Love or Money,Mae Czarina Cruz,"May 15, 2021",2020,,
Alma Matters,,"May 14, 2021",2021,India,
Cinema Bandi,Praveen Kandregula,"May 14, 2021",2021,India,
Ferry,Cecilia Verheyden,"May 14, 2021",2021,"Belgium, Netherlands",
Halston,Daniel Minahan,"May 14, 2021",2021,United States,
Haunted,,"May 14, 2021",2021,"United States, Czech Republic",
I Am All Girls,Donovan Marsh,"May 14, 2021",2021,South Africa,
Jungle Beat: The Movie,Brent Dawes,"May 14, 2021",2021,Mauritius,
"Love, Death & Robots",,"May 14, 2021",2021,United States,
Move to Heaven,,"May 14, 2021",2021,South Korea,
Table Manners,Leli Maki,"May 14, 2021",2018,"Canada, South Africa",
The Mystic River,Uzodinma Okpechi,"May 14, 2021",2020,,
The Strange House,Daniel Prochaska,"May 14, 2021",2020,Austria,
The Upshaws - The Afterparty,,"May 14, 2021",2021,,
The Woman in the Window,Joe Wright,"May 14, 2021",2021,United States,
Castlevania,,"May 13, 2021",2021,United States,
Layer Cake,Matthew Vaughn,"May 13, 2021",2004,United Kingdom,
Tottaa Pataaka Item Maal,Aditya Kripalani,"May 13, 2021",2018,India,
Wave of Cinema: Filosofi Kopi,Adriano Rudiman,"May 13, 2021",2020,,
Dance of the Forty One,David Pablos,"May 12, 2021",2021,"Mexico, Brazil",
Oxygen,Alexandre Aja,"May 12, 2021",2021,"France, United States",
The Upshaws,,"May 12, 2021",2021,United States,
Use For My Talent,Cai Cong,"May 12, 2021",2021,,
Dear Affy,Samuel Olatunji,"May 11, 2021",2020,,
Illegal Woman,Ramon Térmens,"May 11, 2021",2020,Spain,
"Money, Explained",,"May 11, 2021",2021,United States,
Deadly Switch,Svetlana Cvetko,"May 10, 2021",2019,United States,
Mine,,"May 9, 2021",2021,South Korea,
Nayattu,Martin Prakkat,"May 9, 2021",2021,India,
Sleepless,Baran bo Odar,"May 8, 2021",2017,United States,
Super Me,Zhang Chong,"May 8, 2021",2021,China,
Have You Ever Seen Fireflies? - Theatre Play,Yılmaz Erdoğan,"May 7, 2021",1999,Turkey,
In Our Mothers' Gardens,Shantrelle P. Lewis,"May 7, 2021",2020,United States,
Jupiter's Legacy,,"May 7, 2021",2021,United States,
Milestone,Ivan Ayr,"May 7, 2021",2021,India,
Monster,Anthony Mandler,"May 7, 2021",2021,United States,
Sab Jholmaal Hai,Vijay Roche,"May 7, 2021",2017,India,
The Circle - The Afterparty,,"May 7, 2021",2021,,
Time to Dance,Stanley Menino D'Costa,"May 7, 2021",2020,India,
Unrest,Jennifer Brea,"May 7, 2021",2017,"United Kingdom, United States",
And Tomorrow the Entire World,Julia von Heinz,"May 6, 2021",2020,"Germany, France",
Dead Man Down,Niels Arden Oplev,"May 6, 2021",2013,United States,
Framing John DeLorean,"Don Argott, Sheena M. Joyce","May 5, 2021",2019,United States,
Lava Ka Dhaava,,"May 5, 2021",2021,India,
The Sons of Sam: A Descent into Darkness,Joshua Zeman,"May 5, 2021",2021,United States,
Selena: The Series,,"May 4, 2021",2020,"Mexico, United States",
StartUp,,"May 4, 2021",2018,United States,
The Clovehitch Killer,Duncan Skiles,"May 4, 2021",2018,United States,
Trash Truck,,"May 4, 2021",2021,,
Aliens Stole My Body,Sean McNamara,"May 1, 2021",2020,United States,
Angelina Ballerina,,"May 1, 2021",2010,,
Au coeur des gangs,Vondie Curtis-Hall,"May 1, 2021",2006,United States,
Barney and Friends,,"May 1, 2021",2010,,
Best of the Best,Robert Radler,"May 1, 2021",1989,United States,
Dead Again in Tombstone,Roel Reiné,"May 1, 2021",2017,,
Due Date,Todd Phillips,"May 1, 2021",2010,United States,
Fun with Dick & Jane,Dean Parisot,"May 1, 2021",2005,United States,
Green Zone,Paul Greengrass,"May 1, 2021",2010,"United Kingdom, France, Spain, United States",
Hachi: A Dog's Tale,Lasse Hallström,"May 1, 2021",2009,"United Kingdom, United States",
JT LeRoy,Justin Kelly,"May 1, 2021",2018,"United Kingdom, Canada, United States",
Madagascar 3: Europe's Most Wanted,"Eric Darnell, Tom McGrath, Conrad Vernon","May 1, 2021",2012,United States,
Miniforce: Super Dino Power,,"May 1, 2021",2020,,
Motu Patlu in Dragon's World,Suhas Kadav,"May 1, 2021",2017,,
Motu Patlu in the Game of Zones,Suhas Kadav,"May 1, 2021",2019,,
Motu Patlu in Wonderland,Suhas Kadav,"May 1, 2021",2013,,
Motu Patlu: Deep Sea Adventure,Suhas Kadav,"May 1, 2021",2014,,
Motu Patlu: Mission Moon,Suhas Kadav,"May 1, 2021",2013,,
Mystic River,Clint Eastwood,"May 1, 2021",2003,"United States, Australia",
Never Back Down,Jeff Wadlow,"May 1, 2021",2008,United States,
S.M.A.R.T Chase,Charles Martin,"May 1, 2021",2018,China,
Sitting in Limbo,Stella Corradi,"May 1, 2021",2020,United Kingdom,
Stargate,Roland Emmerich,"May 1, 2021",1994,"United States, France",
State of Play,Kevin Macdonald,"May 1, 2021",2009,"United States, United Kingdom, France",
Swiped,Ann Deborah Fishman,"May 1, 2021",2018,United States,
The Darkest Hour,Chris Gorak,"May 1, 2021",2011,"United States, Russia",
The Lovely Bones,Peter Jackson,"May 1, 2021",2009,"United States, United Kingdom, New Zealand",
The Sweetest Thing,Roger Kumble,"May 1, 2021",2002,United States,
The Whole Nine Yards,Jonathan Lynn,"May 1, 2021",2000,United States,
The Whole Truth,Courtney Hunt,"May 1, 2021",2016,United States,
The Yeti Adventures,"Pierre Greco, Nancy Florence Savard","May 1, 2021",2018,Canada,
Under Siege,Andrew Davis,"May 1, 2021",1992,"France, United States",
Zack and Miri Make a Porno,Kevin Smith,"May 1, 2021",2008,United States,
Pet Stars,,"April 30, 2021",2021,,
Seven,Tosin Igho,"April 30, 2021",2019,,
The Disciple,Chaitanya Tamhane,"April 30, 2021",2021,India,
The Innocent,Oriol Paulo,"April 30, 2021",2021,,
The Mitchells vs. The Machines,"Mike Rianda, Jeff Rowe","April 30, 2021",2021,,
The Strangers: Prey at Night,Johannes Roberts,"April 30, 2021",2018,"United States, United Kingdom",
The Unremarkable Juanquini,,"April 30, 2021",2021,,
Things Heard & Seen,"Robert Pulcini, Shari Springer Berman","April 29, 2021",2021,,
Yasuke,,"April 29, 2021",2021,,
Get the Grift,Pedro Antonio,"April 28, 2021",2021,Brazil,
Headspace Guide to Sleep,,"April 28, 2021",2021,,
Sexify,,"April 28, 2021",2021,Poland,
August: Osage County,John Wells,"April 27, 2021",2014,United States,
Battle: Los Angeles,Jonathan Liebesman,"April 27, 2021",2011,United States,
Between Worlds,Maria Pulera,"April 27, 2021",2018,Spain,
Fatma,,"April 27, 2021",2021,Turkey,
One,Santhosh Viswanath,"April 27, 2021",2020,India,
Ram Prasad Ki Tehrvi,Seema Pahwa,"April 24, 2021",2019,India,
Shadow and Bone - The Afterparty,,"April 24, 2021",2021,United States,
Among Family,Ozan Açıktan,"April 23, 2021",2017,Turkey,
Dedemin Fisi,Meltem Bozoflu,"April 23, 2021",2016,Turkey,
Deliha,Hakan Algül,"April 23, 2021",2014,Turkey,
Düğün Dernek,"Selçuk Aydemir, Birkan Pusa","April 23, 2021",2013,Turkey,
Dügün Dernek 2: Sünnet,Selçuk Aydemir,"April 23, 2021",2015,Turkey,
G.O.R.A,Ömer Faruk Sorak,"April 23, 2021",2004,Turkey,
Hayat Öpücügü,Şenol Sönmez,"April 23, 2021",2015,Turkey,
Heroes: Silence and Rock & Roll,Alexis Morante,"April 23, 2021",2021,Spain,
Kara Bela,Burak Aksak,"April 23, 2021",2015,Turkey,
Kocan Kadar Konus,Kıvanç Baruönü,"April 23, 2021",2015,Turkey,
Kocan Kadar Konus 2: Dirilis,Kıvanç Baruönü,"April 23, 2021",2016,Turkey,
Legal Hash,Rindala Kodeih,"April 23, 2021",2019,,
Let's Fight Ghost,Kongkiat Khomsiri,"April 23, 2021",2021,Thailand,
My Travel Buddy,Bedran Güzel,"April 23, 2021",2017,Turkey,
Niyazi Gül Dörtnala,Hakan Algül,"April 23, 2021",2015,Turkey,
One Like It,Marwan Nabil,"April 23, 2021",2020,Egypt,
Perfume Imaginary Museum “Time Warp”,"MIKIKO, Daito Manabe","April 23, 2021",2020,,
Shadow and Bone,,"April 23, 2021",2021,United States,
This Lady Called Life,Kayode Kasum,"April 23, 2021",2020,Nigeria,
Vizontele,"Yılmaz Erdoğan, Ömer Faruk Sorak","April 23, 2021",2001,Turkey,
HOMUNCULUS,Takashi Shimizu,"April 22, 2021",2021,Japan,
Life in Color with David Attenborough,,"April 22, 2021",2021,"Australia, United Kingdom",
Searching For Sheela,,"April 22, 2021",2021,India,
Stowaway,Joe Penna,"April 22, 2021",2021,"Germany, United States",
Wild Dog,Ahishor Solomon,"April 22, 2021",2020,,
Oloibiri,Curtis Graham,"April 21, 2021",2015,"Canada, Nigeria, United States",
Tell Me When,Gerardo Gatica,"April 21, 2021",2021,Mexico,
Zero,,"April 21, 2021",2021,Italy,
Izzy's Koala World,,"April 20, 2021",2021,Australia,
Keymon and Nani in Space Adventure,,"April 20, 2021",2013,,
Motu Patlu Dino Invasion,Suhas Kadav,"April 20, 2021",2018,,
Motu Patlu in Octupus World,Suhas Kadav,"April 20, 2021",2017,,
Motu Patlu VS Robo Kids,Suhas Kadav,"April 20, 2021",2019,,
Rudra: Secret of the Black Moon,"Akshay Sanjeev Chavan, Sumit Das","April 20, 2021",2020,,
Rudra: The Rise of King Pharaoh,,"April 20, 2021",2019,,
Free to Play,,"April 19, 2021",2014,United States,
Luis Miguel - The Series,,"April 19, 2021",2021,Mexico,
Miss Sloane,John Madden,"April 19, 2021",2016,"France, United States, United Kingdom, Canada",
PJ Masks,,"April 19, 2021",2019,"France, United Kingdom",
American Me,Edward James Olmos,"April 17, 2021",1992,United States,
Delhi Belly,Abhinay Deo,"April 17, 2021",2011,India,
Dhobi Ghat (Mumbai Diaries),Kiran Rao,"April 17, 2021",2010,India,
Jaane Tu... Ya Jaane Na,Abbas Tyrewala,"April 17, 2021",2008,India,
Lagaan,Ashutosh Gowariker,"April 17, 2021",2001,"India, United Kingdom",
Madness in the Desert,Satyajit Bhatkal,"April 17, 2021",2004,India,
Peepli Live,"Anusha Rizvi, Mahmood Farooqui","April 17, 2021",2010,India,
Taare Zameen Par,Aamir Khan,"April 17, 2021",2007,India,
Ajeeb Daastaans,"Shashank Khaitan, Raj Mehta, Neeraj Ghaywan, Kayoze Irani","April 16, 2021",2021,India,
Arlo the Alligator Boy,Ryan Crego,"April 16, 2021",2021,United States,
Bakugan: Geogan Rising,,"April 16, 2021",2021,,
Barbie & Chelsea: The Lost Birthday,Cassi Simonds,"April 16, 2021",2021,United States,
Crimson Peak,Guillermo del Toro,"April 16, 2021",2015,"Canada, United States, Mexico",
Dad Stop Embarrassing Me - The Afterparty,,"April 16, 2021",2021,,
Doctor Bello,Tony Abulu,"April 16, 2021",2013,United States,
Four Sisters Before the Wedding,Mae Czarina Cruz,"April 16, 2021",2020,Philippines,
Into the Beat,Stefan Westerwelle,"April 16, 2021",2020,Germany,
Love Naggers,,"April 16, 2021",2021,South Korea,
Rush,Ron Howard,"April 16, 2021",2013,"United Kingdom, Germany, United States",
Synchronic,"Justin Benson, Aaron Moorhead","April 16, 2021",2020,United States,
The Zookeeper's Wife,Niki Caro,"April 16, 2021",2017,"Czech Republic, United Kingdom, United States",
Time Trap,"Mark Dennis, Ben Foster","April 16, 2021",2017,United States,
Tuesdays & Fridays,Taranveer Singh,"April 16, 2021",2021,India,
Dancing Angels,,"April 15, 2021",2016,,
Dark City Beneath the Beat,TT The Artist,"April 15, 2021",2020,United States,
Durarara!!,,"April 15, 2021",2016,Japan,
GANTZ:O,"Keiichi Sato, Yasushi Kawamura","April 15, 2021",2016,Japan,
Garth Brooks: The Road I’m On,Glenn Weiss,"April 15, 2021",2019,United States,
Gilmore Girls,,"April 15, 2021",2006,United States,
High-Rise Invasion,,"April 15, 2021",2021,Japan,
Next in Fashion,,"April 15, 2021",2020,United States,
Only Mine,Michael Civille,"April 15, 2021",2019,United States,
Peasants Rebellion,,"April 15, 2021",2018,Lebanon,
Power Players,,"April 15, 2021",2020,"United States, France",
Ricky Zoom,,"April 15, 2021",2019,"China, United Kingdom",
Ride or Die,Ryuichi Hiroki,"April 15, 2021",2021,Japan,
Sonic X,,"April 15, 2021",2003,Japan,
The Master,Paul Thomas Anderson,"April 15, 2021",2012,United States,
Time Is Illmatic,One9,"April 15, 2021",2014,United States,
Wave of Cinema: One Day We'll Talk About Today,Adriano Rudiman,"April 15, 2021",2020,,
Zoot Suit,Luis Valdez,"April 15, 2021",1981,United States,
Ajaibnya Cinta,,"April 14, 2021",2015,,
Dad Stop Embarrassing Me!,,"April 14, 2021",2021,United States,
Fate: The Winx Saga,,"April 14, 2021",2021,"Italy, United Kingdom",
House of Cards,,"April 14, 2021",2018,United States,
Indian Matchmaking,,"April 14, 2021",2020,"United States, India",
Jeffrey Epstein: Filthy Rich,,"April 14, 2021",2020,United States,
Law School,,"April 14, 2021",2021,South Korea,
Living with Yourself,,"April 14, 2021",2019,United States,
Signal,,"April 14, 2021",2016,South Korea,
Slasher,,"April 14, 2021",2019,Canada,
The Soul,Cheng Wei-hao,"April 14, 2021",2021,"China, Taiwan",
The Underclass,Pass Patthanakumjon,"April 14, 2021",2020,Thailand,
Unnatural Selection,,"April 14, 2021",2019,United States,
Uppena,Buchi Babu Sana,"April 14, 2021",2020,India,
Why Did You Kill Me?,Fredrick Munk,"April 14, 2021",2021,United States,
Motu Patlu in Hong Kong: Kung Fu Kings 3,Suhas Kadav,"April 13, 2021",2017,,
Motu Patlu in the City of Gold,Suhas Kadav,"April 13, 2021",2018,,
Motu Patlu Kung Fu Kings 4 The Challenge of Kung Fu Brothers,Suhas Kadav,"April 13, 2021",2018,,
Motu Patlu the Superheroes – Super Villains from Mars,Suhas Kadav,"April 13, 2021",2019,,
My Love: Six Stories of True Love,"Moyoung Jin, Caroline Sá, Deepti Kakkar, Fahad Mustafa, Hikaru Toda, Chico Pereira, Elaine McMillion Sheldon","April 13, 2021",2021,"United States, Brazil, Japan, Spain, India",
Shiva VS Autobots,Suhas Kadav,"April 13, 2021",2018,,
Shiva: Journey to Plunotaria,Suhas Kadav,"April 13, 2021",2019,,
Shiva: The Secret World Of Vedas City,Suhas Kadav,"April 13, 2021",2017,,
The Baker and the Beauty,,"April 13, 2021",2020,"Israel, United States",
New Gods: Nezha Reborn,Zhao Ji,"April 12, 2021",2021,China,
"Nicky, Ricky, Dicky & Dawn",,"April 12, 2021",2018,United States,
Don't be the First one,,"April 11, 2021",2021,,
The Stand-In,Jamie Babbit,"April 10, 2021",2020,United States,
Heaven Official's Blessing,,"April 9, 2021",2020,China,
Night in Paradise,Park Hoon-jung,"April 9, 2021",2021,South Korea,
Ojukokoro: Greed,Dare Olaitan,"April 9, 2021",2016,Nigeria,
Roohi,Hardik Mehta,"April 9, 2021",2021,India,
Thunder Force,Ben Falcone,"April 9, 2021",2021,United States,
Two Distant Strangers,"Travon Free, Martin Desmond Roe","April 9, 2021",2021,United States,
Story of Kale: When Someone's in Love,Angga Dwimas Sasongko,"April 8, 2021",2020,Indonesia,
The Way of the Househusband,,"April 8, 2021",2021,Japan,
Dolly Parton: A MusiCares Tribute,,"April 7, 2021",2021,,
The Big Day,,"April 7, 2021",2021,India,
The Wedding Coach,,"April 7, 2021",2021,,
This Is a Robbery: The World's Biggest Art Heist,,"April 7, 2021",2021,,
The Last Kids on Earth: Happy Apocalypse to You,Steve Rolston,"April 6, 2021",2021,,
Coded Bias,Shalini Kantayya,"April 5, 2021",2020,"United States, China, United Kingdom",
Mandela,Madonne Ashwin,"April 5, 2021",2021,India,
The Fisherman's Diary,Enah Johnscott,"April 4, 2021",2020,Cameroon,
What Lies Below,Braden R. Duemmler,"April 4, 2021",2020,United States,
Escape from Planet Earth,Cal Brunker,"April 3, 2021",2013,"United States, Canada",
Accepted,Steve Pink,"April 2, 2021",2006,United States,
Air Strike,Xiao Feng,"April 2, 2021",2018,China,
An American Girl: McKenna Shoots for the Stars,Vince Marcello,"April 2, 2021",2012,"United States, Canada",
Concrete Cowboy,Ricky Staub,"April 2, 2021",2021,"United Kingdom, United States",
Cross: Rise of the Villains,"Patrick Durham, Paul G. Volk","April 2, 2021",2019,United States,
God Calling,BB Sasore,"April 2, 2021",2018,Nigeria,
Irul,Naseef Yusuf Izuddin,"April 2, 2021",2021,India,
Just Say Yes,"Appie Boudellah, Aram van de Rest","April 2, 2021",2021,Netherlands,
Madame Claude,Sylvie Verheyde,"April 2, 2021",2021,France,
Wild Child,Nick Moore,"April 2, 2021",2008,"United States, United Kingdom, France",
Woody Woodpecker,Alex Zamm,"April 2, 2021",2017,United States,
2012,Roland Emmerich,"April 1, 2021",2009,United States,
3 Idiots,Rajkumar Hirani,"April 1, 2021",2009,India,
Ferrari Ki Sawaari,Rajesh Mapuskar,"April 1, 2021",2012,India,
Glimpses of a Future,,"April 1, 2021",2020,,
Ibrahim a Fate to Define,Lina Al Abed,"April 1, 2021",2019,"Lebanon, Palestine, Denmark, Qatar",
Insidious,James Wan,"April 1, 2021",2010,"United States, Canada",
Into the Grizzly Maze,David Hackl,"April 1, 2021",2015,"United States, Canada",
Kingsglaive: Final Fantasy XV,Takeshi Nozue,"April 1, 2021",2016,"Japan, United States",
Legally Blonde,Robert Luketic,"April 1, 2021",2001,United States,
Madam Chief Minister,Subhash Kapoor,"April 1, 2021",2020,India,
Magical Andes,,"April 1, 2021",2021,"Uruguay, Germany",
Maximum Risk,Ringo Lam,"April 1, 2021",1996,United States,
Murder Maps,,"April 1, 2021",2017,United Kingdom,
My Fair Lady,George Cukor,"April 1, 2021",1964,United States,
Prank Encounters,,"April 1, 2021",2021,United States,
S.W.A.T.: Under Siege,Tony Giglio,"April 1, 2021",2017,United States,
Secrets of Great British Castles,,"April 1, 2021",2016,United Kingdom,
Seven Souls in the Skull Castle: Season Bird,Hidenori Inoue,"April 1, 2021",2017,,
Seven Souls in the Skull Castle: Season Flower,Hidenori Inoue,"April 1, 2021",2017,Japan,
Seven Souls in the Skull Castle: Season Wind,Hidenori Inoue,"April 1, 2021",2017,,
Sniper: Ghost Shooter,Don Michael Paul,"April 1, 2021",2016,United States,
Starship Troopers: Traitor of Mars,"Shinji Aramaki, Masaru Matsumoto","April 1, 2021",2017,"United States, Japan",
Takers,John Luessenhop,"April 1, 2021",2010,United States,
Tersanjung the Movie,"Hanung Bramantyo, Pandu Adjisurya","April 1, 2021",2021,Indonesia,
The Knight and the Princess,Bashir El Deek,"April 1, 2021",2019,"Egypt, Saudi Arabia",
The Pianist,Roman Polański,"April 1, 2021",2002,"United Kingdom, France, Poland, Germany, United States",
The Stepfather,Nelson McCormick,"April 1, 2021",2009,United States,
Universal Soldier: The Return,Mic Rodgers,"April 1, 2021",1999,United States,
Wazir,Bejoy Nambiar,"April 1, 2021",2016,India,
White Boy,Shawn Rech,"April 1, 2021",2017,United States,
Worn Stories,,"April 1, 2021",2021,United States,
Yes Man,Peyton Reed,"April 1, 2021",2008,"United States, United Kingdom",
At Eternity's Gate,Julian Schnabel,"March 31, 2021",2018,"Ireland, Switzerland, United Kingdom, France, United States",
Haunted: Latin America,Adrián García Bogliano,"March 31, 2021",2021,"United States, Mexico",
Not a Game,Jose Gomez,"March 31, 2021",2020,United Kingdom,
Robocar Poli,,"March 31, 2021",2015,South Korea,
Yu-Gi-Oh!,,"March 31, 2021",2005,Japan,
7 Yards: The Chris Norton Story,Jonathon Link,"March 30, 2021",2021,United States,
Octonauts & the Ring of Fire,Blair Simmons,"March 30, 2021",2021,"China, United Kingdom",
Rainbow High,,"March 30, 2021",2020,United States,
Mandela: Long Walk to Freedom,Justin Chadwick,"March 29, 2021",2013,"United Kingdom, South Africa, France",
Lawless,John Hillcoat,"March 28, 2021",2012,United States,
Marked,Nadine Ibrahim,"March 28, 2021",2021,Nigeria,
A Week Away,Roman White,"March 26, 2021",2021,United States,
Bad Trip,,"March 26, 2021",2021,United States,
Big Time Rush,,"March 26, 2021",2013,United States,
Black Is Beltza,Fermín Muguruza,"March 26, 2021",2018,,
Croupier,Mike Hodges,"March 26, 2021",1998,"Ireland, United Kingdom, France, Germany",
Elizabeth and Margaret: Love and Loyalty,,"March 26, 2021",2020,United Kingdom,
Keeping the Bees,Eylem Kaftan,"March 26, 2021",2020,Turkey,
Magic for Humans Spain,,"March 26, 2021",2021,Spain,
Ni de coña,Fernando Ayllón,"March 26, 2021",2020,Spain,
Pagglait,Umesh Bist,"March 26, 2021",2021,India,
The Irregulars,,"March 26, 2021",2021,United Kingdom,
Caught by a Wave,Massimiliano Camaiti,"March 25, 2021",2021,Italy,
DOTA: Dragon's Blood,,"March 25, 2021",2021,United States,
Pui Pui Molcar,,"March 25, 2021",2021,Japan,
Secret Magic Control Agency,Aleksey Tsitsilin,"March 25, 2021",2021,"Russia, United States",
Seaspiracy,Ali Tabrizi,"March 24, 2021",2021,United States,
Loyiso Gola: Unlearning,Kagiso Lediga,"March 23, 2021",2021,South Africa,
Men on a Mission,Jung-ah Im,"March 23, 2021",2021,South Korea,
Navillera,,"March 23, 2021",2021,South Korea,
Philomena,Stephen Frears,"March 22, 2021",2013,"United Kingdom, United States, France",
Any Crybabies Around?,Takuma Sato,"March 20, 2021",2020,Japan,
Hospital,Brody Chu,"March 20, 2021",2020,Taiwan,
Jiu Jitsu,Dimitri Logothetis,"March 20, 2021",2020,United States,
Mighty Morphin Power Rangers,,"March 20, 2021",2010,"United States, Japan",
Alien TV,,"March 19, 2021",2021,,
Country Comfort,,"March 19, 2021",2021,United States,
Formula 1: Drive to Survive,,"March 19, 2021",2021,United Kingdom,
Reframe THEATER EXPERIENCE with you,Taketoshi Sado,"March 19, 2021",2020,,
The Yin Yang Master,Li Weiran,"March 19, 2021",2021,China,
Who's the Boss,Chinaza Onuzo,"March 19, 2021",2020,Nigeria,
B: The Beginning,,"March 18, 2021",2021,Japan,
Deadly Illusions,Anna Elizabeth James,"March 18, 2021",2021,United States,
Get the Goat,Vitor Brandt,"March 18, 2021",2021,Brazil,
Nate Bargatze: The Greatest Average American,Troy Miller,"March 18, 2021",2021,United States,
Skylines,Liam O'Donnell,"March 18, 2021",2020,"United Kingdom, United States",
The Fluffy Movie,"Manny Rodriguez, Jay Lavender","March 18, 2021",2014,United States,
The Present,Farah Nabulsi,"March 18, 2021",2020,"United Kingdom,",
Wave of Cinema: 90's Generation,Adriano Rudiman,"March 18, 2021",2020,,
Catch.er,Walter Taylaur,"March 17, 2021",2017,Nigeria,
Operation Varsity Blues: The College Admissions Scandal,Chris Smith,"March 17, 2021",2021,United States,
Under Suspicion: Uncovering the Wesphael Case,Alain Brunard,"March 17, 2021",2021,Belgium,
Get on Up,Tate Taylor,"March 16, 2021",2014,"United Kingdom, United States",
RebellComedy: Straight Outta the Zoo,Ladislaus Kiraly,"March 16, 2021",2021,Germany,
Savages,Oliver Stone,"March 16, 2021",2012,United States,
Waffles + Mochi,,"March 16, 2021",2021,United States,
Abla Fahita: Drama Queen,,"March 15, 2021",2021,Egypt,
C/O Kaadhal,Hemambar Jasti,"March 15, 2021",2021,India,
The BFG,Steven Spielberg,"March 15, 2021",2016,"United States, India, United Kingdom",
The Last Blockbuster,Taylor Morden,"March 15, 2021",2020,United States,
The Lost Pirate Kingdom,,"March 15, 2021",2021,"United States, United Kingdom",
Zero Chill,,"March 15, 2021",2021,United Kingdom,
Audrey,Helena Coan,"March 14, 2021",2020,,
Çarsi Pazar,Muharrem Gülmez,"March 12, 2021",2015,Turkey,
Just In Time,Dolapo Adeleke,"March 12, 2021",2020,Kenya,
Love Alarm,,"March 12, 2021",2021,South Korea,
Mucize,Mahsun Kırmızıgül,"March 12, 2021",2015,Turkey,
Paper Lives,Can Ulkay,"March 12, 2021",2021,Turkey,
Paradise PD,,"March 12, 2021",2021,United States,
Quiet,Luis Alejandro Pérez,"March 12, 2021",2020,,
Romantik Komedi,Ketche,"March 12, 2021",2010,Turkey,
Romantik Komedi 2: Bekarlığa Veda,Erol Özlevi,"March 12, 2021",2013,Turkey,
The One,,"March 12, 2021",2021,United Kingdom,
YES DAY,Miguel Arteta,"March 12, 2021",2021,United States,
You're Everything To Me,Tolga Örnek,"March 12, 2021",2016,Turkey,
Coven of Sisters,Pablo Agüero,"March 11, 2021",2021,"Spain, Argentina",
Generasi 90an: Melankolia,Mohammad Irfan Ramly,"March 11, 2021",2020,Indonesia,
The Block Island Sound,"Kevin McManus, Matthew McManus","March 11, 2021",2020,United States,
Dealer,"Ange Basterga, Nicolas Lopez","March 10, 2021",2021,France,
Last Chance U: Basketball,,"March 10, 2021",2021,,
Marriage or Mortgage,,"March 10, 2021",2021,,
The Houseboat,,"March 9, 2021",2021,Germany,
Bombay Begums,,"March 8, 2021",2021,India,
Bombay Rose,Gitanjali Rao,"March 8, 2021",2021,"India, United Kingdom, France, Qatar",
My Way,,"March 6, 2021",2015,Egypt,
Aelay,Halitha Shameem,"March 5, 2021",2021,India,
City of Ghosts,,"March 5, 2021",2021,United States,
Dogwashers,Carlos Moreno,"March 5, 2021",2021,Colombia,
Fate of Alakada,Kayode Kasum,"March 5, 2021",2020,Nigeria,
Nevenka: Breaking the Silence,Maribel Sánchez-Maroto,"March 5, 2021",2021,Spain,
Pokémon Journeys: The Series,,"March 5, 2021",2021,,
Sentinelle,Julien Leclercq,"March 5, 2021",2021,France,
Mariposa,Fajar Bustomi,"March 4, 2021",2020,Indonesia,
Pacific Rim: The Black,,"March 4, 2021",2021,"United States, Australia",
Parker,Taylor Hackford,"March 4, 2021",2013,United States,
Safe Haven,Lasse Hallström,"March 4, 2021",2013,United States,
Moxie,Amy Poehler,"March 3, 2021",2021,United States,
Murder Among the Mormons,"Jared Hess, Tyler Measom","March 3, 2021",2021,United States,
Black or White,Mike Binder,"March 2, 2021",2014,United States,
Indoo Ki Jawani,Abir Sengupta,"March 2, 2021",2020,India,
Word Party,,"March 2, 2021",2021,United States,
A Perfect Day For Arsenide,Sunny Lau,"March 1, 2021",2019,,
Banyuki,Hidenori Inoue,"March 1, 2021",2009,,
Biggie: I Got a Story to Tell,Emmett Malloy,"March 1, 2021",2021,United States,
Blanche Gardin: The All-Nighter,"Xavier Maingon, Marc-Antoine Hélard","March 1, 2021",2021,,
Connected,Milton Kremer,"March 1, 2021",2021,,
Dances with Wolves,Kevin Costner,"March 1, 2021",1990,"United States, United Kingdom",
How to Be Really Bad,Marco Petry,"March 1, 2021",2018,Germany,
LEGO Marvel Spider-Man: Vexed by Venom,"Andrew Duncan, Ken Cunningham","March 1, 2021",2019,United States,
Rain Man,Barry Levinson,"March 1, 2021",1988,United States,
Seven Souls in the Skull Castle 2011,Hidenori Inoue,"March 1, 2021",2011,,
Tenacious D in The Pick of Destiny,Liam Lynch,"March 1, 2021",2006,"United States, Germany",
TIGER & BUNNY,,"February 28, 2021",2011,Japan,
Bigfoot Family,"Jérémie Degruson, Ben Stassen","February 26, 2021",2021,"Belgium, France",
Captain Fantastic,Matt Ross,"February 26, 2021",2016,United States,
Crazy About Her,Dani de la Orden,"February 26, 2021",2021,Spain,
Fuga,Pablo Larraín,"February 26, 2021",2006,"Argentina, Chile",
Ginny & Georgia - The Afterparty,,"February 26, 2021",2021,,
No Escape,John Erick Dowdle,"February 26, 2021",2015,"United States, Thailand",
Our Idiot Brother,Jesse Peretz,"February 26, 2021",2011,United States,
The Girl on the Train,Ribhu Dasgupta,"February 26, 2021",2021,India,
Tony Manero,Pablo Larraín,"February 26, 2021",2008,"Chile, Brazil",
Who Am I,Baran bo Odar,"February 26, 2021",2014,Germany,
El final del paraíso,,"February 25, 2021",2019,"United States, Colombia",
Geez & Ann,Rizki Balki,"February 25, 2021",2021,Indonesia,
Sin senos sí hay paraíso,,"February 25, 2021",2018,"United States, Colombia",
The Last Bastion,,"February 25, 2021",2018,,
Age of Samurai: Battle for Japan,,"February 24, 2021",2021,United States,
"Blue, Painful, Fragile",Shunsuke Kariyama,"February 24, 2021",2020,Japan,
Canine Intervention,,"February 24, 2021",2021,United States,
Ginny & Georgia,,"February 24, 2021",2021,United States,
M8 - When Death Rescues Life,Jeferson De,"February 24, 2021",2019,,
Two Sentence Horror Stories,,"February 24, 2021",2021,United States,
Brian Regan: On the Rocks,Troy Miller,"February 23, 2021",2021,United States,
Made You Look: A True Story About Fake Art,Barry Avrich,"February 23, 2021",2020,Canada,
Pelé,"David Tryhorn, Ben Nicholas","February 23, 2021",2021,United Kingdom,
Red,Tirumala Kishore,"February 23, 2021",2021,India,
Zindagi in Short,,"February 22, 2021",2020,India,
The Conjuring,James Wan,"February 21, 2021",2013,United States,
The Conjuring 2,James Wan,"February 21, 2021",2016,"Canada, United States, United Kingdom",
Vincenzo,,"February 21, 2021",2021,South Korea,
Classmates Minus,Huang Hsin-Yao,"February 20, 2021",2020,Taiwan,
Fate: The Winx Saga - The Afterparty,,"February 20, 2021",2021,United Kingdom,
Operation Finale,Chris Weitz,"February 20, 2021",2018,United States,
Wave of Cinema: Surat dari Timur,Saron Sakina,"February 20, 2021",2020,,
I Care a Lot,J Blakeson,"February 19, 2021",2021,"United Kingdom, United States",
Love,Khalid Rahman,"February 19, 2021",2020,India,
Perú: Tesoro escondido,Luis Ara,"February 19, 2021",2017,Uruguay,
Pitta Kathalu,"Tharun Bhascker Dhaassyam, B. V. Nandini Reddy, Nag Ashwin, Sankalp Reddy","February 19, 2021",2021,India,
Tribes of Europa,,"February 19, 2021",2021,Germany,
Eeb Allay Ooo!,Prateek Vats,"February 18, 2021",2019,India,
"Hello, Me!",,"February 18, 2021",2021,South Korea,
No Escape Room,Alex Merkin,"February 18, 2021",2018,United States,
Sisyphus,,"February 18, 2021",2021,South Korea,
Thus Spoke Kishibe Rohan,,"February 18, 2021",2021,,
Amend: The Fight for America,,"February 17, 2021",2021,United States,
Behind Her Eyes,,"February 17, 2021",2021,United Kingdom,
MeatEater,,"February 17, 2021",2021,United States,
The Most Unknown,Ian Cheney,"February 17, 2021",2018,United States,
Animals on the Loose: A You vs. Wild Movie,Ben Simms,"February 16, 2021",2021,United States,
Awara Paagal Deewana,Vikram Bhatt,"February 16, 2021",2002,India,
Good Girls,,"February 16, 2021",2020,United States,
The Resurrection of Gavin Stone,Dallas Jenkins,"February 16, 2021",2017,United States,
Booba,,"February 15, 2021",2021,United Kingdom,
"My Teacher, My Obsession",Damián Romay,"February 15, 2021",2018,United States,
The Crew,,"February 15, 2021",2021,United States,
Namaste Wahala,Hamisha Daryani Ahuja,"February 14, 2021",2021,Nigeria,
Monsoon,Hong Khaou,"February 13, 2021",2020,United Kingdom,
Buried by the Bernards,,"February 12, 2021",2021,United States,
Chappelle's Show,,"February 12, 2021",2005,United States,
Hate by Dani Rovira,Mario Briongos,"February 12, 2021",2021,Spain,
Mundina Nildana,Vinay Bharadwaj,"February 12, 2021",2019,India,
Nadiya Bakes,,"February 12, 2021",2021,United Kingdom,
To All The Boys: Always And Forever,Michael Fimognari,"February 12, 2021",2021,United States,
Xico's Journey,Eric D. Cabello Díaz,"February 12, 2021",2021,Mexico,
Capitani,,"February 11, 2021",2019,Luxembourg,
El Chema,,"February 11, 2021",2016,Mexico,
Growing up and other problems,Clara Martínez-Lázaro,"February 11, 2021",2018,Spain,
Layla Majnun,Monty Tiwa,"February 11, 2021",2020,Indonesia,
Middle of Nowhere,Ava DuVernay,"February 11, 2021",2012,United States,
Red Dot,Alain Darborg,"February 11, 2021",2021,Sweden,
Squared Love,Filip Zylber,"February 11, 2021",2021,Poland,
This Is the Life,Ava DuVernay,"February 11, 2021",2008,United States,
Crime Scene: The Vanishing at the Cecil Hotel,Joe Berlinger,"February 10, 2021",2021,United States,
The Misadventures of Hedi and Cokeman,Julien Royal,"February 10, 2021",2021,France,
The World We Make,Brian Baugh,"February 10, 2021",2019,United States,
Five Came Back: The Reference Films,,"February 9, 2021",1945,United States,
ICarly,,"February 8, 2021",2008,United States,
War Dogs,Todd Phillips,"February 8, 2021",2016,"United States, Cambodia, Romania",
Monster Run,Henri Wong,"February 7, 2021",2020,China,
The Sinner,,"February 6, 2021",2020,United States,
Blanche Gardin: I talk to myself,Maïa Sandoz,"February 5, 2021",2017,France,
Doob: No Bed of Roses,Mostofa Sarwar Farooki,"February 5, 2021",2017,Bangladesh,
Hache,,"February 5, 2021",2021,Spain,
Invisible City,,"February 5, 2021",2021,Brazil,
Little Big Women,Joseph Hsu,"February 5, 2021",2020,Taiwan,
Malcolm & Marie,Sam Levinson,"February 5, 2021",2021,United States,
Space Sweepers,Jo Sung-hee,"February 5, 2021",2021,South Korea,
"Strip Down, Rise Up",Michèle Ohayon,"February 5, 2021",2021,United States,
The Last Paradiso,Rocco Ricciardulli,"February 5, 2021",2020,Italy,
The Yin-Yang Master: Dream Of Eternity,Guo Jingming,"February 5, 2021",2021,China,
All My Friends Are Dead,Jan Belcl,"February 3, 2021",2020,Poland,
Black Beach,Esteban Crespo,"February 3, 2021",2020,"Spain, Belgium, United States",
Firefly Lane,,"February 3, 2021",2021,United States,
"Pablo Escobar, el patrón del mal",,"February 3, 2021",2012,Colombia,
Power Rangers Ninja Steel,,"February 3, 2021",2018,United States,
"Our Lady of San Juan, Four Centuries of Miracles",Noé González,"February 2, 2021",2020,Mexico,
Tiffany Haddish Presents: They Ready,,"February 2, 2021",2021,United States,
Beverly Hills Ninja,Dennis Dugan,"February 1, 2021",1997,United States,
Heartland,,"February 1, 2021",2019,Canada,
Love Daily,,"February 1, 2021",2018,United States,
My Dead Ex,,"February 1, 2021",2018,United States,
Rocks,Sarah Gavron,"February 1, 2021",2019,United Kingdom,
Shutter Island,Martin Scorsese,"February 1, 2021",2010,United States,
The Bank Job,Roger Donaldson,"February 1, 2021",2008,"United Kingdom, United States, Australia",
The House Arrest of Us,Richard Arellano,"February 1, 2021",2020,Philippines,
The Unsettling,,"February 1, 2021",2019,United States,
Total Drama,,"February 1, 2021",2015,"Canada, United States, France",
Zac and Mia,,"February 1, 2021",2019,United States,
Zathura,Jon Favreau,"February 1, 2021",2005,United States,
Zig & Sharko,,"February 1, 2021",2019,France,
Fatima,Marco Pontecorvo,"January 31, 2021",2020,"Portugal, United States",
Hell Fest,Gregory Plotkin,"January 31, 2021",2018,United States,
Below Zero,Lluís Quílez,"January 29, 2021",2021,Spain,
Finding ‘Ohana,Jude Weng,"January 29, 2021",2021,United States,
The Dig,Simon Stone,"January 29, 2021",2021,United Kingdom,
We Are: The Brooklyn Saints,,"January 29, 2021",2021,United States,
June & Kopi,Noviandra Santosa,"January 28, 2021",2021,Indonesia,
50M2,,"January 27, 2021",2021,Turkey,
Accomplice,Jeremy Grant,"January 27, 2021",2021,United States,
BONDING,,"January 27, 2021",2021,United States,
Kilometers and Kilometers,Jeo Baby,"January 27, 2021",2020,India,
Outlander,,"January 27, 2021",2018,United States,
Penguin Bloom,Glendyn Ivin,"January 27, 2021",2021,"Australia, United States",
Black Rose,Okey Oku,"January 26, 2021",2018,Nigeria,
Go Dog Go,,"January 26, 2021",2021,"United States, United Kingdom",
Hire a Woman,Ifeanyi Ikpoenyi,"January 26, 2021",2019,,
She Is,Chris Eneng Enaji,"January 26, 2021",2019,,
Blown Away,,"January 22, 2021",2021,Canada,
Busted!,,"January 22, 2021",2021,South Korea,
Demon Slayer: Kimetsu no Yaiba,,"January 22, 2021",2019,Japan,
So My Grandma’s a Lesbian!,Ángeles Reiné,"January 22, 2021",2020,"Portugal, Spain",
The Next Three Days,Paul Haggis,"January 22, 2021",2010,"United States, France",
The White Tiger,Ramin Bahrani,"January 22, 2021",2021,"India, United States",
Friendsgiving,Nicol Paone,"January 21, 2021",2020,United States,
The Shadow of Violence,Nick Rowland,"January 21, 2021",2020,"United Kingdom, Ireland",
Cut Throat City,RZA,"January 20, 2021",2020,United States,
Daughter From Another Mother,,"January 20, 2021",2021,Mexico,
Sightless,Cooper Karl,"January 20, 2021",2020,United States,
Spycraft,,"January 20, 2021",2021,United States,
Hello Ninja,,"January 19, 2021",2021,United States,
Homefront,Gary Fleder,"January 18, 2021",2013,United States,
A Monster Calls,J.A. Bayona,"January 16, 2021",2016,"United Kingdom, Spain, United States",
Death of Me,Darren Lynn Bousman,"January 16, 2021",2020,"United States, Thailand",
Radium Girls,"Lydia Dean Pilcher, Ginny Mohler","January 16, 2021",2018,United States,
Bling Empire,,"January 15, 2021",2021,United States,
Carmen Sandiego,,"January 15, 2021",2021,United States,
Disenchantment,,"January 15, 2021",2021,United States,
Double Dad,Cris D'Amato,"January 15, 2021",2020,Brazil,
Henry Danger,,"January 15, 2021",2016,United States,
Outside the Wire,Mikael Håfström,"January 15, 2021",2021,"Hungary, United States",
Penguins of Madagascar: The Movie,"Eric Darnell, Simon J. Smith","January 15, 2021",2014,United States,
Pinkfong & Baby Shark's Space Adventure,Byeon Hee-sun,"January 15, 2021",2019,"United States, South Korea",
The Magicians,,"January 15, 2021",2020,"United States, Canada",
The Vanished,Peter Facinelli,"January 15, 2021",2020,United States,
Tribhanga - Tedhi Medhi Crazy,Renuka Shahane,"January 15, 2021",2021,India,
What Would Sophia Loren Do?,Ross Kauffman,"January 15, 2021",2021,United States,
Wish You,Sung Do-jun,"January 15, 2021",2021,South Korea,
Tanda Tanya,Hanung Bramantyo,"January 14, 2021",2011,Indonesia,
The Heartbreak Club,"Charles Gozali, Bagus Bramanti","January 14, 2021",2020,Indonesia,
An Imperfect Murder,James Toback,"January 13, 2021",2017,United States,
Night Stalker: The Hunt for a Serial Killer,Tiller Russell,"January 13, 2021",2021,United States,
Al acecho,Francisco D'Eufemia,"January 12, 2021",2019,Argentina,
Chris Rock Total Blackout: The Tamborine Extended Cut,Chris Rock,"January 12, 2021",2021,,
Last Tango in Halifax,Juliet May,"January 12, 2021",2020,United Kingdom,
"Crack: Cocaine, Corruption & Conspiracy",Stanley Nelson,"January 11, 2021",2021,United States,
The Intouchables,"Olivier Nakache, Éric Toledano","January 11, 2021",2011,France,
Apaharan,Prakash Jha,"January 8, 2021",2005,India,
BluffMaster!,Rohan Sippy,"January 8, 2021",2005,India,
Charming,Ross Venokur,"January 8, 2021",2021,"Canada, United States, Cayman Islands",
Creating The Queen's Gambit,,"January 8, 2021",2021,United States,
Gangaajal,Prakash Jha,"January 8, 2021",2003,India,
Inside the World’s Toughest Prisons,,"January 8, 2021",2021,United Kingdom,
Is Love Enough? Sir,Rohena Gera,"January 8, 2021",2018,"India, France",
Mighty Little Bheem: Kite Festival,,"January 8, 2021",2021,India,
Pretend It’s a City,,"January 8, 2021",2021,United States,
Stuck Apart,,"January 8, 2021",2021,Turkey,
The Idhun Chronicles,Maite Ruiz De Austri,"January 8, 2021",2021,Spain,
100% Halal,Jastis Arimba,"January 7, 2021",2020,Indonesia,
Leap!,"Eric Summer, Éric Warin","January 7, 2021",2016,"France, Canada",
Pieces of a Woman,Kornél Mundruczó,"January 7, 2021",2020,"Canada, Hungary, United States",
Ratones Paranoicos: The Band that Rocked Argentina,"Alejandro Ruax, Ramiro Martínez","January 6, 2021",2021,,
Surviving Death,,"January 6, 2021",2021,United States,
Tony Parker: The Final Shot,Florent Bodin,"January 6, 2021",2020,France,
History of Swear Words,,"January 5, 2021",2021,United States,
Nailed It! Mexico,,"January 5, 2021",2021,"Mexico, United States",
Hello Brother,Sohail Khan,"January 4, 2021",1999,India,
Korean Pork Belly Rhapsody,,"January 4, 2021",2020,,
QB1: Beyond the Lights,,"January 4, 2021",2019,United States,
Playing for Keeps,Gabriele Muccino,"January 3, 2021",2012,United States,
Asphalt Burning,Hallvard Bræin,"January 2, 2021",2020,Norway,
Bad Grandpa .5,Jeff Tremaine,"January 1, 2021",2014,United States,
Case 39,Christian Alvart,"January 1, 2021",2009,"United States, Canada",
Cobra Kai,,"January 1, 2021",2021,United States,
Dream Home Makeover,,"January 1, 2021",2021,United States,
Eddie Murphy: Raw,Robert Townsend,"January 1, 2021",1987,United States,
Full Out 2: You Got This!,Jeff Deverett,"January 1, 2021",2020,United States,
Gimme Shelter,Ron Krauss,"January 1, 2021",2013,United States,
Good Burger,Brian Robbins,"January 1, 2021",1997,United States,
Good Hair,Jeff Stilson,"January 1, 2021",2009,United States,
Headspace Guide to Meditation,,"January 1, 2021",2021,United States,
Into the Wild,Sean Penn,"January 1, 2021",2007,United States,
Jenni Rivera: Mariposa de Barrio,,"January 1, 2021",2017,United States,
London Heist,Mark McQueen,"January 1, 2021",2017,United Kingdom,
Mean Girls 2,Melanie Mayron,"January 1, 2021",2011,United States,
Monarca,,"January 1, 2021",2021,Mexico,
Mystic Pizza,Donald Petrie,"January 1, 2021",1988,United States,
Running Man,,"January 1, 2021",2020,,
The Cat in the Hat Knows a Lot About That!,Tony Collingwood,"January 1, 2021",2014,"Canada, United Kingdom, United States",
The Creative Brain,"Jennifer Beamish, Toby Trackman","January 1, 2021",2019,United States,
The Haunted Hathaways,,"January 1, 2021",2013,United States,
The Minimalists: Less Is Now,,"January 1, 2021",2021,United States,
Unknown,Jaume Collet-Serra,"January 1, 2021",2011,"United Kingdom, Germany, France, United States",
What Happened to Mr. Cha?,Kim Dong-kyu,"January 1, 2021",2021,South Korea,
What's Eating Gilbert Grape,Lasse Hallström,"January 1, 2021",1993,United States,
Alaska Is a Drag,Shaz Bennett,"December 31, 2020",2017,United States,
Best of Stand-Up 2020,,"December 31, 2020",2020,,
Bobby Jasoos,Samar Shaikh,"December 31, 2020",2014,India,
Chilling Adventures of Sabrina,,"December 31, 2020",2020,United States,
Tarung Sarung,Archie Hekagery,"December 31, 2020",2020,Indonesia,
Too Handsome to Handle,Sabrina Rochelle Kalangie,"December 31, 2020",2019,Indonesia,
Best Leftovers Ever!,,"December 30, 2020",2020,United States,
Dare Me,,"December 30, 2020",2019,United States,
Equinox,,"December 30, 2020",2020,"Denmark, United States",
SanPa: Sins of the Savior,Cosima Spender,"December 30, 2020",2020,Italy,
Still Game,,"December 30, 2020",2018,United Kingdom,
The Rope Curse 2,Liao Shih-han,"December 30, 2020",2020,Taiwan,
Transformers: War for Cybertron: Earthrise,,"December 30, 2020",2020,,
A Love So Beautiful,,"December 28, 2020",2020,South Korea,
Cops and Robbers,"Arnon Manor, Timothy Ware-Hill","December 28, 2020",2020,United States,
Rango,Gore Verbinski,"December 28, 2020",2011,"United States, Canada",
Death to 2020,"Al Campbell, Alice Mathias","December 27, 2020",2020,United States,
Sakho & Mangane,,"December 27, 2020",2019,Senegal,
DNA,Maïwenn,"December 26, 2020",2020,"France, Algeria",
Regiment Diaries,,"December 26, 2020",2020,India,
The Magic School Bus Rides Again In the Zone,Richard Weston,"December 26, 2020",2020,Canada,
AK vs AK,Vikramaditya Motwane,"December 25, 2020",2020,India,
Bridgerton,,"December 25, 2020",2020,United States,
Isa Pa with Feelings,Prime Cruz,"December 25, 2020",2019,Philippines,
We Can Be Heroes,Robert Rodriguez,"December 25, 2020",2020,United States,
Bridezilla,Andibachtiar Yusuf,"December 24, 2020",2019,Indonesia,
Cemara's Family,Yandy Laurens,"December 24, 2020",2018,Indonesia,
"Hello, Love, Goodbye",Cathy Garcia-Molina,"December 24, 2020",2019,Philippines,
The History of Future Folk,"John Mitchell, Jeremy Kipp Walker","December 23, 2020",2012,United States,
The Midnight Sky,George Clooney,"December 23, 2020",2020,United States,
Your Name Engraved Herein,Liu Kuang-hui,"December 23, 2020",2020,Taiwan,
After We Collided,Roger Kumble,"December 22, 2020",2020,United States,
London Hughes: To Catch a D*ck,Kristian Mercado,"December 22, 2020",2020,United States,
Lovestruck in the City,,"December 22, 2020",2020,South Korea,
QLIMAX THE SOURCE,"Daan Jansen, Stijn Verlinde","December 22, 2020",2020,Netherlands,
Rhyme Time Town Singalongs,,"December 22, 2020",2020,United States,
Shaun the Sheep,,"December 22, 2020",2016,"United Kingdom, Finland, Germany, United States, Australia, Japan, France, Ireland",
Shaun the Sheep: The Farmer’s Llamas,Jay Grace,"December 22, 2020",2020,United Kingdom,
Timmy Time,,"December 22, 2020",2010,United Kingdom,
"Ariana grande: excuse me, i love you",Paul Dugdale,"December 21, 2020",2020,United States,
The Con Is On,James Haslam,"December 21, 2020",2018,"United States, United Kingdom",
Mohamed Hussein,Muhammad Ali,"December 20, 2020",2019,Egypt,
Rhys Nicholson Live at the Athenaeum,Thomas Toby Parkinson,"December 20, 2020",2020,United Kingdom,
Atlas Shrugged: Part II,John Putch,"December 19, 2020",2012,United States,
Diamond City,,"December 18, 2020",2019,South Africa,
Guest House,Sam Macaroni,"December 18, 2020",2020,United States,
Home for Christmas,,"December 18, 2020",2020,Norway,
Ma Rainey's Black Bottom,George C. Wolfe,"December 18, 2020",2020,United States,
Ma Rainey's Black Bottom: A Legacy Brought to Screen,,"December 18, 2020",2020,,
Mukhsin,Yasmin Ahmad,"December 18, 2020",2006,Malaysia,
Paava Kadhaigal,"Sudha Kongara, Vignesh Shivan, Gautham Vasudev Menon, Vetri Maaran","December 18, 2020",2020,India,
Rabun,Yasmin Ahmad,"December 18, 2020",2004,Malaysia,
Talentime,Yasmin Ahmad,"December 18, 2020",2009,Malaysia,
An Unremarkable Christmas,Juan Camilo Pinzon,"December 17, 2020",2020,Colombia,
Braven,Lin Oeding,"December 17, 2020",2018,Canada,
Eggnoid: Love & Time Portal,Naya Anindita,"December 17, 2020",2019,Indonesia,
Love You to the Stars and Back,Antoinette Jadaone,"December 17, 2020",2017,Philippines,
Morphle,,"December 17, 2020",2020,Netherlands,
Run On,,"December 17, 2020",2020,South Korea,
Sakaling Maging Tayo,JP Habac,"December 17, 2020",2019,Philippines,
Schulz Saves America,Alexx Media,"December 17, 2020",2020,United States,
The Wedding Shaman,Farishad I. Latjuba,"December 17, 2020",2019,,
Anitta: Made In Honório,"Andrucha Waddington, Pedro Waddington","December 16, 2020",2020,Brazil,
BREAK IT ALL: The History of Rock in Latin America,Picky Talarico,"December 16, 2020",2020,,
Bwakaw,Jun Lana,"December 16, 2020",2012,"Philippines, Canada, United Kingdom, United States",
How To Ruin Christmas,,"December 16, 2020",2020,South Africa,
Incarnate,Brad Peyton,"December 16, 2020",2016,United States,
Lee Daniels' The Butler,Lee Daniels,"December 16, 2020",2013,United States,
Marvel Anime: Wolverine,,"December 16, 2020",2011,"United States, Japan",
Marvel Anime: X-Men,,"December 16, 2020",2011,Japan,
Nocturnal Animals,Tom Ford,"December 16, 2020",2016,United States,
The Ripper,"Ellena Wood, Jesse Vile","December 16, 2020",2020,United Kingdom,
Vir Das: Outside In - The Lockdown Special,Vir Das,"December 16, 2020",2020,India,
Black Ink Crew New York,,"December 15, 2020",2014,United States,
Grizzlies,Miranda de Pencier,"December 15, 2020",2018,Canada,
Pup Academy,,"December 15, 2020",2020,United States,
Song Exploder,,"December 15, 2020",2020,United States,
Teen Mom 2,,"December 15, 2020",2011,United States,
The Challenge,,"December 15, 2020",2006,United States,
The Professor and the Madman,Farhad Safinia,"December 15, 2020",2019,"Ireland, France, Iceland, United States, Mexico, Belgium, United Kingdom, Hong Kong",
A California Christmas,Shaun Paul Piccinino,"December 14, 2020",2020,United States,
Hilda,,"December 14, 2020",2021,"United Kingdom, Canada, United States",
Tiny Pretty Things,,"December 14, 2020",2020,United States,
The Netflix Afterparty: The Best Shows of The Worst Year,,"December 13, 2020",2020,United States,
Children of Adam,,"December 12, 2020",2020,Lebanon,
Grizzy et les Lemmings,,"December 12, 2020",2018,France,
A Trash Truck Christmas,Eddie Rosas,"December 11, 2020",2020,,
Canvas,Frank E. Abney III,"December 11, 2020",2020,United States,
Giving Voice,"James D. Stern, Fernando Villena","December 11, 2020",2020,United States,
The Mess You Leave Behind,,"December 11, 2020",2020,Spain,
The Prom,Ryan Murphy,"December 11, 2020",2020,United States,
Torbaaz,Girish Malik,"December 11, 2020",2020,India,
Alice in Borderland,,"December 10, 2020",2020,Japan,
Funny Boy,Deepa Mehta,"December 10, 2020",2020,"Canada, United States",
Futmalls.com,Lai Chun-yu,"December 10, 2020",2020,,
Just The Way You Are,Theodore Boborol,"December 10, 2020",2016,Philippines,
She's the One,Mae Czarina Cruz,"December 10, 2020",2013,Philippines,
The Panti Sisters,Jun Lana,"December 10, 2020",2019,Philippines,
"Kalel, 15",Jun Lana,"December 9, 2020",2019,Philippines,
Masameer Classics,,"December 9, 2020",2013,Saudi Arabia,
Once Upon a Time,,"December 9, 2020",2019,Egypt,
Rose Island,Sydney Sibilia,"December 9, 2020",2020,Italy,
The Big Show Show,,"December 9, 2020",2020,United States,
The Expanding Universe of Ashley Garcia,,"December 9, 2020",2020,United States,
The Surgeon's Cut,,"December 9, 2020",2020,United States,
André & his olive tree,Josiah Ng,"December 8, 2020",2020,Singapore,
Bobbleheads The Movie,Kirk Wise,"December 8, 2020",2020,United States,
Emicida: AmarElo - It’s All For Yesterday,,"December 8, 2020",2020,Brazil,
Juman,,"December 8, 2020",2019,Kuwait,
Mr. Iglesias,,"December 8, 2020",2020,United States,
Spirit Riding Free: Ride Along Adventure,"Beth Sleven, Allan Jacobsen, Kevin Wotton","December 8, 2020",2020,United States,
Super Monsters: Santa’s Super Monster Helpers,Steve Ball,"December 8, 2020",2020,,
Triple 9,John Hillcoat,"December 8, 2020",2016,United States,
100 Days My Prince,,"December 7, 2020",2018,South Korea,
Ava,Tate Taylor,"December 7, 2020",2020,United States,
Manhunt: Deadly Games,,"December 7, 2020",2020,,
Room 2806: The Accusation,Jalil Lespert,"December 7, 2020",2020,France,
Detention,"Su I-Hsuan, Chuang Shiang-an, Liu Yi","December 5, 2020",2020,Taiwan,
Mighty Express: A Mighty Christmas,Clint Butler,"December 5, 2020",2020,Canada,
Bhaag Beanie Bhaag,,"December 4, 2020",2020,India,
Big Mouth,,"December 4, 2020",2020,United States,
Captain Underpants Mega Blissmas,"Erik Kling, Kevin Peaty","December 4, 2020",2020,United States,
Christmas Crossfire,Detlev Buck,"December 4, 2020",2020,Germany,
Kings of Jo'Burg,,"December 4, 2020",2020,South Africa,
Leyla Everlasting,,"December 4, 2020",2020,Turkey,
MANK,David Fincher,"December 4, 2020",2020,United States,
The Great British Baking Show: Holidays,,"December 4, 2020",2020,,
You Are My Home,Amanda Raymond,"December 4, 2020",2020,United States,
Between Maybes,Jason Paul Laxamana,"December 3, 2020",2019,Philippines,
Break,Marc Fouchard,"December 3, 2020",2018,"France, Belgium",
Chico Bon Bon and the Very Berry Holiday,Darragh O'Connell,"December 3, 2020",2020,,
Just Another Christmas,Roberto Santucci,"December 3, 2020",2020,Brazil,
Must Be... Love,Dado C. Lumibao,"December 3, 2020",2013,Philippines,
Alien Worlds,,"December 2, 2020",2020,United Kingdom,
Ari Eldjárn: Pardon My Icelandic,August Jakobsson,"December 2, 2020",2020,Iceland,
Check The Store Next Door: The Next Chapter,,"December 2, 2020",2020,Indonesia,
Fierce,Anna Wieczur-Bluszcz,"December 2, 2020",2020,Poland,
Hazel Brugger: Tropical,,"December 2, 2020",2020,Germany,
3 Days to Kill,McG,"December 1, 2020",2014,"United States, France, Serbia",
Angela's Christmas Wish,Damien O’Connor,"December 1, 2020",2020,United States,
Angels & Demons,Ron Howard,"December 1, 2020",2009,"United States, Italy",
Are You The One,,"December 1, 2020",2014,United States,
Chef,Jon Favreau,"December 1, 2020",2014,United States,
Effie Gray,Richard Laxton,"December 1, 2020",2014,United Kingdom,
Gormiti,,"December 1, 2020",2018,"Spain, Italy",
Ink Master,,"December 1, 2020",2012,United States,
Monster House,Gil Kenan,"December 1, 2020",2006,United States,
Natalie Palamides: Nate - A One Man Show,Phil Burgers,"December 1, 2020",2020,United States,
Octonauts,,"December 1, 2020",2015,"United States, Ireland, United Kingdom, India",
Oddbods,,"December 1, 2020",2017,"United Kingdom, Singapore",
Peppermint,Pierre Morel,"December 1, 2020",2018,"Hong Kong, United States",
Quigley Down Under,Simon Wincer,"December 1, 2020",1990,"Australia, United States",
Stargate SG-1,,"December 1, 2020",2006,"United States, Canada",
The Bachelorette,,"December 1, 2020",2010,United States,
The Da Vinci Code,Ron Howard,"December 1, 2020",2006,"United States, Malta, France, United Kingdom",
The Guest,,"December 1, 2020",2018,South Korea,
The Happytime Murders,Brian Henson,"December 1, 2020",2018,"United States, China, Canada",
The Holiday Movies That Made Us,,"December 1, 2020",2020,United States,
The Repair Shop,,"December 1, 2020",2018,United Kingdom,
U-Turn,Derick Cabrido,"December 1, 2020",2020,Philippines,
Finding Agnes,Marla M. Ancheta,"November 30, 2020",2020,Philippines,
Rust Creek,Jen McGowan,"November 30, 2020",2018,United States,
Spookley and the Christmas Kittens,Bernie Denk,"November 30, 2020",2019,United States,
The 2nd,Brian Skiba,"November 30, 2020",2020,United States,
The Uncanny Counter,,"November 29, 2020",2020,South Korea,
A Go! Go! Cory Carson Christmas,"Stanley Moore, Alex Woo","November 27, 2020",2020,United States,
Dance Dreams: Hot Chocolate Nutcracker,Oliver Bokelberg,"November 27, 2020",2020,United States,
Don’t Listen,Ángel Gómez Hernández,"November 27, 2020",2020,Spain,
Fabulous Lives of Bollywood Wives,,"November 27, 2020",2020,India,
Heartbreak High,,"November 27, 2020",1999,Australia,
Over Christmas,,"November 27, 2020",2020,Germany,
Sugar Rush Christmas,,"November 27, 2020",2020,United States,
The Beast,Ludovico Di Martino,"November 27, 2020",2020,Italy,
The Call,Lee Chung-hyun,"November 27, 2020",2020,South Korea,
Fantastica,Barry Gonzalez,"November 26, 2020",2018,Philippines,
Larry the Cable Guy: Remain Seated,Brian Volk-Weiss,"November 26, 2020",2020,United States,
Mosul,Matthew Michael Carnahan,"November 26, 2020",2020,United States,
Unexpectedly Yours,Cathy Garcia-Molina,"November 26, 2020",2017,Philippines,
Ghosts of War,Eric Bress,"November 25, 2020",2020,United Kingdom,
Great Pretender,,"November 25, 2020",2020,Japan,
Shawn Mendes: Live in Concert,Paul Dugdale,"November 25, 2020",2020,"United Kingdom, United States",
The Christmas Chronicles: Part Two,Chris Columbus,"November 25, 2020",2020,Canada,
Andhaghaaram,V Vignarajan,"November 24, 2020",2020,,
Andhakaaram,V Vignarajan,"November 24, 2020",2020,India,
Before 30,BB Sasore,"November 24, 2020",2015,Nigeria,
Dragons: Rescue Riders: Huttsgalor Holiday,"Greg Rankin, TJ Sullivan","November 24, 2020",2020,United States,
Hillbilly Elegy,Ron Howard,"November 24, 2020",2020,United States,
Notes for My Son,Carlos Sorín,"November 24, 2020",2020,Argentina,
Valentino,,"November 24, 2020",2020,Egypt,
Hard Kill,Matt Eskandari,"November 23, 2020",2020,United States,
Shawn Mendes: In Wonder,Grant Singer,"November 23, 2020",2020,United States,
Strongest Deliveryman,,"November 23, 2020",2017,South Korea,
The Suit,Mohammad Adel,"November 23, 2020",2018,Egypt,
Dolly Parton’s Christmas on the Square,Debbie Allen,"November 22, 2020",2020,United States,
Machete Kills,Robert Rodriguez,"November 22, 2020",2013,"United States, Russia",
40 Sticks,Victor Gatonye,"November 20, 2020",2019,Kenya,
Alien Xmas,Stephen Chiodo,"November 20, 2020",2020,United States,
Flavorful Origins,,"November 20, 2020",2020,China,
Heart & Soul,,"November 20, 2020",2019,,
If Anything Happens I Love You,"Will McCormack, Michael Govier","November 20, 2020",2020,United States,
Mismatched,,"November 20, 2020",2020,India,
The App That Stole Christmas,Monica Floyd,"November 20, 2020",2020,United States,
Voices of Fire,,"November 20, 2020",2020,United States,
Black Friday,Anurag Kashyap,"November 19, 2020",2004,India,
Bodyguard,Siddique,"November 19, 2020",2011,India,
Break Ke Baad,Danish Aslam,"November 19, 2020",2010,India,
Hawaizaada,Vibhu Virender Puri,"November 19, 2020",2015,India,
My Amnesia Girl,Cathy Garcia-Molina,"November 19, 2020",2010,Philippines,
Raman Raghav 2.0,Anurag Kashyap,"November 19, 2020",2016,India,
Singham,Rohit Shetty,"November 19, 2020",2011,India,
TE3N,Ribhu Dasgupta,"November 19, 2020",2016,India,
The Princess Switch: Switched Again,Mike Rohl,"November 19, 2020",2020,United States,
Three Words to Forever,Cathy Garcia-Molina,"November 19, 2020",2018,Philippines,
Well Done Abba,Shyam Benegal,"November 19, 2020",2009,India,
Holiday Home Makeover with Mr. Christmas,,"November 18, 2020",2020,United States,
Ainu Mosir,Takeshi Fukunaga,"November 17, 2020",2020,"United States, Japan",
Kevin Hart: Zero F**ks Given,Leslie Small,"November 17, 2020",2020,United States,
The Boss Baby: Back in Business,,"November 17, 2020",2020,United States,
We Are the Champions,,"November 17, 2020",2020,United States,
Loving,Jeff Nichols,"November 16, 2020",2016,"United Kingdom, United States",
Whose Streets?,"Sabaah Folayan, Damon Davis","November 16, 2020",2017,United States,
A Very Country Christmas,Justin G. Dyck,"November 15, 2020",2017,"United States, Canada",
America's Next Top Model,,"November 15, 2020",2013,United States,
Beyblade Burst Rise,,"November 15, 2020",2019,Japan,
Cloudy with a Chance of Meatballs 2,"Cody Cameron, Kris Pearn","November 15, 2020",2013,United States,
Hometown Holiday,Justin G. Dyck,"November 15, 2020",2018,Canada,
Polly Pocket,,"November 15, 2020",2021,"Canada, United States, Ireland",
Survivor,,"November 15, 2020",2014,United States,
The Crown,,"November 15, 2020",2020,"United Kingdom, United States",
White Christmas,Michael Curtiz,"November 15, 2020",1954,United States,
Killer Cove,Damián Romay,"November 14, 2020",2019,United States,
American Horror Story,,"November 13, 2020",2019,United States,
Fukrey Boyzzz: Space Mein Fukrapanti,Avinash Walzade,"November 13, 2020",2020,India,
Jingle Jangle: A Christmas Journey,David E. Talbert,"November 13, 2020",2020,United States,
The Beginning of Life 2: Outside,Renata Terra,"November 13, 2020",2020,Brazil,
The Life Ahead,Edoardo Ponti,"November 13, 2020",2020,Italy,
The Minions of Midas,Mateo Gil,"November 13, 2020",2020,Spain,
A Very Special Love,Cathy Garcia-Molina,"November 12, 2020",2008,Philippines,
Ethos,,"November 12, 2020",2020,Turkey,
First Love,Paul Soriano,"November 12, 2020",2018,Philippines,
Fruitvale Station,Ryan Coogler,"November 12, 2020",2013,United States,
Graceful Friends,,"November 12, 2020",2020,South Korea,
Ludo,Anurag Basu,"November 12, 2020",2020,India,
Memories of a Teenager,Lucas Santa Ana,"November 12, 2020",2019,Argentina,
Prom Night,Nelson McCormick,"November 12, 2020",2008,"United States, Canada",
A Queen Is Born,Carla Barros,"November 11, 2020",2020,Brazil,
Aunty Donna's Big Ol' House of Fun,,"November 11, 2020",2020,Australia,
The Liberator,,"November 11, 2020",2020,United States,
Trial 4,,"November 11, 2020",2020,United States,
We Are All For The Fatherland,,"November 11, 2020",1979,"Lebanon, Canada, France",
What We Wanted,Ulrike Kofler,"November 11, 2020",2020,Austria,
A Lion in the House,"Steven Bognar, Julia Reichert","November 10, 2020",2006,United States,
DASH & LILY,,"November 10, 2020",2020,United States,
Bakugan: Armored Alliance,,"November 6, 2020",2020,,
Bakugan: Battle Planet,,"November 6, 2020",2018,"Japan, Canada, United States",
Citation,Kunle Afolayan,"November 6, 2020",2020,Nigeria,
Country Ever After,,"November 6, 2020",2020,United States,
Girl's Revenge,Weica Wang,"November 6, 2020",2020,Taiwan,
The Endless Trench,"Aitor Arregi, Jon Garaño, Jose Mari Goenaga","November 6, 2020",2019,"Spain, France, Canada",
The Late Bloomer,Kevin Pollak,"November 6, 2020",2016,United States,
Wrong Kind of Black,,"November 6, 2020",2018,Australia,
A New York Christmas Wedding,Otoja Abit,"November 5, 2020",2020,United States,
Alone/Together,Antoinette Jadaone,"November 5, 2020",2019,Philippines,
Carmel: Who Killed Maria Marta?,Alejandro Hartmann,"November 5, 2020",2020,Argentina,
Midnight at the Magnolia,Maxwell McGuire,"November 5, 2020",2020,Canada,
One More Try,Ruel S. Bayani,"November 5, 2020",2012,Philippines,
Operation Christmas Drop,Martin Wood,"November 5, 2020",2020,United States,
Paranormal,,"November 5, 2020",2020,Egypt,
A Christmas Catch,,"November 4, 2020",2018,Canada,
Christmas with a Prince,Justin G. Dyck,"November 4, 2020",2018,Canada,
Love & Anarchy,,"November 4, 2020",2020,Sweden,
Miss India,Narendra Nath,"November 4, 2020",2020,India,
Felix Lobrecht: Hype,Jan-Peter Horns,"November 3, 2020",2020,Germany,
MOTHER,Tatsushi Omori,"November 3, 2020",2020,Japan,
The Beginning of Life,Estela Renner,"November 3, 2020",2016,,
Ya no estoy aquí: Una conversación entre Guillermo del Toro y Alfonso Cuarón,,"November 3, 2020",2020,,
Can You Hear Me?,,"November 2, 2020",2020,Canada,
Prospect,"Zeek Earl, Christopher Caldwell","November 2, 2020",2018,"Canada, United States",
60 Days In,,"November 1, 2020",2019,United States,
Christmas Break-In,Michael Kampa,"November 1, 2020",2019,United States,
Dawson's Creek,,"November 1, 2020",2002,United States,
Elf Pets: A Fox Cub’s Christmas Tale,Chanda Bell,"November 1, 2020",2020,United States,
Elf Pets: Santa’s Reindeer Rescue,Chanda Bell,"November 1, 2020",2020,United States,
Elliot the Littlest Reindeer,Jennifer Westcott,"November 1, 2020",2018,Canada,
Forged in Fire,,"November 1, 2020",2019,United States,
Leah Remini: Scientology and the Aftermath,,"November 1, 2020",2018,United States,
LEGO Jurassic World: Legend of Isla Nublar,,"November 1, 2020",2019,United States,
LEGO Jurassic World: Secret Exhibit,,"November 1, 2020",2018,United States,
LEGO Ninjago,,"November 1, 2020",2020,Canada,
LEGO Ninjago: Masters of Spinjitzu,,"November 1, 2020",2019,"Denmark, Singapore, Canada, United States",
LEGO: CITY Adventures,,"November 1, 2020",2019,"United States, France, Denmark",
Little Monsters,Richard Greenberg,"November 1, 2020",1989,United States,
Mile 22,Peter Berg,"November 1, 2020",2018,"United States, China, Colombia",
Piercing,Nicolas Pesce,"November 1, 2020",2018,United States,
Snowden,Oliver Stone,"November 1, 2020",2016,"United Kingdom, France, Germany, United States",
The Garfield Show,,"November 1, 2020",2018,"France, United States",
The Good Detective,,"November 1, 2020",2020,South Korea,
The Impossible,J.A. Bayona,"November 1, 2020",2012,"Spain, Thailand, United States",
The Next Karate Kid,Christopher Cain,"November 1, 2020",1994,United States,
Voice,,"November 1, 2020",2018,South Korea,
Wheels of Fortune,Shaun Paul Piccinino,"November 1, 2020",2020,United States,
Afronta! Facing It!,Juliana Vicente,"October 31, 2020",2017,Brazil,
The 12th Man,Harald Zwart,"October 31, 2020",2018,Norway,
Zumbo's Just Desserts,,"October 31, 2020",2019,Australia,
Hidden in Plain Sight,Stacia Crawford,"October 30, 2020",2019,United States,
His House,Remi Weekes,"October 30, 2020",2020,United Kingdom,
In Line,Tope Oshin,"October 30, 2020",2017,Nigeria,
Kaali Khuhi,Terrie Samundra,"October 30, 2020",2020,India,
Kongsuni and Friends,,"October 30, 2020",2020,,
Marvel's Agents of S.H.I.E.L.D.,,"October 30, 2020",2020,United States,
Rogue City,Olivier Marchal,"October 30, 2020",2020,France,
Somebody Feed Phil,,"October 30, 2020",2020,United States,
Suburra: Blood on Rome,,"October 30, 2020",2020,Italy,
The Day of the Lord,Santiago Alvarado Ilarri,"October 30, 2020",2020,"Mexico, Spain",
Pagpag: Nine Lives,Frasco Mortiz,"October 29, 2020",2013,Philippines,
Holidate,John Whitesell,"October 28, 2020",2020,United States,
La Gran Ilusión,Antonio Díaz,"October 28, 2020",2016,,
Metallica Through The Never,Nimród Antal,"October 28, 2020",2013,United States,
Nobody Sleeps in the Woods Tonight,Bartosz M. Kowalski,"October 28, 2020",2020,Poland,
Secrets of the Saqqara Tomb,James Tovell,"October 28, 2020",2020,United States,
Blood of Zeus,,"October 27, 2020",2020,United States,
Chico Bon Bon: Monkey with a Tool Belt,,"October 27, 2020",2020,United States,
Guillermo Vilas: Settling the Score,Matías Gueilburt,"October 27, 2020",2020,Argentina,
Sarah Cooper: Everything's Fine,Natasha Lyonne,"October 27, 2020",2020,United States,
The Devil Punisher,"Chang Chin-jung, Chen Rong-hui","October 26, 2020",2020,Taiwan,
Ajab Prem Ki Ghazab Kahani,Rajkumar Santoshi,"October 25, 2020",2009,India,
Black '47,Lance Daly,"October 24, 2020",2018,"Ireland, Luxembourg, Belgium",
I Am Woman,Unjoo Moon,"October 24, 2020",2019,Australia,
Alice Junior,Gil Baroni,"October 23, 2020",2019,Brazil,
Barbarians,,"October 23, 2020",2020,Germany,
Move,"Thierry Demaizière, Alban Teurlai","October 23, 2020",2020,United States,
Over the Moon,Glen Keane,"October 23, 2020",2020,"China, United States",
Shattered Memories,Chris Sivertson,"October 23, 2020",2018,United States,
Stolen Away,,"October 23, 2020",2020,Spain,
The Queen's Gambit,,"October 23, 2020",2020,United States,
Bending the Arc,"Kief Davidson, Pedro Kos","October 22, 2020",2017,United States,
Cadaver,Jarand Herdal,"October 22, 2020",2020,Norway,
Exes Baggage,Dan Villegas,"October 22, 2020",2018,Philippines,
Fisherman's Friends,Chris Foggin,"October 22, 2020",2019,United Kingdom,
The Hows of Us,Cathy Garcia-Molina,"October 22, 2020",2018,Philippines,
The Hummingbird Project,Kim Nguyen,"October 22, 2020",2018,"Canada, Belgium",
"Yes, God, Yes",Karen Maine,"October 22, 2020",2020,United States,
Brave Blue World: Racing to Solve Our Water Crisis,Tim Neeves,"October 21, 2020",2020,"Canada, United Kingdom",
My Next Guest Needs No Introduction With David Letterman,,"October 21, 2020",2020,United States,
Rebecca,Ben Wheatley,"October 21, 2020",2020,United Kingdom,
The Magic School Bus Rides Again The Frizz Connection,Richard Weston,"October 20, 2020",2020,Canada,
Tremors: Shrieker Island,Don Michael Paul,"October 20, 2020",2020,United States,
Beirut Oh Beirut,Maroun Baghdadi,"October 19, 2020",1975,Lebanon,
Bosta,Philippe Aractingi,"October 19, 2020",2005,Lebanon,
Ghadi,Amin Dora,"October 19, 2020",2013,Lebanon,
Heritages,Philippe Aractingi,"October 19, 2020",2014,"Lebanon, United Arab Emirates, France, Switzerland, Germany",
Listen,Philippe Aractingi,"October 19, 2020",2017,Lebanon,
Out of Life,Maroun Baghdadi,"October 19, 2020",1991,"France, Belgium, Italy",
Panoptic,Rana Eid,"October 19, 2020",2017,Lebanon,
Taxi Ballad,Daniel Joseph,"October 19, 2020",2012,"Lebanon, United States, United Arab Emirates",
The Kite,Randa Chahal Sabbag,"October 19, 2020",2003,"Lebanon, France",
The Little Wars,Maroun Baghdadi,"October 19, 2020",1982,"France, Lebanon",
Under the Bombs,Philippe Aractingi,"October 19, 2020",2007,"France, Lebanon, United Kingdom",
Unsolved Mysteries,,"October 19, 2020",2020,,
West Beirut,Ziad Doueiri,"October 19, 2020",1999,"France, Norway, Lebanon, Belgium",
What Did I Mess,Shady Hanna,"October 19, 2020",2018,Lebanon,
Whispers,Maroun Baghdadi,"October 19, 2020",1980,"Lebanon, Canada, France",
Zozo,Josef Fares,"October 19, 2020",2005,"Sweden, Czech Republic, United Kingdom, Denmark, Netherlands",
ParaNorman,"Sam Fell, Chris Butler","October 18, 2020",2012,United States,
Start-Up,,"October 18, 2020",2020,South Korea,
I Am Vengeance: Retaliation,Ross Boyask,"October 17, 2020",2020,United Kingdom,
Disconnect,"David 'Tosh' Gitonga, Michael Jones","October 16, 2020",2018,Kenya,
Grand Army,,"October 16, 2020",2020,United States,
In a Valley of Violence,Ti West,"October 16, 2020",2016,United States,
La Révolution,,"October 16, 2020",2020,France,
Someone Has to Die,Manolo Caro,"October 16, 2020",2020,"Mexico, Spain",
The Last Kids on Earth,,"October 16, 2020",2020,United States,
The Trial of the Chicago 7,Aaron Sorkin,"October 16, 2020",2020,"United States, United Kingdom, India",
Unfriended,Levan Gabriadze,"October 16, 2020",2014,"United States, Russia",
A Babysitter's Guide to Monster Hunting,Rachel Talalay,"October 15, 2020",2020,United States,
Batman: The Killing Joke,Sam Liu,"October 15, 2020",2016,United States,
El-Khawaga's Dilemma,Peter Mimi,"October 15, 2020",2018,Egypt,
Fireman Sam,,"October 15, 2020",2018,United Kingdom,
Half & Half,,"October 15, 2020",2005,United States,
Kartini: Princess of Java,Hanung Bramantyo,"October 15, 2020",2017,"Indonesia, Netherlands",
Love Like the Falling Rain,Lasja Fauzia Susatyo,"October 15, 2020",2020,Indonesia,
One on One,,"October 15, 2020",2006,United States,
Power Rangers Beast Morphers,,"October 15, 2020",2020,United States,
Rooting for Roona,"Pavitra Chalam, Akshay Shankar","October 15, 2020",2020,India,
Social Distance,,"October 15, 2020",2020,United States,
A Choo,"Kevin Ko, Peter Tsi","October 14, 2020",2020,Taiwan,
BLACKPINK: Light Up the Sky,Caroline Suh,"October 14, 2020",2020,United States,
The Three Deaths of Marisela Escobedo,Carlos Pérez Osorio,"October 14, 2020",2020,Mexico,
Fida,Ken Ghosh,"October 13, 2020",2004,India,
Octonauts & the Great Barrier Reef,Blair Simmons,"October 13, 2020",2020,United Kingdom,
The Cabin with Bert Kreischer,,"October 13, 2020",2020,United States,
Dil,Indra Kumar,"October 12, 2020",1990,India,
Disco Dancer,B. Subhash,"October 12, 2020",1982,India,
Hunterrr,Harshavardhan Kulkarni,"October 12, 2020",2015,India,
Kipo and the Age of Wonderbeasts,,"October 12, 2020",2020,United States,
Phir Hera Pheri,Neeraj Vora,"October 12, 2020",2006,India,
The Legend of Bhagat Singh,Rajkumar Santoshi,"October 12, 2020",2002,India,
House of the Witch,Alex Merkin,"October 11, 2020",2017,United States,
Deaf U,,"October 9, 2020",2020,United States,
Ginny Weds Sunny,Puneet Khanna,"October 9, 2020",2020,India,
My Step Dad: The Hippie,Meltem Bozoflu,"October 9, 2020",2018,"Turkey, South Korea",
Super Monsters: Dia de los Monsters,,"October 9, 2020",2020,Canada,
The Forty-Year-Old Version,Radha Blank,"October 9, 2020",2020,United States,
The Haunting of Bly Manor,,"October 9, 2020",2020,United States,
Bigflo & Oli: Hip Hop Frenzy,"Bigflo & Oli, Jérémie Levypon","October 8, 2020",2020,France,
Do Do Sol Sol La La Sol,,"October 8, 2020",2020,South Korea,
Palermo Hollywood,Eduardo Pinto,"October 8, 2020",2004,Argentina,
Private Lives,,"October 8, 2020",2020,South Korea,
The 100,,"October 8, 2020",2020,"United States, Canada",
Hubie Halloween,Steve Brill,"October 7, 2020",2020,United States,
To the Lake,Pavel Kostomarov,"October 7, 2020",2020,Russia,
American Pie 9: Girls' Rules,Mike Elliott,"October 6, 2020",2020,United States,
Dolly Parton: Here I Am,Francis Whately,"October 6, 2020",2019,United Kingdom,
StarBeam: Halloween Hero,Jon Izen,"October 6, 2020",2020,Canada,
Walk Away from Love,Christopher Nolen,"October 6, 2020",2017,United States,
Bad Boy Billionaires: India,,"October 5, 2020",2020,India,
David Attenborough: A Life on Our Planet,"Alastair Fothergill, Jonnie Hughes, Keith Scholey","October 4, 2020",2020,"United States, United Kingdom",
"Best Wishes, Warmest Regards: A Schitt's Creek Farewell",Amy Segal,"October 3, 2020",2020,Canada,
Good Game: The Beginning,Umut Aral,"October 3, 2020",2018,Turkey,
Pat a Pat Como,,"October 3, 2020",2016,,
Qurious Como,,"October 3, 2020",2017,,
A Chaster Marriage,Umut Kirca,"October 2, 2020",2016,Turkey,
A Go! Go! Cory Carson Halloween,"Alex Woo, Stanley Moore","October 2, 2020",2020,,
DreamWorks Happy Holidays from Madagascar,,"October 2, 2020",2005,United States,
Emily in Paris,,"October 2, 2020",2020,United States,
H2O: Just Add Water,,"October 2, 2020",2009,Australia,
Òlòtūré,Kenneth Gyang,"October 2, 2020",2020,Nigeria,
Serious Men,Sudhir Mishra,"October 2, 2020",2020,India,
The Binding,Domenico de Feudis,"October 2, 2020",2020,Italy,
Turkish Dance School,Burak Aksak,"October 2, 2020",2017,Turkey,
Vampires vs. the Bronx,Oz Rodriguez,"October 2, 2020",2020,United States,
You've Got This,Salvador Espinosa,"October 2, 2020",2020,Mexico,
All Because of You,Adrian Teh,"October 1, 2020",2020,Malaysia,
An Ordinary Man,Brad Silberling,"October 1, 2020",2017,"Serbia, United States",
Carlos Almaraz: Playing with Fire,"Elsa Flores Almaraz, Richard J Montoya","October 1, 2020",2019,United States,
Cold Harbour,Carey McKenzie,"October 1, 2020",2013,South Africa,
Evil,,"October 1, 2020",2019,United States,
Familiar Wife,,"October 1, 2020",2018,South Korea,
Food Wars!: Shokugeki no Soma,,"October 1, 2020",2016,Japan,
Free State of Jones,Gary Ross,"October 1, 2020",2016,United States,
"Good Morning, Verônica",,"October 1, 2020",2020,Brazil,
Human Nature,Adam Bolt,"October 1, 2020",2019,United States,
Hunt for the Wilderpeople,Taika Waititi,"October 1, 2020",2016,New Zealand,
I'm Leaving Now,"Lindsey Cordero, Armando Croda","October 1, 2020",2019,"United States, Mexico",
Journey of an African Colony,,"October 1, 2020",2018,,
Oktoberfest: Beer & Blood,,"October 1, 2020",2020,"Germany, Czech Republic",
Rize,David LaChapelle,"October 1, 2020",2005,"United States, United Kingdom",
Secreto bien guardado,,"October 1, 2020",2019,Argentina,
Sword Art Online,,"October 1, 2020",2018,Japan,
The American Game,Mostafa Abu Seif,"October 1, 2020",2019,,
The Book of Sun,Faris Godus,"October 1, 2020",2020,Saudi Arabia,
The Outpost,Rod Lurie,"October 1, 2020",2020,"United States, Bulgaria",
The Parkers,,"October 1, 2020",2003,United States,
The Unicorn,,"October 1, 2020",2019,United States,
We Have Always Lived in the Castle,Stacie Passon,"October 1, 2020",2018,United States,
You Cannot Hide,,"October 1, 2020",2020,Mexico,
American Murder: The Family Next Door,Jenny Popplewell,"September 30, 2020",2020,United States,
Baxu and the Giants,Florian Schott,"September 30, 2020",2019,Namibia,
Black Butler,,"September 30, 2020",2010,Japan,
Man with a Plan,,"September 30, 2020",2020,United States,
Poacher,Tom Whitworth,"September 30, 2020",2018,"United Kingdom, Kenya",
The Boys in the Band,Joe Mantello,"September 30, 2020",2020,United States,
The Boys in the Band: Something Personal,,"September 30, 2020",2020,United States,
Wentworth,,"September 30, 2020",2020,Australia,
Bully,Lee Hirsch,"September 29, 2020",2012,United States,
Michelle Buteau: Welcome to Buteaupia,Page Hurwitz,"September 29, 2020",2020,United States,
Welcome to Sudden Death,Dallas Jackson,"September 29, 2020",2020,United States,
Amandla! A Revolution in Four Part Harmony,Lee Hirsch,"September 28, 2020",2002,"South Africa, United States",
Ankhon Dekhi,Rajat Kapoor,"September 28, 2020",2013,India,
Dedh Ishqiya,Abhishek Chaubey,"September 28, 2020",2014,India,
Golmaal Returns,Rohit Shetty,"September 28, 2020",2008,India,
Ishq Vishk,Ken Ghosh,"September 28, 2020",2003,India,
Ishqiya,Abhishek Chaubey,"September 28, 2020",2009,India,
Jab We Met,Imtiaz Ali,"September 28, 2020",2007,India,
Mann,Indra Kumar,"September 28, 2020",1999,India,
Manorama Six Feet Under,Navdeep Singh,"September 28, 2020",2007,India,
Welcome,Anees Bazmee,"September 28, 2020",2007,India,
"Whose Vote Counts, Explained",,"September 28, 2020",2020,United States,
Van Helsing,,"September 27, 2020",2019,United States,
The Good Place,,"September 26, 2020",2020,United States,
Time Out,Rikhil Bahadur,"September 26, 2020",2015,India,
A Perfect Crime,,"September 25, 2020",2020,Germany,
Mighty Little Bheem,,"September 25, 2020",2020,,
My Mother's Wound,Ozan Açıktan,"September 25, 2020",2016,,
Sneakerheads,,"September 25, 2020",2020,United States,
The School Nurse Files,,"September 25, 2020",2020,South Korea,
Zulu Man in Japan,,"September 25, 2020",2019,,
Real Steel,Shawn Levy,"September 24, 2020",2011,"United States, India",
The Chef Show,,"September 24, 2020",2020,United States,
Enola Holmes,Harry Bradbeer,"September 23, 2020",2020,United Kingdom,
Kiss the Ground,"Joshua Tickell, Rebecca Harrell Tickell","September 22, 2020",2020,United States,
The Playbook,,"September 22, 2020",2020,United States,
A Love Song for Latasha,Sophia Nahli Allison,"September 21, 2020",2020,United States,
DTC Yukemuri Junjo Hen From High & Low,Norihisa Hiranuma,"September 20, 2020",2018,Japan,
High & Low The Movie,Shigeaki Kubo,"September 20, 2020",2016,Japan,
High & Low The Movie 2 / End of Sky,"Shigeaki Kubo, Tsuyoshi Nakakuki","September 20, 2020",2017,Japan,
High & Low The Movie 3 / Final Mission,"Shigeaki Kubo, Tsuyoshi Nakakuki","September 20, 2020",2017,Japan,
High & Low The Red Rain,Yudai Yamaguchi,"September 20, 2020",2016,Japan,
High & Low The Worst,Shigeaki Kubo,"September 20, 2020",2019,,
Road To High & Low,Shigeaki Kubo,"September 20, 2020",2016,Japan,
The Blue Elephant 2,Marwan Hamed,"September 20, 2020",2019,Egypt,
Bhaji In Problem,Smeep Kang,"September 19, 2020",2013,India,
Black,Raja Chanda,"September 19, 2020",2015,India,
Fukrey Boyzzz,,"September 19, 2020",2020,,
Saheb Biwi Aur Gangster Returns,Tigmanshu Dhulia,"September 19, 2020",2013,India,
Santa Banta Pvt Ltd,Akashdeep,"September 19, 2020",2016,India,
The Royal Bengal Tiger,Rajesh Ganguly,"September 19, 2020",2014,India,
Dolly Kitty Aur Woh Chamakte Sitare,Alankrita Shrivastava,"September 18, 2020",2020,India,
Ratched,,"September 18, 2020",2020,United States,
The American Barbecue Showdown,,"September 18, 2020",2020,United States,
The Blacklist,,"September 18, 2020",2019,United States,
Whipped,Chandra Liow,"September 18, 2020",2020,Indonesia,
Anaamika,Sekhar Kammula,"September 17, 2020",2014,India,
Dragon's Dogma,,"September 17, 2020",2020,,
GIMS: On the Record,Florent Bodin,"September 17, 2020",2020,France,
Horrid Henry's Gross Day Out,Gary Andrews,"September 17, 2020",2020,United Kingdom,
Nee Enge En Anbe,Sekhar Kammula,"September 17, 2020",2014,,
Residue,Merawi Gerima,"September 17, 2020",2020,United States,
The Last Word,,"September 17, 2020",2020,Germany,
Baby,,"September 16, 2020",2020,Italy,
Challenger,,"September 16, 2020",2020,United States,
Criminal: UK,,"September 16, 2020",2020,"United Kingdom, France, Germany, Spain",
Dr Jason Leong Hashtag Blessed,Kubhaer T. Jethwani,"September 16, 2020",2018,,
Signs,,"September 16, 2020",2020,Poland,
Sing On!,,"September 16, 2020",2020,United States,
The Devil All The Time,Antonio Campos,"September 16, 2020",2020,United States,
The Paramedic,Carles Torras,"September 16, 2020",2020,Spain,
The Take,James Watkins,"September 16, 2020",2016,"United Kingdom, France, United States, Belgium, Luxembourg, China, Germany",
Call the Midwife,Philippa Lowthorpe,"September 15, 2020",2020,United Kingdom,
Hope Frozen: A Quest to Live Twice,Pailin Wedel,"September 15, 2020",2020,"Thailand, United States",
Michael McIntyre: Showman,Chris Howe,"September 15, 2020",2020,United Kingdom,
Raising Victor Vargas,Peter Sollett,"September 15, 2020",2002,"France, United States",
Taco Chronicles,,"September 15, 2020",2020,United States,
The Smurfs 2,Raja Gosnell,"September 15, 2020",2013,"United States, France, Canada, Belgium",
Wish Upon a Unicorn,Steve Bencich,"September 15, 2020",2020,,
Lara and the Beat,Tosin Coker,"September 14, 2020",2018,Nigeria,
Buddi,,"September 11, 2020",2020,"United Kingdom, China",
Dad Wanted,Javier Colinas,"September 11, 2020",2020,Mexico,
Family Business,,"September 11, 2020",2020,France,
Girlfriends,,"September 11, 2020",2007,United States,
How to Train Your Dragon 2,Dean DeBlois,"September 11, 2020",2014,United States,
Pets United,Reinhard Klooss,"September 11, 2020",2020,"Germany, China, United Kingdom",
The Barrier,,"September 11, 2020",2020,Spain,
The Duchess,,"September 11, 2020",2020,United Kingdom,
Wonho Chung: Live in New York,Shaun Mir,"September 11, 2020",2014,,
Aapla Manus,Satish Rajwade,"September 10, 2020",2018,India,
Ani... Dr. Kashinath Ghanekar,Abhijeet Deshpande,"September 10, 2020",2018,India,
Bhai: Vyakti Ki Valli - Poorvardha,Mahesh Manjrekar,"September 10, 2020",2019,India,
Bhai: Vyakti Ki Valli - Uttarardh,Mahesh Manjrekar,"September 10, 2020",2019,India,
Cycle,Prakash Kunte,"September 10, 2020",2018,India,
Dhh,Manish Saini,"September 10, 2020",2017,India,
Greenleaf,,"September 10, 2020",2020,United States,
Julie and the Phantoms,Kenny Ortega,"September 10, 2020",2020,United States,
Kaagar,Makarand Mane,"September 10, 2020",2019,India,
Night of Knots,Hakan Algül,"September 10, 2020",2018,Turkey,
PhotoCopy,Vijay Maurya,"September 10, 2020",2016,India,
Poshter Girl,Sameer Patil,"September 10, 2020",2016,India,
Satria Heroes: Revenge of the Darkness,"Kenzo Maihara, Amandha Wyanto","September 10, 2020",2017,Indonesia,
Son Of Adam,Ahmed Nader Galal,"September 10, 2020",2018,Egypt,
The Babysitter: Killer Queen,McG,"September 10, 2020",2020,United States,
Cargo,Arati Kadav,"September 9, 2020",2020,India,
Cuties,Maïmouna Doucouré,"September 9, 2020",2020,France,
Get Organized with The Home Edit,,"September 9, 2020",2020,United States,
La Línea: Shadow of Narco,Pepe Mora,"September 9, 2020",2020,Spain,
So Much Love to Give,Marcos Carnevale,"September 9, 2020",2020,Argentina,
The Social Dilemma,Jeff Orlowski,"September 9, 2020",2020,United States,
#Alive,Cho Il,"September 8, 2020",2020,South Korea,
Record of Youth,,"September 8, 2020",2020,South Korea,
My Octopus Teacher,"Pippa Ehrlich, James Reed","September 7, 2020",2020,South Africa,
Toll Booth,Tolga Karaçelik,"September 7, 2020",2010,Turkey,
Transformers: Cyberverse,,"September 7, 2020",2020,,
"Waiting for ""Superman""",Davis Guggenheim,"September 7, 2020",2010,United States,
Cleverman,,"September 5, 2020",2017,"Australia, New Zealand, United States",
Villain,Philip Barantini,"September 5, 2020",2020,United Kingdom,
Away,,"September 4, 2020",2020,United States,
I'm Thinking of Ending Things,Charlie Kaufman,"September 4, 2020",2020,United States,
Kandasamys: The Wedding,Jayan Moodley,"September 4, 2020",2019,South Africa,
Spirit Riding Free: Riding Academy,,"September 4, 2020",2020,United States,
The Lost Okoroshi,Abba T. Makama,"September 4, 2020",2019,Nigeria,
You're My Boss,Antoinette Jadaone,"September 4, 2020",2015,Philippines,
Afonso Padilha: Classless,"Junior Carelli, Rudge Campos","September 3, 2020",2020,Brazil,
Ave Maryam,Ertanto Robby Soediskam,"September 3, 2020",2018,Indonesia,
"Love, Guaranteed",Mark Steven Johnson,"September 3, 2020",2020,United States,
Young Wallander,,"September 3, 2020",2020,United Kingdom,
Chef's Table: BBQ,,"September 2, 2020",2020,United States,
Freaks – You're One of Us,Felix Binder,"September 2, 2020",2020,Germany,
Hotel for Dogs,Thor Freudenthal,"September 2, 2020",2009,"Germany, United States",
Sky Tour: The Movie,Nguyen Thanh Tung,"September 2, 2020",2020,Vietnam,
The Witcher: A Look Inside the Episodes,,"September 2, 2020",2020,,
Adrift,Baltasar Kormákur,"September 1, 2020",2018,"Hong Kong, Iceland, United States",
Always Be My Maybe,Dan Villegas,"September 1, 2020",2016,Philippines,
Barbie Princess Adventure,Conrad Helten,"September 1, 2020",2020,Netherlands,
Blue Exorcist,,"September 1, 2020",2017,Japan,
Bookmarks,,"September 1, 2020",2020,United States,
Borgen,,"September 1, 2020",2012,Denmark,
Children of the Sea,Ayumu Watanabe,"September 1, 2020",2019,"Japan, United States",
Erased,,"September 1, 2020",2016,Japan,
Fate/Grand Order -First Order-,Hitoshi Namba,"September 1, 2020",2016,Japan,
Felipe Esparza: Bad Decisions,,"September 1, 2020",2020,United States,
H,,"September 1, 2020",2002,France,
Heidi,,"September 1, 2020",2020,"France, Australia, Germany",
Puss in Boots,Chris Miller,"September 1, 2020",2011,United States,
Sex Drive,Sean Anders,"September 1, 2020",2008,United States,
"Sister, Sister",,"September 1, 2020",1998,United States,
Soldier,Abbas Mustan,"September 1, 2020",1998,India,
"Take the Ball, Pass the Ball",Duncan McMath,"September 1, 2020",2018,Spain,
The Boss Baby: Get That Baby!,"Dan Forgione, Pete Jacobs, Matt Whitlock","September 1, 2020",2020,United States,
The Match,Francesco Carnesecchi,"September 1, 2020",2020,Italy,
The Promised Neverland,,"September 1, 2020",2019,Japan,
The Smurfs,Raja Gosnell,"September 1, 2020",2011,"United States, Belgium, Canada, France",
Thomas and Friends,Greg Tiernan,"September 1, 2020",2020,United Kingdom,
True: Friendship Day,"Mark Thornton, Todd Kauffman","September 1, 2020",2020,Canada,
Maniyarayile Ashokan,Shamzu Zayba,"August 31, 2020",2020,India,
The Debt Collector 2,Jesse V. Johnson,"August 31, 2020",2020,United States,
All Together Now,Brett Haley,"August 29, 2020",2020,United States,
I AM A KILLER: RELEASED,,"August 28, 2020",2020,"United Kingdom, United States",
Masaba Masaba,,"August 28, 2020",2020,India,
Santana,"Chris Roland, Maradona Dias Dos Santos","August 28, 2020",2020,"South Africa, Angola",
Unknown Origins,David Galán Galindo,"August 28, 2020",2020,Spain,
Aggretsuko,,"August 27, 2020",2020,Japan,
Edge of Seventeen,David Moreton,"August 27, 2020",1998,United States,
The Bridge Curse,Lester Hsi,"August 27, 2020",2020,Taiwan,
The Young Messiah,Cyrus Nowrasteh,"August 27, 2020",2016,United States,
Her Mother's Killer,,"August 26, 2020",2020,Colombia,
Lingua Franca,Isabel Sandoval,"August 26, 2020",2019,"United States, Philippines",
Making The Witcher,Nathan Wiley,"August 26, 2020",2020,United States,
Million Dollar Beach House,,"August 26, 2020",2020,United States,
Rising Phoenix,,"August 26, 2020",2020,United Kingdom,
Emily's Wonder Lab,,"August 25, 2020",2020,United States,
Trinkets,,"August 25, 2020",2020,United States,
Septembers of Shiraz,Wayne Blair,"August 24, 2020",2016,United States,
Baewatch: Parental Guidance,,"August 22, 2020",2019,,
Ojos in d' House,,"August 22, 2020",2013,Nigeria,
Class of '83,Atul Sabharwal,"August 21, 2020",2020,India,
Dark Forces,Bernardo Arellano,"August 21, 2020",2020,Mexico,
Hoops,,"August 21, 2020",2020,United States,
Rust Valley Restorers,,"August 21, 2020",2020,Canada,
The Sleepover,Trish Sie,"August 21, 2020",2020,United States,
Goedam,Hong Won-ki,"August 20, 2020",2020,South Korea,
John Was Trying to Contact Aliens,,"August 20, 2020",2020,United States,
Scarecrow,Khaled Marei,"August 20, 2020",2019,Egypt,
The Crimes That Bind,Sebastián Schindel,"August 20, 2020",2020,Argentina,
DeMarcus Family Rules,,"August 19, 2020",2020,United States,
High Score,,"August 19, 2020",2020,United States,
Little Singham: Kaal Ka Badla,Prakash Satam,"August 19, 2020",2020,,
Drunk Parents,Fred Wolf,"August 18, 2020",2019,United States,
Meet the In-Laws,Niyi Akinmolayan,"August 18, 2020",2017,Nigeria,
Crazy Awesome Teachers,Sammaria Sari Simanjuntak,"August 17, 2020",2020,Indonesia,
Glitch Techs,,"August 17, 2020",2020,United States,
Islands of Faith,Chairun Nissa,"August 17, 2020",2018,Indonesia,
Les Misérables,Tom Hooper,"August 16, 2020",2012,"United Kingdom, United States",
Seventh Son,Sergei Bodrov,"August 16, 2020",2014,"United States, United Kingdom, Canada, China",
Stranger,,"August 16, 2020",2020,South Korea,
Dérè: An African Tale,,"August 15, 2020",2016,,
Rita,,"August 15, 2020",2020,Denmark,
Takki,,"August 15, 2020",2014,Saudi Arabia,
What's Your Raashee?,Ashutosh Gowariker,"August 15, 2020",2009,India,
3%,,"August 14, 2020",2020,Brazil,
Beyond the Boundary: ICC Women's T20 World Cup Australia 2020,Anna Stone,"August 14, 2020",2020,,
Fearless,Cory Edwards,"August 14, 2020",2020,Canada,
Nigerian Prince,Faraday Okoro,"August 14, 2020",2018,"United States, Nigeria",
Octonauts & the Caves of Sac Actun,Blair Simmons,"August 14, 2020",2020,United Kingdom,
Project Power,"Henry Joost, Ariel Schulman","August 14, 2020",2020,United States,
Teenage Bounty Hunters,,"August 14, 2020",2020,United States,
The Great Heist,,"August 14, 2020",2020,Colombia,
The Legend of Korra,,"August 14, 2020",2014,United States,
Zoids Wild,,"August 14, 2020",2018,Japan,
An Easy Girl,Rebecca Zlotowski,"August 13, 2020",2019,France,
Christine,Antonio Campos,"August 13, 2020",2016,"United Kingdom, United States",
Simon Killer,Antonio Campos,"August 13, 2020",2012,"United States, France",
(Un)Well,,"August 12, 2020",2020,United States,
Gunjan Saxena: The Kargil Girl,Sharan Sharma,"August 12, 2020",2020,India,
Mr. Peabody & Sherman,Rob Minkoff,"August 11, 2020",2014,United States,
"Rob Schneider: Asian Momma, Mexican Kids",Tyler Spindel,"August 11, 2020",2020,United States,
GAME ON: A Comedy Crossover Event,,"August 10, 2020",2020,United States,
Terrace House: Tokyo 2019-2020,,"August 10, 2020",2019,Japan,
The Lost Husband,Vicky Wight,"August 10, 2020",2020,United States,
Diamonds in the Sky,Kunle Afolayan,"August 8, 2020",2018,,
The Governor,,"August 8, 2020",2016,Nigeria,
We Summon the Darkness,Marc Meyers,"August 8, 2020",2020,"United States, Canada, United Kingdom",
"Berlin, Berlin: Lolle on the Run",Franziska Meyer Price,"August 7, 2020",2020,Germany,
High Seas,,"August 7, 2020",2020,Spain,
Selling Sunset,,"August 7, 2020",2020,,
Sing On! Germany,,"August 7, 2020",2020,Germany,
Stars in the Sky: A Hunting Story,Steven Rinella,"August 7, 2020",2018,United States,
The Magic School Bus Rides Again Kids In Space,Richard Weston,"August 7, 2020",2020,United States,
Tiny Creatures,,"August 7, 2020",2020,United States,
Wizards: Tales of Arcadia,,"August 7, 2020",2020,United States,
Word Party Songs,,"August 7, 2020",2020,United States,
Work It,Laura Terruso,"August 7, 2020",2020,United States,
Ever After High,,"August 6, 2020",2016,Canada,
Nasha Natasha,Martín Sastre,"August 6, 2020",2020,Uruguay,
The Rain,,"August 6, 2020",2020,"Denmark, United States",
Anelka: Misunderstood,Franck Nataf,"August 5, 2020",2020,France,
Sin City,Pascal Amanfo,"August 5, 2020",2019,,
World's Most Wanted,,"August 5, 2020",2020,United States,
A Go! Go! Cory Carson Summer Camp,"Stanley Moore, Alex Woo","August 4, 2020",2020,,
Malibu Rescue: The Next Wave,Savage Steve Holland,"August 4, 2020",2020,United States,
Mystery Lab,,"August 4, 2020",2020,Brazil,
Sam Jay: 3 In The Morning,Kristian Mercado,"August 4, 2020",2020,United States,
Immigration Nation,,"August 3, 2020",2020,United States,
Almost Love,Mike Doyle,"August 2, 2020",2020,United States,
Killing Hasselhoff,Darren Grant,"August 1, 2020",2017,United States,
Moesha,,"August 1, 2020",2000,United States,
My Perfect Landing,,"August 1, 2020",2020,Canada,
Nagi-Asu: A Lull in the Sea,,"August 1, 2020",2014,Japan,
Rogue Warfare: The Hunt,Mike Gunther,"August 1, 2020",2020,United States,
Super Monsters: The New Class,Steve Ball,"August 1, 2020",2020,Canada,
The Next Step,,"August 1, 2020",2018,Canada,
The Ottoman Lieutenant,Joseph Ruben,"August 1, 2020",2017,"Turkey, United States",
Toradora!,,"August 1, 2020",2008,Japan,
Transformers Rescue Bots Academy,,"August 1, 2020",2020,United States,
Tumi or not Tumi,Mfanelo Ngoma,"August 1, 2020",2020,,
What Keeps You Alive,Colin Minihan,"August 1, 2020",2018,Canada,
Get Even,,"July 31, 2020",2020,United Kingdom,
Latte and the Magic Waterstone,"Regina Welker, Nina Wels","July 31, 2020",2020,Germany,
Raat Akeli Hai,Honey Trehan,"July 31, 2020",2020,India,
Seriously Single,"Katleho Ramaphakela, Rethabile Ramaphakela","July 31, 2020",2020,South Africa,
Sugar High,Ariel Boles,"July 31, 2020",2020,United States,
Sugar Rush,,"July 31, 2020",2020,United States,
The Umbrella Academy,,"July 31, 2020",2020,"United States, Canada",
Retablo,Álvaro Delgado-Aparicio L.,"July 30, 2020",2017,"Peru, Germany, Norway",
Transformers: War For Cybertron Trilogy,,"July 30, 2020",2020,United States,
Uma Maheswara Ugra Roopasya,Venkatesh Maha,"July 30, 2020",2020,India,
Unlucky Ploy,Nopparoj Chotmunkongsit,"July 30, 2020",2020,,
It's Her Day,Aniedi Anwah,"July 29, 2020",2016,Nigeria,
Redemption,Mickey Fonseca,"July 29, 2020",2019,Mozambique,
Shine Your Eyes,Matias Mariani,"July 29, 2020",2020,"Brazil, France",
The Hater,Jan Komasa,"July 29, 2020",2020,Poland,
The Speed Cubers,Sue Kim,"July 29, 2020",2020,United States,
Tread,Paul Solet,"July 29, 2020",2019,United States,
Last Chance U,,"July 28, 2020",2020,United States,
Banana Split,Ben Kasulke,"July 26, 2020",2020,United States,
Shameless (U.S.),,"July 26, 2020",2019,United States,
Door Ke Darshan,Gagan Puri,"July 25, 2020",2020,India,
Double World,Teddy Chan,"July 25, 2020",2020,China,
Project Marathwada,Bhavin Wadia,"July 25, 2020",2016,India,
Animal Crackers,"Tony Bancroft, Scott Christian Sava","July 24, 2020",2020,"China, Spain, South Korea, United States",
Dragons: Rescue Riders: Secrets of the Songwing,"Greg Rankin, TJ Sullivan","July 24, 2020",2020,United States,
Nimbe,Tope Alake,"July 24, 2020",2019,Nigeria,
Offering to the Storm,Fernando González Molina,"July 24, 2020",2020,"Spain, Germany",
Romance Doll,Yuki Tanada,"July 24, 2020",2020,Japan,
Sing On! Spain,,"July 24, 2020",2020,Spain,
The Kissing Booth 2,Vince Marcello,"July 24, 2020",2020,"United Kingdom, United States",
Sinatra: All or Nothing at All,Alex Gibney,"July 23, 2020",2015,United States,
The Larva Island Movie,Ahn Byoung-wook,"July 23, 2020",2020,South Korea,
The Letter Reader,Sibusiso Khuzwayo,"July 23, 2020",2019,South Africa,
Fear City: New York vs The Mafia,,"July 22, 2020",2020,United States,
Norsemen,,"July 22, 2020",2020,Norway,
The Remix: Hip Hop X Fashion,"Lisa Cortés, Farah X","July 22, 2020",2019,United States,
Ip Man 4: The Finale,Wilson Yip,"July 21, 2020",2019,"Hong Kong, China",
Jack Whitehall: I'm Only Joking,"Dave Skinner, Freddie Waters","July 21, 2020",2020,United Kingdom,
Street Food: Latin America,,"July 21, 2020",2020,,
Killer Women with Piers Morgan,,"July 19, 2020",2017,United Kingdom,
Funan,Denis Do,"July 18, 2020",2018,"France, Belgium, Luxembourg, Cambodia,",
Gigantosaurus,,"July 18, 2020",2019,France,
Single Wives,,"July 18, 2020",2018,Australia,
Cursed,,"July 17, 2020",2020,"United Kingdom, Australia",
Father Soldier Son,"Leslye Davis, Catrin Einhorn","July 17, 2020",2020,United States,
In The Dark,,"July 17, 2020",2020,United States,
Kissing Game,,"July 17, 2020",2020,Brazil,
The Millions,"Toka McBaror, Tunde Apalowo","July 17, 2020",2019,Nigeria,
Fatal Affair,Peter Sullivan,"July 16, 2020",2020,United States,
MILF,Axelle Laffont,"July 16, 2020",2018,"France, Belgium",
Cold Feet,Moses Inwang,"July 15, 2020",2019,Nigeria,
Dark Desire,,"July 15, 2020",2020,Mexico,
Little Singham: Legend of Dugabakka,,"July 15, 2020",2020,,
Skin Decision: Before and After,,"July 15, 2020",2020,United States,
Sunny Bunnies,,"July 15, 2020",2016,Belarus,
Sylvia,Daniel Oriahi,"July 15, 2020",2018,Nigeria,
The Players,Stefano Mordini,"July 15, 2020",2020,Italy,
The Business of Drugs,,"July 14, 2020",2020,United States,
Urzila Carlson: Overqualified Loser,Hayden Guppy,"July 14, 2020",2020,Australia,
We Are One,Stéphane de Freitas,"July 14, 2020",2020,France,
Hole in the Wall,"André Odendaal, Johan Vorster","July 11, 2020",2016,South Africa,
Dating Around: Brazil,Cassia Dian,"July 10, 2020",2020,Brazil,
Down to Earth with Zac Efron,,"July 10, 2020",2020,United States,
Mama's Boy,Amro Salah,"July 10, 2020",2018,Egypt,
The Claudia Kishi Club,Sue Ding,"July 10, 2020",2020,United States,
The Epic Tales of Captain Underpants in Space,,"July 10, 2020",2020,United States,
The Old Guard,Gina Prince-Bythewood,"July 10, 2020",2020,United States,
The Twelve,Wouter Bouvijn,"July 10, 2020",2019,Belgium,
Your Excellency,Funke Akindele,"July 10, 2020",2019,,
Japan Sinks: 2020,,"July 9, 2020",2020,Japan,
The Protector,,"July 9, 2020",2020,Turkey,
Was It Love?,,"July 9, 2020",2020,South Korea,
Born Racer,Bryn Evans,"July 8, 2020",2018,New Zealand,
Mucho Mucho Amor: The Legend of Walter Mercado,"Cristina Costantini, Kareem Tabsch","July 8, 2020",2020,United States,
Stateless,,"July 8, 2020",2020,Australia,
The Long Dumb Road,Hannah Fidell,"July 8, 2020",2018,United States,
Dr. Seuss' The Lorax,"Chris Renaud, Kyle Balda","July 7, 2020",2012,"United States, France",
Jim Jefferies: Intolerant,Scott Zabielski,"July 7, 2020",2020,,
A Kid from Coney Island,"Coodie, Chike","July 6, 2020",2019,"United States, China",
PNL - Dans la légende tour,QLF,"July 6, 2020",2020,,
Aiyyaa,Sachin Kundalkar,"July 5, 2020",2012,India,
Bbuddah Hoga Terra Baap,Puri Jagannadh,"July 5, 2020",2011,India,
Blood Money,Vishal Mahadkar,"July 5, 2020",2012,India,
Bombay Talkies,"Anurag Kashyap, Dibakar Banerjee, Karan Johar, Zoya Akhtar","July 5, 2020",2013,India,
Boss,Anthony D'Souza,"July 5, 2020",2013,India,
Budhia Singh: Born to Run,Soumendra Padhi,"July 5, 2020",2016,India,
Chashme Baddoor,David Dhawan,"July 5, 2020",2013,India,
Dharam Sankat Mein,Fuwad Khan,"July 5, 2020",2015,India,
Drishyam,Nishikant Kamat,"July 5, 2020",2015,India,
Gabbar Is Back,Krish,"July 5, 2020",2015,India,
Gollu Aur Pappu,Kabir Sadanand,"July 5, 2020",2014,India,
Hook,Rachit Kusonkoonsiri,"July 5, 2020",2020,Thailand,
Inkaar,Sudhir Mishra,"July 5, 2020",2013,India,
Madras Café,Shoojit Sircar,"July 5, 2020",2013,India,
Mary Kom,Omung Kumar,"July 5, 2020",2014,India,
Michael,Ribhu Dasgupta,"July 5, 2020",2011,India,
Mumbai Delhi Mumbai,Satish Rajwade,"July 5, 2020",2014,India,
Oh My God,Umesh Shukla,"July 5, 2020",2012,India,
One by Two,Devika Bhagat,"July 5, 2020",2014,India,
Only,Takashi Doscher,"July 5, 2020",2019,United States,
Penalty,Shubham Singh,"July 5, 2020",2019,India,
Players,"Abbas Alibhai Burmawalla, Mastan Alibhai Burmawalla","July 5, 2020",2012,India,
Pyaar Ka Punchnama 2,Luv Ranjan,"July 5, 2020",2015,India,
Queen,Vikas Bahl,"July 5, 2020",2014,India,
Shaitan,Bejoy Nambiar,"July 5, 2020",2011,India,
Special 26,Neeraj Pandey,"July 5, 2020",2013,India,
Tanu Weds Manu,Aanand Rai,"July 5, 2020",2011,India,
What the Fish,Gurmmeet Singh,"July 5, 2020",2013,India,
Little Singham,,"July 4, 2020",2020,India,
Cable Girls,,"July 3, 2020",2019,Spain,
Desperados,LP,"July 3, 2020",2020,United States,
Hunter in the Blue Side of Manchester,Rako Prijanto,"July 3, 2020",2020,"Indonesia, United Kingdom",
I Am Not Your Negro,Raoul Peck,"July 3, 2020",2017,"Switzerland, France, Belgium, United States",
JU-ON: Origins,,"July 3, 2020",2020,Japan,
Southern Survival,,"July 3, 2020",2020,United States,
The Baby-Sitters Club,,"July 3, 2020",2020,United States,
The Perfect Picture: Ten Years Later,Shirley Frimpong-Manso,"July 3, 2020",2019,Ghana,
Supermarket Sweep,,"July 2, 2020",1993,United States,
Thiago Ventura: POKAS,"Fabio Ock, Joana Mazzucchelli","July 2, 2020",2020,Brazil,
Warrior Nun,,"July 2, 2020",2020,United States,
#AnneFrank - Parallel Stories,"Sabina Fedeli, Anna Migotto","July 1, 2020",2019,Italy,
21 Again,,"July 1, 2020",2019,United Kingdom,
A Touch of Green,,"July 1, 2020",2016,Taiwan,
Abby Hatcher,Kyran Kelly,"July 1, 2020",2019,"United States, Canada",
Adú,Salvador Calvo,"July 1, 2020",2020,Spain,
Ali Baba ve 7 Cüceler,Cem Yılmaz,"July 1, 2020",2015,Turkey,
David Foster: Off the Record,Barry Avrich,"July 1, 2020",2019,Canada,
Double Jeopardy,Bruce Beresford,"July 1, 2020",1999,"United States, Germany, Canada",
Pek Yakında,Cem Yılmaz,"July 1, 2020",2014,Turkey,
Say I Do,,"July 1, 2020",2020,United States,
Stardust,Matthew Vaughn,"July 1, 2020",2007,"United Kingdom, United States",
The F**k-It List,Michael Duggan,"July 1, 2020",2019,United States,
The Silence of Others,"Almudena Carracedo, Robert Bahar","July 1, 2020",2019,"Spain, France, Canada, United States",
Total Recall,Paul Verhoeven,"July 1, 2020",1990,"United States, Mexico",
Trotro,,"July 1, 2020",2004,France,
Under the Riccione Sun,Younuts!,"July 1, 2020",2020,Italy,
BNA,,"June 30, 2020",2020,Japan,
George Lopez: We'll Do It For Half,Troy Miller,"June 30, 2020",2020,United States,
Homemade,,"June 30, 2020",2020,"Chile, Italy",
The Mirror Boy,Obi Emelonye,"June 30, 2020",2011,"United Kingdom, Nigeria",
#FriendButMarried 2,Rako Prijanto,"June 28, 2020",2020,Indonesia,
Skin,Daniel Effiong,"June 28, 2020",2019,Nigeria,
Thackeray (Marathi),Abhijit Panse,"June 28, 2020",2019,,
Dark,,"June 27, 2020",2020,"Germany, United States",
Ride Like a Girl,Rachel Griffiths,"June 27, 2020",2020,Australia,
All For Love,,"June 26, 2020",2020,Colombia,
Eurovision Song Contest: The Story of Fire Saga,David Dobkin,"June 26, 2020",2020,United States,
Home Game,,"June 26, 2020",2020,United States,
Kasanova,Oluseyi Asurf,"June 26, 2020",2019,Nigeria,
Ordinary People,Eduardo Roy Jr.,"June 26, 2020",2016,Philippines,
Seven (Tamil),,"June 26, 2020",2019,India,
Seven (Telugu),,"June 26, 2020",2019,,
Thackeray (Hindi),Abhijit Panse,"June 26, 2020",2019,India,
Twogether,,"June 26, 2020",2020,South Korea,
Krishna and His Leela,Ravikanth Perepu,"June 25, 2020",2020,India,
Prem Ratan Dhan Payo,Sooraj R. Barjatya,"June 25, 2020",2015,India,
Vivah,Sooraj R. Barjatya,"June 25, 2020",2006,India,
Athlete A,"Bonni Cohen, Jon Shenk","June 24, 2020",2020,United States,
Bulbbul,Anvita Dutt,"June 24, 2020",2020,India,
Crazy Delicious,,"June 24, 2020",2020,United Kingdom,
Nobody Knows I'm Here,Gaspar Antillo,"June 24, 2020",2020,Chile,
Eric Andre: Legalize Everything,Eric Notarnicola,"June 23, 2020",2020,United States,
"Roswell, New Mexico",,"June 23, 2020",2020,United States,
Kappela,Musthafa,"June 22, 2020",2020,India,
The Royal Hibiscus Hotel,Ishaya Bako,"June 22, 2020",2017,Nigeria,
It's Okay to Not Be Okay,,"June 21, 2020",2020,South Korea,
Woodshock,"Kate Mulleavy, Laura Mulleavy","June 21, 2020",2017,United States,
Elevator Baby,Akhigbe Ilozobhie,"June 20, 2020",2019,Nigeria,
Babies,,"June 19, 2020",2020,United States,
Chaman Bahaar,Apurva Dhar Badgaiyann,"June 19, 2020",2020,India,
Destiny,Youssef Chahine,"June 19, 2020",1997,"France, Egypt",
Disclosure,,"June 19, 2020",2020,United States,
Feel the Beat,Elissa Down,"June 19, 2020",2020,United States,
Floor Is Lava,,"June 19, 2020",2020,United States,
Lost Bullet,Guillaume Pierret,"June 19, 2020",2020,France,
Most Beautiful Thing,,"June 19, 2020",2020,Brazil,
One-Way to Tomorrow,Ozan Açıktan,"June 19, 2020",2020,Turkey,
The Emigrant,Youssef Chahine,"June 19, 2020",1994,"Egypt, France",
The Politician,,"June 19, 2020",2020,United States,
Wasp Network,Olivier Assayas,"June 19, 2020",2020,"France, Brazil, Spain, Belgium",
A Whisker Away,"Junichi Sato, Tomotaka Shibayama","June 18, 2020",2020,Japan,
Alexandria ... Why?,Youssef Chahine,"June 18, 2020",1979,"Egypt, Algeria",
Alexandria: Again and Forever,Youssef Chahine,"June 18, 2020",1989,"France, Egypt",
An Egyptian Story,Youssef Chahine,"June 18, 2020",1982,Egypt,
Cairo Station,Youssef Chahine,"June 18, 2020",1958,Egypt,
Dark Waters,Youssef Chahine,"June 18, 2020",1956,Egypt,
El límite infinito,Pablo Aulita,"June 18, 2020",2020,,
Lola Igna,Eduardo Roy Jr.,"June 18, 2020",2019,Philippines,
One Take,Manatsanun Phanlerdwongsakul,"June 18, 2020",2020,Thailand,
Saladin,Youssef Chahine,"June 18, 2020",1963,Egypt,
Stray Bullet,Georges Hachem,"June 18, 2020",2010,Lebanon,
The Blazing Sun,Youssef Chahine,"June 18, 2020",1954,Egypt,
The Land,Youssef Chahine,"June 18, 2020",1970,Egypt,
The Nut Job,Peter Lepeniotis,"June 18, 2020",2014,"Canada, South Korea, United States",
The Order,,"June 18, 2020",2020,United States,
An Evening with Beverly Luff Linn,Jim Hosking,"June 17, 2020",2018,"United Kingdom, United States",
Riding Faith,Paco Aguilar,"June 17, 2020",2020,United States,
Last Flight to Abuja,Obi Emelonye,"June 16, 2020",2012,"Nigeria, United Kingdom",
The Darkness,Greg McLean,"June 16, 2020",2016,United States,
The Chase,,"June 15, 2020",2015,United States,
The Show Must Go On: The Queen + Adam Lambert Story,,"June 15, 2020",2019,"United Kingdom, United States",
Underdogs,Juan José Campanella,"June 15, 2020",2013,"Argentina, Spain",
Wira,Adrian Teh,"June 15, 2020",2019,Malaysia,
4th Republic,Ishaya Bako,"June 13, 2020",2019,Nigeria,
Alexa & Katie,,"June 13, 2020",2020,United States,
Asura Guru,A. Raajdheep,"June 13, 2020",2020,India,
How to Get Away with Murder,,"June 13, 2020",2020,United States,
Milea,"Fajar Bustomi, Pidi Baiq","June 13, 2020",2020,Indonesia,
Axone,Nicholas Kharkongor,"June 12, 2020",2020,India,
Da 5 Bloods,Spike Lee,"June 12, 2020",2020,United States,
Dating Around,,"June 12, 2020",2020,,
F is for Family,,"June 12, 2020",2020,"United States, France, Canada",
Frank Elstner: Just One Last Question,,"June 12, 2020",2020,Germany,
Jo Koy: In His Elements,Michael McKay,"June 12, 2020",2020,United States,
Okko's Inn,Kitaro Kosaka,"June 12, 2020",2018,Japan,
ONE PIECE,,"June 12, 2020",2002,Japan,
The Search,,"June 12, 2020",2020,Mexico,
The Woods,,"June 12, 2020",2020,"Poland, United States",
From A to B,Ali F. Mostafa,"June 11, 2020",2014,"United Arab Emirates, Jordan, Lebanon, Saudi Arabia",
Menahi,Ayman Makram,"June 11, 2020",2008,Saudi Arabia,
Curon,,"June 10, 2020",2020,Italy,
DC's Legends of Tomorrow,Rob Seidenglanz,"June 10, 2020",2020,United States,
Lenox Hill,,"June 10, 2020",2020,United States,
Middle Men,George Gallo,"June 10, 2020",2009,United States,
My Mister,,"June 10, 2020",2018,South Korea,
Reality Z,,"June 10, 2020",2020,Brazil,
The Witch: Part 1 - The Subversion,Park Hoon-jung,"June 10, 2020",2018,South Korea,
Before I Fall,Ry Russo-Young,"June 8, 2020",2017,United States,
365 Days,"Barbara Białowąs, Tomasz Mandes","June 7, 2020",2020,Poland,
Forensic,"Akhil Paul, Anas Khan","June 7, 2020",2020,India,
Project Papa,Kanika Batra,"June 7, 2020",2018,India,
Queen of the South,,"June 6, 2020",2018,"United States, Mexico, Spain, Malta",
The Night Clerk,Michael Cristofer,"June 6, 2020",2020,United States,
13 Reasons Why,,"June 5, 2020",2020,United States,
Before the Summer Crowds,Mohamed Khan,"June 5, 2020",2016,Egypt,
Big Stone Gap,Adriana Trigiani,"June 5, 2020",2014,United States,
Choked: Paisa Bolta Hai,Anurag Kashyap,"June 5, 2020",2020,India,
Merry Men 2: Another Mission,Moses Inwang,"June 5, 2020",2019,Nigeria,
Queer Eye,,"June 5, 2020",2020,United States,
Supernatural,Phil Sgriccia,"June 5, 2020",2019,"United States, Canada",
The Last Days of American Crime,Olivier Megaton,"June 5, 2020",2020,United States,
The Light of My Eyes,,"June 5, 2020",2010,,
BAKI,,"June 4, 2020",2020,Japan,
Hot Sweet Sour,Andaç Haznedaroğlu,"June 4, 2020",2017,Turkey,
Overnight Republic,Murat Kepez,"June 4, 2020",2017,Turkey,
Can’t Complain,Ahmed Nader Galal,"June 3, 2020",2007,Egypt,
Lady Bird,Greta Gerwig,"June 3, 2020",2017,United States,
Spelling the Dream,Sam Rega,"June 3, 2020",2020,United States,
Alone,,"June 2, 2020",2019,,
Andaleeb El Dokki,Wael Ehsan,"June 2, 2020",2008,Egypt,
Let's Dance,Inas El-Degheidy,"June 2, 2020",2006,Egypt,
Life's Speed Bump,Wael Ehsan,"June 2, 2020",2006,Egypt,
Mr. Romantic,Ahmed Al-Badry,"June 2, 2020",2009,,
My Horrible Grandma,Sameh Abdulaziz,"June 2, 2020",2012,Egypt,
Sorry To Disturb,Khaled Marei,"June 2, 2020",2008,Egypt,
The Student Cop,Wael Ihsan,"June 2, 2020",2004,Egypt,
True: Rainbow Rescue,,"June 2, 2020",2020,Canada,
What's Up?,Izidore K. Musallam,"June 2, 2020",2006,"Saudi Arabia, United Arab Emirates",
X Large,Sherif Arafa,"June 2, 2020",2011,Egypt,
122,Yasir Al Yasiri,"June 1, 2020",2019,Egypt,
Cardcaptor Sakura,,"June 1, 2020",1999,Japan,
Chippa,Safdar Rahman,"June 1, 2020",2020,India,
Cook Off,Tomas Brickhill,"June 1, 2020",2017,Zimbabwe,
Dear My Friends,,"June 1, 2020",2016,South Korea,
Kalek Shanab,Hani Al-Shaibani,"June 1, 2020",2019,United Arab Emirates,
Megalobox,,"June 1, 2020",2018,Japan,
Midnight Diner,,"June 1, 2020",2014,Japan,
Mirai,Mamoru Hosoda,"June 1, 2020",2018,"Japan, United States",
My Shy Boss,,"June 1, 2020",2017,South Korea,
Revolutionary Love,,"June 1, 2020",2017,South Korea,
The Disaster Artist,James Franco,"June 1, 2020",2017,United States,
The Stolen,Niall Johnson,"June 1, 2020",2016,"United Kingdom, Germany, United Arab Emirates, New Zealand",
High Strung Free Dance,Michael Damian,"May 31, 2020",2019,"Romania, United States",
Freej Al Taibeen,Ahmed Zain,"May 29, 2020",2018,United Arab Emirates,
Kenny Sebastian: The Most Interesting Person in the Room,Angshuman Ghosh,"May 29, 2020",2020,India,
Space Force,,"May 29, 2020",2020,United States,
The Other,Youssef Chahine,"May 29, 2020",1999,"France, Egypt",
"Can't Cope, Won't Cope",,"May 28, 2020",2018,Ireland,
Dorohedoro,,"May 28, 2020",2020,Japan,
Grandmother's Farm,Ahmed Zein,"May 28, 2020",2014,United Arab Emirates,
Grandmother's Farm Part 2,Ahmed Zein,"May 28, 2020",2015,United Arab Emirates,
Intuition,Alejandro Montiel,"May 28, 2020",2020,Argentina,
Mako Mermaids: An H2O Adventure,,"May 28, 2020",2016,Australia,
I'm No Longer Here,Fernando Frías de la Parra,"May 27, 2020",2019,"Mexico, United States",
Hannah Gadsby: Douglas,Madeleine Parry,"May 26, 2020",2020,Australia,
Ne Zha,Yu Yang,"May 25, 2020",2019,China,
Supergirl,Jesse Warn,"May 25, 2020",2019,United States,
Uncut Gems,"Josh Safdie, Benny Safdie","May 25, 2020",2019,United States,
Betaal,,"May 24, 2020",2020,India,
Dynasty,,"May 23, 2020",2019,United States,
One Day We'll Talk About Today,Angga Dwimas Sasongko,"May 23, 2020",2020,Indonesia,
Si Doel the Movie 3,Rano Karno,"May 23, 2020",2020,Indonesia,
History 101,,"May 22, 2020",2020,United Kingdom,
Living in Bondage: Breaking Free,Ramsey Nouah,"May 22, 2020",2019,Nigeria,
Modest Heroes: Ponoc Short Films Theatre,"Hiromasa Yonebayashi, Yoshiyuki Momose, Akihiko Yamashita","May 22, 2020",2018,Japan,
The Lovebirds,Michael Showalter,"May 22, 2020",2020,United States,
Trailer Park Boys: The Animated Series,"Norm Hiscock, Gary Howsam, Mike Smith, John Paul Tremblay, Robb Wells","May 22, 2020",2020,Canada,
#FriendButMarried,Rako Prijanto,"May 21, 2020",2018,Indonesia,
Bye Bye London,Almunsif Alsuwaisi,"May 21, 2020",1981,Kuwait,
Fifty Year Old Teenager,Fouad Al Shatti,"May 21, 2020",1996,,
Lock Your Girls In,Fouad El-Mohandes,"May 21, 2020",1982,,
Mujeres arriba,Andrés Feddersen,"May 21, 2020",2019,Chile,
Mystic Pop-up Bar,,"May 21, 2020",2020,South Korea,
No Longer kids,Samir Al Asfory,"May 21, 2020",1979,Egypt,
Raya and Sakina,Hussein Kamal,"May 21, 2020",1984,,
Sayed the Servant,Hussein Kamal,"May 21, 2020",1985,,
The Married Couples,Hassan AbdulSalam,"May 21, 2020",1981,Egypt,
The School of Mischief,Houssam El-Din Mustafa,"May 21, 2020",1973,Egypt,
The Witness Who Didn't See Anything,"Muhammad Fadl, Hany Motawie","May 21, 2020",1976,Egypt,
Anchor Baby,Lonzo Nzekwe,"May 20, 2020",2010,"Canada, Nigeria",
Ben Platt Live from Radio City Music Hall,"Alex Timbers, Sam Wrench","May 20, 2020",2020,United States,
Especial 20 años Fútbol de Primera,,"May 20, 2020",2020,,
Honeytrap,Rebecca Johnson,"May 20, 2020",2014,United Kingdom,
I Will Follow,Ava DuVernay,"May 20, 2020",2010,United States,
Mutiny of the Worker Bees,Carlos Morett,"May 20, 2020",2020,Mexico,
The Queen and the Conqueror,,"May 20, 2020",2020,Colombia,
What Are the Odds?,Megha Ramaswamy,"May 20, 2020",2020,India,
Either Me Or My Auntie,Saeed Hamed,"May 19, 2020",2006,Egypt,
Escaping Tel Aviv,Sherif Arafa,"May 19, 2020",2009,Egypt,
Game Over,Ahmed Al-Badry,"May 19, 2020",2012,Egypt,
Karkar,Ali Ragab,"May 19, 2020",2007,Egypt,
My Sleeping Lover,Ahmad El-Badri,"May 19, 2020",2008,Egypt,
Omar & Salma 2,Ahmad El-Badri,"May 19, 2020",2009,Egypt,
Patton Oswalt: I Love Everything,Marcus Raboy,"May 19, 2020",2020,United States,
Sweet Magnolias,,"May 19, 2020",2020,United States,
Tarek's Situation,Wael Ehsan,"May 19, 2020",2006,Egypt,
The Beach Loafer,Ali Ragab,"May 19, 2020",2004,Egypt,
Wadjda,Haifaa Al-Mansour,"May 19, 2020",2012,"Saudi Arabia, Netherlands, Germany, Jordan, United Arab Emirates, United States",
Zaki Chan,Wael Ihsan,"May 19, 2020",2005,Egypt,
Light in the Dark,Ekene Som Mekwunye,"May 18, 2020",2019,Nigeria,
The Big Flower Fight,,"May 18, 2020",2020,United Kingdom,
Patriot Act with Hasan Minhaj,,"May 17, 2020",2020,United States,
The End,Mohammed Alhmly,"May 17, 2020",2019,Kuwait,
Boys Over Flowers,,"May 16, 2020",2009,South Korea,
Iris,,"May 16, 2020",2009,South Korea,
Avatar: The Last Airbender,,"May 15, 2020",2007,United States,
Heaven Without People,Lucien Bourjeily,"May 15, 2020",2017,Lebanon,
"I love you, stupid",Laura Mañá,"May 15, 2020",2019,Spain,
Inhuman Resources,Ziad Doueiri,"May 15, 2020",2020,France,
Madam Secretary,,"May 15, 2020",2019,United States,
Magic for Humans,,"May 15, 2020",2020,United States,
Parasyte: The Maxim,,"May 15, 2020",2014,Japan,
She-Ra and the Princesses of Power,,"May 15, 2020",2020,United States,
Sleepless Society: Two Pillows & A Lost Soul,Sivaroj Kongsakul,"May 15, 2020",2020,Thailand,
Strangers from Hell,,"May 15, 2020",2019,South Korea,
The Wiggles,,"May 15, 2020",2015,Australia,
White Lines,,"May 15, 2020",2020,"United Kingdom, Spain",
Dilan 1990,"Fajar Bustomi, Pidi Baiq","May 14, 2020",2018,Indonesia,
Dilan 1991,"Fajar Bustomi, Pidi Baiq","May 14, 2020",2019,Indonesia,
Fan of Amoory,Salmeen AlMurry Amer,"May 14, 2020",2018,United Arab Emirates,
Malang,Mohit Suri,"May 14, 2020",2020,India,
Match,Obaid Alhmoudi,"May 14, 2020",2017,,
Rencor tatuado,Julián Hernández,"May 14, 2020",2018,Mexico,
The Delivery Boy,Adekunle Nodash Adejuyigbe,"May 14, 2020",2018,Nigeria,
Wedy Atkalam,Sadeq Behbehani,"May 14, 2020",2018,Kuwait,
Fire in the Blood,Dylan Mohan Gray,"May 13, 2020",2012,India,
The Wrong Missy,Tyler Spindel,"May 13, 2020",2020,United States,
Ali & Alia,Hussein El Ansary,"May 12, 2020",2019,United Arab Emirates,
True: Terrific Tales,,"May 12, 2020",2020,Canada,
Unbreakable Kimmy Schmidt: Kimmy vs. the Reverend,Claire Scanlon,"May 12, 2020",2020,United States,
Action Replayy,Vipul Amrutlal Shah,"May 11, 2020",2010,India,
Andaz Apna Apna,Rajkumar Santoshi,"May 11, 2020",1994,India,
Bordertown,,"May 11, 2020",2019,"Finland, France",
Have a Good Trip: Adventures in Psychedelics,Donick Cary,"May 11, 2020",2020,United States,
Trial By Media,,"May 11, 2020",2020,United States,
John Henry,Will Forbes,"May 9, 2020",2020,United States,
18 Presents,Francesco Amato,"May 8, 2020",2020,Italy,
Dead to Me,,"May 8, 2020",2020,United States,
Restaurants on the Edge,,"May 8, 2020",2020,Canada,
The Eddy,"Damien Chazelle, Houda Benyamina, Laïla Marrakchi, Alan Poul","May 8, 2020",2020,"United Kingdom, Germany, United States, France",
The Hollow,,"May 8, 2020",2020,Canada,
Aerials,S.A. Zaidi,"May 7, 2020",2016,United Arab Emirates,
In Paradox,Hamad AlSarraf,"May 7, 2020",2019,Kuwait,
Scissor Seven,He Xiaofeng,"May 7, 2020",2020,China,
Si Doel the Movie,Rano Karno,"May 7, 2020",2018,Indonesia,
Becoming,Nadia Hallgren,"May 6, 2020",2020,United States,
"Sí, Mi Amor",Pedro Flores Maldonado,"May 6, 2020",2020,,
Jerry Seinfeld: 23 Hours To Kill,Joe DeMaio,"May 5, 2020",2020,United States,
Arctic Dogs,Aaron Woodley,"May 4, 2020",2019,"India, United Kingdom, China, Canada, Japan, South Korea, United States",
Luccas Neto em: Acampamento de Férias 2,Lucas Margutti,"May 4, 2020",2020,Brazil,
One Day: Justice Delivered,Ashok Nanda,"May 3, 2020",2019,India,
Almost Happy,Hernán Guerschuny,"May 2, 2020",2020,Argentina,
Bennett's War,Alex Ranarivelo,"May 2, 2020",2019,United States,
Death Can Wait,Fernando Ayllón,"May 2, 2020",2020,Colombia,
Hangar 1: The UFO Files,,"May 2, 2020",2015,,
Hoarders,,"May 2, 2020",2020,,
Lady Driver,Shaun Paul Piccinino,"May 2, 2020",2019,United States,
Mike Birbiglia: My Girlfriend's Boyfriend,Seth Barrish,"May 2, 2020",2013,United States,
Roped,Shaun Paul Piccinino,"May 2, 2020",2020,United States,
The Stand at Paxton County,Brett Hedlund,"May 2, 2020",2020,United States,
The Universe: Ancient Mysteries Solved,,"May 2, 2020",2015,,
WWII in HD,,"May 2, 2020",2009,United States,
All Day and a Night,Joe Robert Cole,"May 1, 2020",2020,United States,
Cracked Up: The Darrell Hammond Story,Michelle Esrick,"May 1, 2020",2018,United States,
Get In,Olivier Abbou,"May 1, 2020",2019,"France, Belgium",
Go! Go! Cory Carson: The Chrissy,"Alex Woo, Stanley Moore","May 1, 2020",2020,United States,
Hollywood,,"May 1, 2020",2020,United States,
I Am Divine,Jeffrey Schwarz,"May 1, 2020",2013,United States,
Madagascar: Escape 2 Africa,"Eric Darnell, Tom McGrath","May 1, 2020",2008,United States,
Masha and the Bear,,"May 1, 2020",2019,Russia,
Material,Craig Freimond,"May 1, 2020",2012,South Africa,
Medici: Masters of Florence,,"May 1, 2020",2019,"Italy, United Kingdom, France",
Monthly Girls' Nozaki Kun,,"May 1, 2020",2014,Japan,
Mrs. Serial Killer,Shirish Kunder,"May 1, 2020",2020,India,
Oh Yuck,,"May 1, 2020",2020,Canada,
Psycho,Mysskin,"May 1, 2020",2020,India,
Reckoning,,"May 1, 2020",2019,"Australia, United States",
The Half Of It,Alice Wu,"May 1, 2020",2020,United States,
The Heartbreak Kid,"Bobby Farrelly, Peter Farrelly","May 1, 2020",2007,United States,
Thomas & Friends: Marvelous Machinery: A New Arrival,Joey So,"May 1, 2020",2020,,
Thomas & Friends: Marvelous Machinery: World of Tomorrow,Joey So,"May 1, 2020",2020,,
Thomas & Friends: Thomas and the Royal Engine,Joey So,"May 1, 2020",2020,,
What a Girl Wants,Dennie Gordon,"May 1, 2020",2003,"United States, United Kingdom",
Dangerous Lies,Michael M. Scott,"April 30, 2020",2020,United States,
DRIFTING DRAGONS,,"April 30, 2020",2020,Japan,
El señor de los Cielos,,"April 30, 2020",2019,"United States, Mexico, Colombia",
Good Witch,,"April 30, 2020",2019,"United States, Canada",
Rich in Love,Bruno Garotti,"April 30, 2020",2020,Brazil,
The Forest of Love: Deep Cut,Sion Sono,"April 30, 2020",2020,Japan,
The Victims' Game,"David Chuang, Chen Kuan-chung","April 30, 2020",2020,Taiwan,
A Secret Love,Chris Bolan,"April 29, 2020",2020,United States,
Ekşi Elmalar,Yılmaz Erdoğan,"April 29, 2020",2016,Turkey,
Extracurricular,,"April 29, 2020",2020,South Korea,
Love Is War,Omoni Oboli,"April 29, 2020",2019,Nigeria,
Murder to Mercy: The Cyntoia Brown Story,,"April 29, 2020",2020,United States,
Nadiya’s Time to Eat,,"April 29, 2020",2020,United Kingdom,
R.K.Nagar,Saravana Rajan,"April 29, 2020",2019,India,
Tjovitjo,,"April 29, 2020",2017,South Africa,
Beynelmilel,"Muharrem Gülmez, Sırrı Süreyya Önder","April 28, 2020",2006,Turkey,
Bir Baba Hindu,Sermiyan Midyat,"April 28, 2020",2016,"Turkey, India",
Boushkash,"Ahmed Yousry, Hazem Fouda","April 28, 2020",2008,Egypt,
Cinar Agaci,Handan İpekçi,"April 28, 2020",2011,Turkey,
Görümce,Kıvanç Baruönü,"April 28, 2020",2016,Turkey,
İstanbul Kırmızısı,Ferzan Özpetek,"April 28, 2020",2017,"Italy, Turkey",
Küçük Esnaf,Bedran Güzel,"April 28, 2020",2016,Turkey,
Lembi 8 Giga,Ashraf Fayeq,"April 28, 2020",2010,,
Neseli Hayat,Yılmaz Erdoğan,"April 28, 2020",2009,Turkey,
Organize Isler,Yılmaz Erdoğan,"April 28, 2020",2005,Turkey,
The Reliant,Paul Munger,"April 28, 2020",2019,United States,
We'll Be Right Back After The Break,Ahmed Nader Galal,"April 28, 2020",2012,Egypt,
5Gang,Matei Dima,"April 27, 2020",2019,Romania,
Love Aaj Kal,Imtiaz Ali,"April 27, 2020",2020,India,
The Lift Boy,Jonathan Augustin,"April 27, 2020",2020,India,
"Coronavirus, Explained",,"April 26, 2020",2020,United States,
The Last Kingdom,,"April 26, 2020",2020,United Kingdom,
Bheeshma,Venky Kudumula,"April 25, 2020",2020,India,
Bittersweet,Khaled Marei,"April 25, 2020",2010,Egypt,
My Secret Romance,,"April 25, 2020",2017,South Korea,
No Direction Home: Bob Dylan,Martin Scorsese,"April 25, 2020",2005,"United Kingdom, United States, Japan",
She Made Me a Criminal,Amr Arafa,"April 25, 2020",2006,Egypt,
The Artist,Michel Hazanavicius,"April 25, 2020",2011,"France, Belgium, United States",
The Dealer,Ahmed Saleh,"April 25, 2020",2010,Egypt,
The International Player,Ahmed Medhat,"April 25, 2020",2009,Egypt,
The Promise,Mohamed Yassin,"April 25, 2020",2008,Egypt,
الف مبروك,Ahmed Nader Galal,"April 25, 2020",2009,Egypt,
دفعة القاهرة,,"April 25, 2020",2019,,
After Life,,"April 24, 2020",2020,United Kingdom,
DreamWorks Spooky Stories: Volume 2,,"April 24, 2020",2011,,
Kolaiyuthir Kaalam,Chakri Toleti,"April 24, 2020",2019,India,
Love 101,,"April 24, 2020",2020,Turkey,
"Yours Sincerely, Kanan Gill",Neville Shah,"April 24, 2020",2020,India,
Ghost in the Shell: SAC_2045,,"April 23, 2020",2020,"Japan, United States",
My Stupid Boss,Upi Avianto,"April 23, 2020",2016,Indonesia,
My Stupid Boss 2,Upi Avianto,"April 23, 2020",2019,Indonesia,
The House of Flowers,,"April 23, 2020",2020,Mexico,
This Earth of Mankind,Hanung Bramantyo,"April 23, 2020",2019,Indonesia,
Time to Hunt,Yoon Sung-hyun,"April 23, 2020",2020,South Korea,
Absurd Planet,,"April 22, 2020",2020,United States,
Circus of Books,Rachel Mason,"April 22, 2020",2020,United States,
The Plagues of Breslau,Patryk Vega,"April 22, 2020",2018,Poland,
The Set Up,Niyi Akinmolayan,"April 22, 2020",2019,Nigeria,
The Silence of the Marsh,Marc Vigil,"April 22, 2020",2019,Spain,
The Willoughbys,Kris Pearn,"April 22, 2020",2020,"Canada, United States, United Kingdom",
Win the Wilderness,,"April 22, 2020",2020,United Kingdom,
Bleach,,"April 21, 2020",2006,Japan,
Middleditch & Schwartz,Ryan Polito,"April 21, 2020",2020,United States,
Nicky Jam: El Ganador,,"April 21, 2020",2018,"Puerto Rico, United States, Colombia",
Cooked with Cannabis,,"April 20, 2020",2020,United States,
The Midnight Gospel,,"April 20, 2020",2020,United States,
Varane Avashyamund,Anoop Sathyan,"April 20, 2020",2020,India,
ChuChu TV Nursery Rhymes & Kids Songs (Hindi),,"April 18, 2020",2019,India,
The King: Eternal Monarch,,"April 18, 2020",2020,South Korea,
#blackAF,,"April 17, 2020",2020,United States,
Babamın Ceketi,Müfit Can Saçıntı,"April 17, 2020",2018,Turkey,
Earth and Blood,Julien Leclercq,"April 17, 2020",2020,"France, Belgium",
El Dragón: Return of a Warrior,,"April 17, 2020",2020,Mexico,
Hasmukh,,"April 17, 2020",2020,India,
Rising High,Cüneyt Kaya,"April 17, 2020",2020,Germany,
Sergio,Greg Barker,"April 17, 2020",2020,United States,
The Legacy of the Bones,Fernando González Molina,"April 17, 2020",2019,"Spain, Germany",
Alelí,Leticia Jorge Romero,"April 16, 2020",2019,"Uruguay, Argentina",
Fary : Hexagone,"Adrien Lagier, Ousmane Ly","April 16, 2020",2020,France,
Fauda,,"April 16, 2020",2020,Israel,
"Hail, Caesar!","Ethan Coen, Joel Coen","April 16, 2020",2016,"United States, United Kingdom, Japan",
Jem and the Holograms,Jon M. Chu,"April 16, 2020",2015,United States,
Maurício Meirelles: Generating Chaos,Diego Pignataro,"April 16, 2020",2020,Brazil,
Puerto Ricans in Paris,Ian Edelman,"April 16, 2020",2015,United States,
Stunt School,Ali Yorgancıoğlu,"April 16, 2020",2019,Turkey,
For the Broken Hearted,Digo Ricio,"April 15, 2020",2018,Philippines,
Mischief,Emcy Joseph,"April 15, 2020",2019,India,
The Innocence Files,,"April 15, 2020",2020,United States,
World Famous Lover,Kranthi Madhav,"April 15, 2020",2020,India,
Chris D'Elia: No Pain,Matt D'Elia,"April 14, 2020",2020,United States,
New Money,Tope Oshin,"April 14, 2020",2018,Nigeria,
Moms at War,Omoni Oboli,"April 13, 2020",2018,Nigeria,
Surviving R. Kelly: The Impact,,"April 13, 2020",2019,United States,
Code 8,Jeff Chan,"April 11, 2020",2019,Canada,
Brews Brothers,,"April 10, 2020",2020,United States,
LA Originals,,"April 10, 2020",2020,"United States, Argentina",
Love Wedding Repeat,Dean Craig,"April 10, 2020",2020,"United Kingdom, Italy",
School Life,"Grand Corps Malade, Mehdi Idir","April 10, 2020",2019,France,
The Main Event,Jay Karas,"April 10, 2020",2020,United States,
The Trial,Stefano Lodovichi,"April 10, 2020",2019,Italy,
Tigertail,Alan Yang,"April 10, 2020",2020,United States,
Hi Score Girl,,"April 9, 2020",2019,Japan,
The Circle France,,"April 9, 2020",2020,,
Born Beautiful,Perci Intalan,"April 8, 2020",2019,Philippines,
The Last Airbender,M. Night Shyamalan,"April 8, 2020",2010,United States,
Tiffany Haddish: She Ready! From the Hood To Hollywood!,Chris Robinson,"April 7, 2020",2017,United States,
Mine 9,Eddie Mensore,"April 6, 2020",2019,United States,
The Florida Project,Sean Baker,"April 6, 2020",2017,United States,
Dark Light,Padraig Reynolds,"April 5, 2020",2019,United States,
The Killing of a Sacred Deer,Yorgos Lanthimos,"April 5, 2020",2017,"Ireland, United Kingdom",
Angel Has Fallen,Ric Roman Waugh,"April 4, 2020",2019,United States,
El Reemplazante,,"April 4, 2020",2013,Chile,
Coffee & Kareem,Michael Dowse,"April 3, 2020",2020,United States,
Legacies,,"April 3, 2020",2019,United States,
Money Heist: The Phenomenon,"Pablo Lejarreta, Luis Alfaro","April 3, 2020",2020,Spain,
The Death of Stalin,Armando Iannucci,"April 3, 2020",2017,"United Kingdom, France, Belgium, Canada, United States",
Sol Levante,Akira Saitoh,"April 2, 2020",2020,Japan,
Violet Evergarden: Eternity and the Auto Memory Doll,Haruka Fujita,"April 2, 2020",2019,Japan,
Agneepath,Mukul Anand,"April 1, 2020",1990,India,
Brothers,Karan Malhotra,"April 1, 2020",2015,"India, United States",
Chhota Bheem and the Curse of Damyaan,Rajiv Chilaka,"April 1, 2020",2012,India,
Community,,"April 1, 2020",2015,United States,
David Batra: Elefanten i rummet,"David Batra, Jon Rudberg","April 1, 2020",2020,Sweden,
Dostana,Tarun Mansukhani,"April 1, 2020",2008,"India, United States",
Duniya,Ramesh Talwar,"April 1, 2020",1984,India,
Duplicate,Mahesh Bhatt,"April 1, 2020",1998,India,
Friendship,Raj Khosla,"April 1, 2020",1980,India,
Gori Tere Pyaar Mein,Punit Malhotra,"April 1, 2020",2013,India,
Gumrah,Mahesh Bhatt,"April 1, 2020",1993,India,
Hasee Toh Phasee,Vinil Mathew,"April 1, 2020",2014,India,
How to Fix a Drug Scandal,,"April 1, 2020",2020,United States,
Humpty Sharma Ki Dulhania,Shashank Khaitan,"April 1, 2020",2014,India,
Kaal,Soham Shah,"April 1, 2020",2005,India,
Kabhi Alvida Naa Kehna,Karan Johar,"April 1, 2020",2006,India,
Kabhi Khushi Kabhie Gham,Karan Johar,"April 1, 2020",2001,India,
Kal Ho Naa Ho,Nikkhil Advani,"April 1, 2020",2003,India,
Kapoor & Sons,Shakun Batra,"April 1, 2020",2016,India,
Kuch Kuch Hota Hai,Karan Johar,"April 1, 2020",1998,India,
Magnificent,Vikas Bahl,"April 1, 2020",2015,India,
Man Like Mobeen,,"April 1, 2020",2020,United Kingdom,
Mighty Raju Rio Calling,"Rajiv Chilaka, Anirban Majumder, Alka Amarkant Dubey","April 1, 2020",2014,India,
Muqaddar ka Faisla,Prakash Mehra,"April 1, 2020",1987,India,
Pokémon the Series,,"April 1, 2020",2019,,
Saint Seiya,,"April 1, 2020",1986,Japan,
SETHUM AAYIRAM PON,Anand Ravichandran,"April 1, 2020",2020,India,
Sunderland 'Til I Die,,"April 1, 2020",2020,United Kingdom,
The Iliza Shlesinger Sketch Show,,"April 1, 2020",2020,United States,
The Little Vampire,"Richard Claus, Karsten Kiilerich","April 1, 2020",2017,"Netherlands, Germany, Denmark, United Kingdom",
The Runaways,Floria Sigismondi,"April 1, 2020",2010,United States,
The Windsors,,"April 1, 2020",2020,United Kingdom,
Ungli,Renzil D'Silva,"April 1, 2020",2014,India,
Well-Intended Love,,"April 1, 2020",2020,China,
Wildling,Fritz Böhm,"April 1, 2020",2018,United States,
A truthful Mother,Ravishankar Venkateswaran,"March 31, 2020",2020,India,
Akbar Birbal,,"March 31, 2020",2019,India,
Bal Ganesh,Vijay S. Bhanushali,"March 31, 2020",2019,,
Dave Chappelle: The Kennedy Center Mark Twain Prize for American Humor,,"March 31, 2020",2020,United States,
Greater,David Hunt,"March 31, 2020",2016,United States,
Indian Horse,Stephen S. Campanelli,"March 31, 2020",2017,Canada,
Paharganj,Rakesh Ranjan Kumar,"March 31, 2020",2019,India,
Pretty Little Stalker,Sam Irvin,"March 31, 2020",2018,United States,
Through My Father's Eyes: The Ronda Rousey Story,Gary Stretch,"March 31, 2020",2019,"Canada, United States",
Tree House Tales,,"March 31, 2020",2019,,
Kannum Kannum Kollaiyadithaal,Desingh Periyasamy,"March 29, 2020",2020,India,
Rugal,,"March 29, 2020",2020,South Korea,
Rogue Warfare,Mike Gunther,"March 28, 2020",2019,United States,
Dragons: Rescue Riders: Hunt for the Golden Dragon,"TJ Sullivan, Greg Rankin","March 27, 2020",2020,United States,
Happy!,,"March 27, 2020",2019,United States,
Ladies Up,,"March 27, 2020",2019,India,
Maska,Neeraj Udhwani,"March 27, 2020",2020,India,
Ozark,,"March 27, 2020",2020,United States,
The Decline,Patrice Laliberté,"March 27, 2020",2020,Canada,
There's Something in the Water,"Ellen Page, Ian Daniel","March 27, 2020",2019,Canada,
True: Wuzzle Wegg Day,"Todd Kauffman, Mark Thornton","March 27, 2020",2020,Canada,
Uncorked,Prentice Penny,"March 27, 2020",2020,United States,
Wassup Man GO!,,"March 27, 2020",2020,,
Willy and the Guardians of the Lake: Tales from the Lakeside Winter Adventure,Zsolt Pálfi,"March 27, 2020",2019,Hungary,
7SEEDS,,"March 26, 2020",2020,,
Happy Old Year,Nawapol Thamrongrattanarit,"March 26, 2020",2019,Thailand,
Making Unorthodox,Marlene Melchior,"March 26, 2020",2020,Germany,
Unorthodox,,"March 26, 2020",2020,Germany,
Bethany Hamilton: Unstoppable,Aaron Lieber,"March 25, 2020",2019,United States,
Crip Camp: A Disability Revolution,,"March 25, 2020",2020,United States,
Curtiz,Tamas Yvan Topolanszky,"March 25, 2020",2018,Hungary,
The Occupant,"Àlex Pastor, David Pastor","March 25, 2020",2020,Spain,
Tom Segura: Ball Hog,Rami Hachache,"March 24, 2020",2020,United States,
Freud,,"March 23, 2020",2020,"Austria, Germany",
J-Style Trip,,"March 22, 2020",2020,"Taiwan, China",
Barbie Dreamhouse Adventures: Go Team Roberts,,"March 21, 2020",2020,,
A Life of Speed: The Juan Manuel Fangio Story,Francisco Macri,"March 20, 2020",2020,Argentina,
Archibald's Next Big Thing,,"March 20, 2020",2020,,
Dino Girl Gauko,,"March 20, 2020",2020,"United States, Japan",
El silencio es bienvenido,Gabriela García Rivas,"March 20, 2020",2017,Mexico,
Greenhouse Academy,,"March 20, 2020",2020,United States,
Self Made: Inspired by the Life of Madam C.J. Walker,,"March 20, 2020",2020,United States,
She,,"March 20, 2020",2020,India,
The English Game,,"March 20, 2020",2020,United Kingdom,
The Letter for the King,,"March 20, 2020",2020,United Kingdom,
"Tiger King: Murder, Mayhem and Madness","Eric Goode, Rebecca Chaiklin","March 20, 2020",2020,United States,
Ultras,Francesco Lettieri,"March 20, 2020",2020,Italy,
Vampires,,"March 20, 2020",2020,France,
3022,John Suits,"March 19, 2020",2019,United States,
Altered Carbon: Resleeved,"Takeru Nakajima, Yoshiyuki Okada","March 19, 2020",2020,"Japan, United States",
Masameer - The Movie,Malik Nejer,"March 19, 2020",2020,Saudi Arabia,
AllI Wish,Susan Walter,"March 18, 2020",2017,United States,
Caliphate,,"March 18, 2020",2020,Sweden,
Lu Over the Wall,Masaaki Yuasa,"March 18, 2020",2017,Japan,
Women Of The Night,,"March 18, 2020",2019,Netherlands,
XV: Beyond the Tryline,Pierre Deschamps,"March 18, 2020",2016,United Kingdom,
Bert Kreischer: Hey Big Boy,Jeff Tomsic,"March 17, 2020",2020,United States,
Shaun the Sheep: Adventures from Mossy Bottom,,"March 17, 2020",2020,"United Kingdom, United States, Ireland",
We Speak Dance,,"March 17, 2020",2018,United States,
Search Party,Scot Armstrong,"March 16, 2020",2014,United States,
Bypass Road,Naman Nitin Mukesh,"March 15, 2020",2019,India,
Digs & Discoveries: All Track's Lead to Rome,Joey So,"March 15, 2020",2019,,
Digs & Discoveries: Mines of Mystery,Joey So,"March 15, 2020",2019,,
Ken Burns Presents: College Behind Bars: A Film by Lynn Novick and Produced by Sarah Botstein,Lynn Novick,"March 15, 2020",2019,United States,
Steam Team to the Rescue,Joey So,"March 15, 2020",2019,,
Jai Mummy Di,Navjot Gulati,"March 14, 2020",2020,India,
100 Humans,,"March 13, 2020",2020,United States,
Baby Mamas,Stephanie Zwane,"March 13, 2020",2018,South Africa,
Bloodride,,"March 13, 2020",2020,Norway,
Go Karts,Owen Trevor,"March 13, 2020",2020,Australia,
Justine,Stephanie Turner,"March 13, 2020",2019,United States,
Kingdom,Kim Seong-hun,"March 13, 2020",2020,"South Korea, United States",
Lost Girls,Liz Garbus,"March 13, 2020",2020,United States,
Miracle in Cell No. 7,Mehmet Ada Öztekin,"March 13, 2020",2019,Turkey,
The Valhalla Murders,,"March 13, 2020",2020,Iceland,
Dirty Money,,"March 11, 2020",2020,United States,
On My Block,,"March 11, 2020",2020,United States,
The Circle Brazil,,"March 11, 2020",2020,"Brazil, United Kingdom",
Carmen Sandiego: To Steal or Not to Steal,Jos Humphrey,"March 10, 2020",2020,"Canada, United States",
Marc Maron: End Times Fun,Lynn Shelton,"March 10, 2020",2020,United States,
Sitara: Let Girls Dream,Sharmeen Obaid-Chinoy,"March 8, 2020",2020,"Pakistan, United States",
Alakada Reloaded,Toyin Abraham,"March 6, 2020",2017,,
All About Love,Adze Ugah,"March 6, 2020",2017,South Africa,
Guilty,Ruchi Narain,"March 6, 2020",2020,India,
I am Jonas,Christophe Charrier,"March 6, 2020",2019,France,
Miles Davis: Birth of the Cool,Stanley Nelson,"March 6, 2020",2019,United States,
Spenser Confidential,Peter Berg,"March 6, 2020",2020,United States,
Twin Murders: the Silence of the White City,Daniel Calparsoro,"March 6, 2020",2020,Spain,
Ugly Delicious,,"March 6, 2020",2020,United States,
93 Days,Steve Gukas,"March 5, 2020",2016,Nigeria,
Angu Vaikuntapurathu (Malayalam),Trivikram Srinivas,"March 5, 2020",2020,,
Mighty Little Bheem: Festival of Colors,,"March 5, 2020",2020,India,
Tootsies & The Fake,Kittiphak Thonguam,"March 5, 2020",2019,Thailand,
Aurora,Cristi Puiu,"March 4, 2020",2010,"Romania, France, Switzerland, Germany",
Lil Peep: Everybody’s Everything,"Sebastian Jones, Ramez Silyan","March 4, 2020",2019,United States,
The Death of Mr. Lazarescu,Cristi Puiu,"March 4, 2020",2005,Romania,
Velvet,Carlos Sedes,"March 4, 2020",2016,Spain,
Freaks,"Adam B. Stein, Zach Lipovsky","March 3, 2020",2018,"United States, Canada",
Luccas Neto in: The End of Christmas,Lucas Margutti,"March 3, 2020",2019,Brazil,
Taylor Tomlinson: Quarter-Life Crisis,Marcus Raboy,"March 3, 2020",2020,United States,
The Last Bomb of the Second World War,Athiyan Athirai,"March 3, 2020",2019,India,
Uncovered,Zuko Nodada,"March 3, 2020",2019,South Africa,
W.E.,Madonna,"March 3, 2020",2011,United Kingdom,
Fat Ballerina - David A. Arnold,Milton Horowitz,"March 2, 2020",2020,United States,
Akame ga Kill!,,"March 1, 2020",2014,Japan,
Babylon Berlin,,"March 1, 2020",2020,Germany,
Bhangra Paa Le,Sneha Taurani,"March 1, 2020",2019,India,
Calico Critters Mini Episodes Clover,,"March 1, 2020",2020,,
Calico Critters: Everyone's Big Dream Flying in the Sky,Momoko Kamiya,"March 1, 2020",2019,,
Frank & Lola,Matthew Ross,"March 1, 2020",2016,United States,
Hugo,Martin Scorsese,"March 1, 2020",2011,"United Kingdom, United States, France",
Ordinary World,Lee Kirk,"March 1, 2020",2016,United States,
"Pop, Lock 'n Roll",Ziggy Hofmeyr,"March 1, 2020",2017,South Africa,
There Will Be Blood,Paul Thomas Anderson,"March 1, 2020",2007,United States,
Velvet Colección: Grand Finale,Gustavo Ron,"March 1, 2020",2020,,
Voulez-vous rire avec moi ce soir?,Yacine Belhousse,"March 1, 2020",2018,France,
ZZ TOP: THAT LITTLE OL' BAND FROM TEXAS,Sam Dunn,"March 1, 2020",2019,"United Kingdom, Canada, United States",
All The Bright Places,Brett Haley,"February 28, 2020",2020,United States,
Always a Witch,,"February 28, 2020",2019,Colombia,
Amit Tandon: Family Tandoncies,,"February 28, 2020",2019,India,
Queen Sono,,"February 28, 2020",2020,South Africa,
Toy Boy,,"February 28, 2020",2019,Spain,
Unstoppable,,"February 28, 2020",2020,Mexico,
Ala Vaikunthapurramuloo,Trivikram Srinivas,"February 27, 2020",2020,India,
Altered Carbon,,"February 27, 2020",2020,United States,
Followers,,"February 27, 2020",2020,Japan,
Pokémon: Mewtwo Strikes Back - Evolution,"Kunihiko Yuyama, Motonori Sakakibara","February 27, 2020",2019,Japan,
Six Windows in the Desert,"Ali Kalthami, Meshal Aljaser, Faris Godus, Mohamed al Salman, Faisal al Amer","February 27, 2020",2020,Saudi Arabia,
Couple of Days,Tolu Awobiyi,"February 26, 2020",2016,Nigeria,
Gbomo Gbomo Express,Walter Taylaur,"February 26, 2020",2015,Nigeria,
I Am Not Okay With This,,"February 26, 2020",2020,United States,
Taxi Driver,Daniel Oriahi,"February 26, 2020",2015,Nigeria,
The Arbitration,Niyi Akinmolayan,"February 26, 2020",2016,Nigeria,
The Trials of Gabriel Fernandez,,"February 26, 2020",2020,United States,
The Visit,Oyefunke Fayoyin,"February 26, 2020",2015,,
When Love Happens,Seyi Babatope,"February 26, 2020",2014,Nigeria,
Pete Davidson: Alive From New York,Jason Orley,"February 25, 2020",2020,United States,
Full Count,Robert Eagar,"February 23, 2020",2019,United States,
"Hi Bye, Mama!",,"February 23, 2020",2020,South Korea,
Girl on the Third Floor,Travis Stevens,"February 22, 2020",2019,United States,
Unabomber - In His Own Words,Mick Grogan,"February 22, 2020",2018,Canada,
Gentefied,,"February 21, 2020",2020,United States,
Hyena,,"February 21, 2020",2020,South Korea,
Passion. Panache. Pep,,"February 21, 2020",2020,,
Puerta 7,,"February 21, 2020",2020,Argentina,
System Crasher,Nora Fingscheidt,"February 21, 2020",2020,Germany,
The Body,Jeethu Joseph,"February 21, 2020",2019,India,
The Last Thing He Wanted,Dee Rees,"February 21, 2020",2020,United States,
Yeh Ballet,Sooni Taraporevala,"February 21, 2020",2020,India,
Pretville,Linda Korsten,"February 20, 2020",2012,South Africa,
Spectros,,"February 20, 2020",2020,Brazil,
Untamed Romania,Tom Barton-Humphreys,"February 20, 2020",2018,"Romania, United Kingdom",
DreamWorks Shrek's Swamp Stories,,"February 17, 2020",2008,United States,
By the Sea,Angelina Jolie,"February 16, 2020",2015,"France, Malta, United States",
Miss Virginia,R.J. Daniel Hanna,"February 16, 2020",2019,United States,
MR. RIGHT,Paco Cabezas,"February 16, 2020",2015,United States,
On the Real,Tosin Coker,"February 16, 2020",2017,Nigeria,
Term Life,Peter Billingsley,"February 16, 2020",2016,United States,
The Forest,Jason Zada,"February 16, 2020",2016,United States,
Monster High: Electrified,Avgousta Zourelidi,"February 15, 2020",2017,,
Talking Tom and Friends,,"February 15, 2020",2017,Cyprus,
A Shaun the Sheep Movie: Farmageddon,"Richard Phelan, Will Becher","February 14, 2020",2019,"United Kingdom, France, Belgium, Ireland, United States",
Cuddle Weather,Rod Cabatana Marmol,"February 14, 2020",2019,Philippines,
Fanatyk,Michał Tylka,"February 14, 2020",2017,Poland,
Isi & Ossi,Oliver Kienle,"February 14, 2020",2020,Germany,
Liefling,Brian Webber,"February 14, 2020",2010,South Africa,
Panipat - The Great Betrayal,Ashutosh Gowariker,"February 14, 2020",2019,India,
Taj Mahal 1989,,"February 14, 2020",2020,India,
The Ghost and the Tout,Charles Uwagbai,"February 14, 2020",2018,Nigeria,
Dragon Quest Your Story,"Takashi Yamazaki, Ryuichi Yagi, Makoto Hanafusa","February 13, 2020",2019,Japan,
Love Is Blind,,"February 13, 2020",2021,United States,
Narcos: Mexico,,"February 13, 2020",2020,"Mexico, United States",
Palazuelos mi rey,,"February 13, 2020",2019,,
Sleepless Society: Insomnia,"Pantham Thongsang, Cheewatan Pusitsuksa","February 13, 2020",2019,Thailand,
French Toast,"Paul Krüger, Anél Stolp","February 12, 2020",2015,South Africa,
To All the Boys: P.S. I Still Love You,Michael Fimognari,"February 12, 2020",2020,United States,
We Bare Bears,,"February 12, 2020",2018,United States,
Captain Underpants Epic Choice-o-Rama,,"February 11, 2020",2020,United States,
Good Time,"Benny Safdie, Josh Safdie","February 11, 2020",2017,United States,
ROAD TO ROMA,Andres Clariond,"February 11, 2020",2020,Mexico,
Love for Sale 2,Andibachtiar Yusuf,"February 10, 2020",2019,Indonesia,
Better Call Saul,,"February 9, 2020",2018,United States,
Fronteras,Andrew Dean,"February 9, 2020",2018,United States,
Polaroid,Lars Klevberg,"February 9, 2020",2019,"United States, Norway, Canada",
The Coldest Game,Lukasz Kosmicki,"February 8, 2020",2019,"Poland, United States",
Thottappan,Shanavas K. Bavakutty,"February 8, 2020",2019,India,
Azali,Kwabena Gyansah,"February 7, 2020",2018,Ghana,
Dragons: Rescue Riders,,"February 7, 2020",2020,United States,
Fifty: The Series,,"February 7, 2020",2018,Nigeria,
Horse Girl,Jeff Baena,"February 7, 2020",2020,United States,
Jada,Kumaran,"February 7, 2020",2019,India,
Locke & Key,,"February 7, 2020",2020,"Canada, United States",
My Holo Love,,"February 7, 2020",2020,,
The Ballad of Lefty Brown,Jared Moshé,"February 7, 2020",2017,United States,
Who Killed Malcolm X?,,"February 7, 2020",2020,United States,
Cagaster of an Insect Cage,,"February 6, 2020",2020,Japan,
Gardeners of Eden,"Austin Peck, Anneliese Vandenberg","February 6, 2020",2014,"Kenya, United States",
Arrow,James Bamford,"February 5, 2020",2019,United States,
The Pharmacist,"Julia Willoughby Nason, Jenner Furst","February 5, 2020",2020,United States,
Uppity: The Willy T. Ribbs Story,"Nate Adams, Adam Carolla","February 5, 2020",2020,United States,
Dragonheart: Vengeance,Ivan Silvestrini,"February 4, 2020",2020,United States,
"Faith, Hope & Love",Robert Krantz,"February 4, 2020",2019,United States,
Tom Papa: You're Doing Great!,Gregory Jacobs,"February 4, 2020",2020,United States,
Team Kaylie,,"February 3, 2020",2020,United States,
Thambi,Jeethu Joseph,"February 3, 2020",2019,India,
The Silent War,Alfonso Cortés-Cavanillas,"February 3, 2020",2020,Spain,
Chronically Metropolitan,Xavier Manrique,"February 1, 2020",2016,United States,
Hum Aapke Hain Koun,Sooraj R. Barjatya,"February 1, 2020",1994,India,
Is It Wrong to Try to Pick Up Girls in a Dungeon?,,"February 1, 2020",2015,Japan,
Itaewon Class,,"February 1, 2020",2020,South Korea,
Justice,Richard Gabai,"February 1, 2020",2017,United States,
Love Jacked,Alfons Adetuyi,"February 1, 2020",2018,"Canada, South Africa",
Miraculous: Tales of Ladybug & Cat Noir,Thomas Astruc,"February 1, 2020",2019,"France, South Korea, Japan, United States",
Misfit 2,Erwin van den Eshof,"February 1, 2020",2019,Netherlands,
Night on Earth: Shot in the Dark,,"February 1, 2020",2020,United Kingdom,
No Game No Life,,"February 1, 2020",2014,Japan,
Pop Team Epic,,"February 1, 2020",2018,Japan,
Shopkins,,"February 1, 2020",2014,United States,
The Car: Road to Revenge,G.J. Echternkamp,"February 1, 2020",2019,United States,
Together For Eternity,Sooraj R. Barjatya,"February 1, 2020",1999,India,
37 Seconds,Hikari,"January 31, 2020",2020,Japan,
Diablero,,"January 31, 2020",2020,Mexico,
Gang of the Caribbean,Jean-Claude Flamand-Barny,"January 31, 2020",2016,France,
Hakkunde,Oluseyi Asurf,"January 31, 2020",2017,Nigeria,
Luna Nera,,"January 31, 2020",2020,Italy,
Miss Americana,Lana Wilson,"January 31, 2020",2020,United States,
Unauthorized Living,,"January 31, 2020",2020,Spain,
Ainori Love Wagon: African Journey,,"January 30, 2020",2019,Japan,
Kevin Hart: I'm a Grown Little Man,Shannon Hartman,"January 30, 2020",2009,United States,
THE STRANGER,,"January 30, 2020",2020,United Kingdom,
What the Love! with Karan Johar,,"January 30, 2020",2020,United States,
Close Enemies,David Oelhoffen,"January 29, 2020",2018,"France, Belgium",
Find Yourself,,"January 29, 2020",2020,,
Night on Earth,,"January 29, 2020",2020,United Kingdom,
Omniscient,,"January 29, 2020",2020,Brazil,
Shimla Mirchi,Ramesh Sippy,"January 27, 2020",2020,India,
Sillu Karuppatti,Halitha Shameem,"January 26, 2020",2019,India,
Vir Das: For India,"Vir Das, Ajay Bhuyan","January 26, 2020",2020,India,
Menashe,"Josh Z. Weinstein, Joshua Z. Weinstein","January 25, 2020",2017,United States,
A Sun,Chung Mong-hong,"January 24, 2020",2019,Taiwan,
Die Ontwaking,Johnny Breedt,"January 24, 2020",2015,South Africa,
Rise of Empires: Ottoman,,"January 24, 2020",2020,,
Sons of the Caliphate,,"January 24, 2020",2017,Nigeria,
The goop lab with Gwyneth Paltrow,,"January 24, 2020",2020,United States,
The Ranch,,"January 24, 2020",2020,United States,
Airplane Mode,César Rodrigues,"January 23, 2020",2020,United States,
Alex Fernández: The Best Comedian in the World,Alex Díaz,"January 23, 2020",2020,Mexico,
October Faction,,"January 23, 2020",2020,United States,
​SAINT SEIYA: Knights of the Zodiac,,"January 23, 2020",2020,Japan,
The Ghost Bride,Quek Shio-chuan,"January 23, 2020",2020,"Taiwan, Malaysia",
Pandemic: How to Prevent an Outbreak,,"January 22, 2020",2020,United States,
Playing with Fire,,"January 22, 2020",2019,United States,
Whisky,"Pablo Stoll, Juan Pablo Rebella","January 22, 2020",2004,"Uruguay, Argentina, Germany, Spain",
Fortune Feimster: Sweet & Salty,Krysia Plonka,"January 21, 2020",2020,United States,
KD (A) Karuppudurai,Madhumita,"January 21, 2020",2019,India,
DreamWorks How to Train Your Dragon Legends,,"January 20, 2020",2011,United States,
Motichoor Chaknachoor,Debamitra Biswal,"January 20, 2020",2019,India,
WHAT DID JACK DO?,David Lynch,"January 20, 2020",2020,United States,
The Bling Ring,Sofia Coppola,"January 18, 2020",2013,"United States, United Kingdom, France, Germany, Japan",
A Fall from Grace,Tyler Perry,"January 17, 2020",2020,United States,
Ares,,"January 17, 2020",2020,Netherlands,
Hip-Hop Evolution,,"January 17, 2020",2020,Canada,
Nailed It! Germany,,"January 17, 2020",2020,Germany,
Tiny House Nation,,"January 17, 2020",2019,United States,
Deadcon,Caryn Waechter,"January 16, 2020",2019,United States,
Handsome Siblings,,"January 16, 2020",2020,China,
Hop,Tim Hill,"January 16, 2020",2011,"United States, France, Japan",
Jezebel,Numa Perrier,"January 16, 2020",2019,United States,
Legend,Brian Helgeland,"January 16, 2020",2015,"United Kingdom, France, United States",
NiNoKuni,Yoshiyuki Momose,"January 16, 2020",2019,Japan,
Soul Eater,,"January 16, 2020",2008,Japan,
Steve Jobs,Danny Boyle,"January 16, 2020",2015,"United Kingdom, United States",
Bulbul Can Sing,Rima Das,"January 15, 2020",2018,India,
Eye For An Eye,Paco Plaza,"January 15, 2020",2019,"Spain, France, United States",
Killer Inside: The Mind of Aaron Hernandez,,"January 15, 2020",2020,United States,
MindGamers,Andrew Goth,"January 15, 2020",2017,Austria,
The Brave,William Kaufman,"January 15, 2020",2019,United States,
Leslie Jones: Time Machine,"David Benioff, D.B. Weiss","January 14, 2020",2020,United States,
The Ollie & Moon Show,,"January 14, 2020",2018,France,
Women of Mafia 2,Patryk Vega,"January 14, 2020",2019,Poland,
The Healing Powers of Dude,,"January 13, 2020",2020,,
Betty White: First Lady of Television,Steve Boettcher,"January 12, 2020",2018,United States,
Made in China,Mikhil Musale,"January 12, 2020",2019,India,
AJ and the Queen,,"January 10, 2020",2020,United States,
Giri / Haji,,"January 10, 2020",2019,United Kingdom,
Harvey Street Kids,,"January 10, 2020",2020,United States,
Jamtara - Sabka Number Ayega,Soumendra Padhi,"January 10, 2020",2020,India,
Medical Police,,"January 10, 2020",2020,United States,
Monsters: Dark Continent,Tom Green,"January 10, 2020",2014,United Kingdom,
The InBESTigators,,"January 10, 2020",2020,Australia,
Until Dawn,,"January 10, 2020",2020,France,
Bulletproof 2,Don Michael Paul,"January 9, 2020",2020,United States,
Cheer,,"January 8, 2020",2020,United States,
A Ghost Story,David Lowery,"January 7, 2020",2017,United States,
"Live Twice, Love Once",Maria Ripoll,"January 7, 2020",2020,Spain,
Dracula,,"January 4, 2020",2020,United Kingdom,
All the Freckles in the World,Yibrán Asuad,"January 3, 2020",2020,Mexico,
Anne with an E,,"January 3, 2020",2019,Canada,
Half Girlfriend,Mohit Suri,"January 2, 2020",2017,India,
"Sex, Explained",,"January 2, 2020",2020,United States,
Thieves of the Wood,,"January 2, 2020",2019,Belgium,
Aruna & Her Palate,Edwin,"January 1, 2020",2018,"Indonesia, South Korea, Singapore",
Because This Is My First Life,,"January 1, 2020",2017,South Korea,
Border Security: America's Front Line,,"January 1, 2020",2018,Canada,
Breaking the Bank,Vadim Jean,"January 1, 2020",2014,United Kingdom,
Cells at Work!,,"January 1, 2020",2018,Japan,
Chhota Bheem Kung Fu Dhamaka Series,,"January 1, 2020",2019,,
Garfield Gets Real,"Mark A.Z. Dippé, Kyung Ho Lee","January 1, 2020",2007,United States,
Garfield's Fun Fest,"Mark A.Z. Dippé, Eondeok Han","January 1, 2020",2008,"United States, South Korea",
Garfield's Pet Force,Mark A.Z. Dippé,"January 1, 2020",2009,"South Korea, United States",
Ghost Stories,"Anurag Kashyap, Dibakar Banerjee, Karan Johar, Zoya Akhtar","January 1, 2020",2020,India,
Jeff Dunham: Unhinged in Hollywood,Michael Simon,"January 1, 2020",2015,United States,
Jimmy Neutron: Boy Genius,John A. Davis,"January 1, 2020",2001,"United States, Spain",
Live Up To Your Name,,"January 1, 2020",2017,South Korea,
Luccas Neto in: Children's Day,Lucas Margutti,"January 1, 2020",2019,,
Messiah,,"January 1, 2020",2020,United States,
Mia and Me,,"January 1, 2020",2017,"Netherlands, Germany, Italy, Canada",
"Nisman: The Prosecutor, the President, and the Spy",Justin Webster,"January 1, 2020",2020,"Spain, Germany, Denmark, United States",
Pan's Labyrinth,Guillermo del Toro,"January 1, 2020",2006,"Mexico, Spain",
Pokémon the Movie: Power of Us,Tetsuo Yajima,"January 1, 2020",2018,Japan,
Posesif,Edwin,"January 1, 2020",2017,Indonesia,
Reply 1988,,"January 1, 2020",2015,South Korea,
Riot,John Lyde,"January 1, 2020",2015,,
Road Trip: Beer Pong,Steve Rash,"January 1, 2020",2009,United States,
Save Me,,"January 1, 2020",2017,South Korea,
Spinning Out,,"January 1, 2020",2020,United States,
The Bride of Habaek,,"January 1, 2020",2017,South Korea,
Aaviri,Ravi Babu,"December 31, 2019",2019,India,
Albert Pinto Ko Gussa Kyun Aata Hai?,Soumitra Ranade,"December 31, 2019",2019,India,
ARASHI's Diary -Voyage-,,"December 31, 2019",2019,Japan,
Benchwarmers 2: Breaking Balls,Jon Rosenbaum,"December 31, 2019",2019,United States,
How High 2,Bruce Leddy,"December 31, 2019",2019,United States,
Occupied,,"December 31, 2019",2019,"Norway, Sweden",
Pucca: Love Recipe,,"December 31, 2019",2018,,
Rainbow Ruby,,"December 31, 2019",2016,"South Korea, Canada, United States, China",
Robot Trains,,"December 31, 2019",2018,South Korea,
The Degenerates,,"December 31, 2019",2019,,
Yanxi Palace: Princess Adventures,,"December 31, 2019",2019,China,
The Disastrous Life of Saiki K.: Reawakened,,"December 30, 2019",2019,Japan,
Hot Gimmick: Girl Meets Boy,Yuki Yamato,"December 28, 2019",2019,Japan,
Blitz Patrollie,Andrew Wessels,"December 27, 2019",2013,South Africa,
"El Pepe, a Supreme Life",Emir Kusturica,"December 27, 2019",2018,"Argentina, Uruguay, Serbia",
Kevin Hart: Don’t F**k This Up,,"December 27, 2019",2019,United States,
The Vendor,Odunlade Adekola,"December 27, 2019",2018,,
The App,Elisa Fuksas,"December 26, 2019",2019,Italy,
The Bonfire of Destiny,,"December 26, 2019",2019,France,
You,Lee Toland Krieger,"December 26, 2019",2019,United States,
Doom: Annihilation,Tony Giglio,"December 25, 2019",2019,United States,
Fireworks,"Akiyuki Shinbo, Nobuyuki Takeuchi","December 25, 2019",2017,Japan,
Grand-Daddy Day Care,Ron Oliver,"December 25, 2019",2019,United States,
Jarhead: Law of Return,Don Michael Paul,"December 25, 2019",2019,"Israel, United States",
MFKZ,"Shojiro Nishimi, Guillaume Renard","December 25, 2019",2017,"France, Japan",
Sweetheart,J.D. Dillard,"December 25, 2019",2019,United States,
CAROLE & TUESDAY,,"December 24, 2019",2019,Japan,
Como caído del cielo,Pepe Bojórquez,"December 24, 2019",2019,Mexico,
John Mulaney & The Sack Lunch Bunch,Rhys Thomas,"December 24, 2019",2019,United States,
Lost in Space,,"December 24, 2019",2019,United States,
Jacob's Ladder,David M. Rosenthal,"December 22, 2019",2019,United States,
Private Practice,,"December 22, 2019",2012,United States,
Back of the Net,Louise Alston,"December 21, 2019",2019,Australia,
Lost in London,Sunkanmi Adebayo,"December 21, 2019",2017,Nigeria,
Agent,,"December 20, 2019",2019,"Mauritius, South Africa",
Being Mrs Elliot,Omoni Oboli,"December 20, 2019",2014,Nigeria,
Falz Experience,Falz,"December 20, 2019",2018,,
Iyore,Frank Rajah Arase,"December 20, 2019",2015,Nigeria,
The First Lady,Omoni Oboli,"December 20, 2019",2015,,
The Two Popes,Fernando Meirelles,"December 20, 2019",2019,"United Kingdom, Italy",
The Witcher,,"December 20, 2019",2019,"United States, Poland",
After the Raid,Rodrigo Reyes,"December 19, 2019",2019,"United States, Mexico",
Twice Upon A Time,,"December 19, 2019",2019,France,
Ultraviolet,,"December 19, 2019",2019,Poland,
Don't F**k with Cats: Hunting an Internet Killer,Mark Lewis,"December 18, 2019",2019,"United Kingdom, United States",
Soundtrack,,"December 18, 2019",2019,United States,
Ronny Chieng: Asian Comedian Destroys America!,Sebastian DiNatale,"December 17, 2019",2019,United States,
"Sincerely Yours, Dhaka","Nuhash Humayun, Syed Ahmed Shawki, Rahat Rahman, Robiul Alam Robi, Golam Kibria Farooki, Mir Mukarram Hossain, Tanvir Ahsan, Mahmudul Islam, Abdullah Al Noor, Krishnendu Chattopadhyay, Syed Saleh Ahmed Sobhan","December 16, 2019",2018,Bangladesh,
The Danish Girl,Tom Hooper,"December 16, 2019",2015,"United Kingdom, United States, Germany, Denmark, Belgium, Japan",
Bangistan,Karan Anshuman,"December 15, 2019",2015,India,
Cinderella and the Four Knights,,"December 15, 2019",2016,South Korea,
Cocomong,,"December 15, 2019",2015,United States,
Crash Landing on You,,"December 15, 2019",2019,South Korea,
"Crazy, Lovely, Cool",Obi Emelonye,"December 15, 2019",2018,Nigeria,
Dil Chahta Hai,Farhan Akhtar,"December 15, 2019",2001,India,
Dil Dhadakne Do,Zoya Akhtar,"December 15, 2019",2015,India,
Don,Farhan Akhtar,"December 15, 2019",2006,India,
Don 2,Farhan Akhtar,"December 15, 2019",2011,"India, Germany",
Fukrey,Mrighdeep Singh Lamba,"December 15, 2019",2013,India,
Game,Abhinay Deo,"December 15, 2019",2011,India,
Girls und Panzer,Tsutomu Mizushima,"December 15, 2019",2012,Japan,
Holy Expectations,Fernando Ayllón,"December 15, 2019",2019,,
Honeymoon Travels Pvt. Ltd.,Reema Kagti,"December 15, 2019",2007,India,
Isoken,Jadesola Osiberu,"December 15, 2019",2017,Nigeria,
Karthik Calling Karthik,Vijay Lalwani,"December 15, 2019",2010,India,
Lakshya,Farhan Akhtar,"December 15, 2019",2004,India,
Luck by Chance,Zoya Akhtar,"December 15, 2019",2009,India,
Potato Potahto,Shirley Frimpong-Manso,"December 15, 2019",2017,Ghana,
Rock On!!,Abhishek Kapoor,"December 15, 2019",2008,India,
Scooby-Doo!: Mystery Incorporated,,"December 15, 2019",2012,United States,
Talaash,Reema Kagti,"December 15, 2019",2012,India,
What's New Scooby-Doo?,,"December 15, 2019",2005,United States,
Zindagi Na Milegi Dobara,Zoya Akhtar,"December 15, 2019",2011,India,
6 Underground,Michael Bay,"December 13, 2019",2019,United States,
A Trip to Jamaica,Robert O. Peters,"December 13, 2019",2016,Nigeria,
My Wife and I,Bunmi Ajakaiye,"December 13, 2019",2017,South Africa,
Okafor's Law,Omoni Oboli,"December 13, 2019",2016,Nigeria,
Seven and a half dates,Biodun Stephen,"December 13, 2019",2018,,
The 9th Precinct,Ding-Lin Wang,"December 13, 2019",2019,Taiwan,
Zero Hour,Robert O. Peters,"December 13, 2019",2018,,
Jack Whitehall: Christmas with My Father,Richard van't Riet,"December 12, 2019",2019,United Kingdom,
The Sky Is Pink,Shonali Bose,"December 11, 2019",2019,"India, United Kingdom, Canada, United States",
Good and Prosperous,Sameh Abdulaziz,"December 10, 2019",2017,Egypt,
Michelle Wolf: Joke Show,Lance Bangs,"December 10, 2019",2019,United States,
A Family Reunion Christmas,Robbie Countryman,"December 9, 2019",2019,United States,
It Comes at Night,Trey Edward Shults,"December 9, 2019",2017,United States,
Saaho,Sujeeth,"December 8, 2019",2019,India,
Nothing to Lose 2,Alexandre Avancini,"December 7, 2019",2019,Brazil,
Astronomy Club: The Sketch Show,,"December 6, 2019",2019,United States,
Banana Island Ghost,BB Sasore,"December 6, 2019",2017,Nigeria,
Celebrity Marriage,Pascal Amanfo,"December 6, 2019",2017,,
Fuller House,,"December 6, 2019",2020,United States,
Marriage Story,Noah Baumbach,"December 6, 2019",2019,"United Kingdom, United States",
No Game No Life: Zero,Atsuko Ishizuka,"December 6, 2019",2017,Japan,
Slow Country,Eric Aghimien,"December 6, 2019",2017,Nigeria,
Spirit Riding Free: Spirit of Christmas,,"December 6, 2019",2019,United States,
Teasing Master Takagi-san,,"December 6, 2019",2019,Japan,
The Chosen One,Michel Tikhomiroff,"December 6, 2019",2019,Brazil,
The Confession Killer,"Robert Kenner, Taki Oldham","December 6, 2019",2019,United States,
Three Days of Christmas,,"December 6, 2019",2019,Spain,
Triad Princess,,"December 6, 2019",2019,,
Wives on Strike,Omoni Oboli,"December 6, 2019",2016,Nigeria,
Wives on Strike: The Revolution,Omoni Oboli,"December 6, 2019",2017,"United Kingdom, Nigeria",
A Christmas Prince: The Royal Baby,John Schultz,"December 5, 2019",2019,United States,
The Irishman: In Conversation,,"December 5, 2019",2019,United States,
V Wars,,"December 5, 2019",2019,United States,
The Last O.G.,,"December 4, 2019",2019,United States,
The Prince of Tennis ~ Match! Tennis Juniors ~,,"December 4, 2019",2019,China,
The Road to Love,,"December 4, 2019",2019,Colombia,
Tiffany Haddish: Black Mitzvah,Linda Mendoza,"December 3, 2019",2019,United States,
Nightflyers,,"December 2, 2019",2018,United States,
A Cinderella Story: Christmas Wish,Michelle Johnston,"December 1, 2019",2019,United States,
Baby Dolls,Vijay Kumar Arora,"December 1, 2019",2019,India,
Cut Bank,Matt Shakman,"December 1, 2019",2014,United States,
Dead Kids,Mikhail Red,"December 1, 2019",2019,"Philippines, United States",
Eastsiders,,"December 1, 2019",2018,United States,
High End Yaariyan,Pankaj Batra,"December 1, 2019",2019,India,
Iron Fists and Kung-Fu Kicks,Serge Ou,"December 1, 2019",2019,Australia,
Jindua,Navaniat Singh,"December 1, 2019",2017,India,
Lakeeran,,"December 1, 2019",2016,India,
Mahi NRI,Gaurav Bavdankar,"December 1, 2019",2017,United Kingdom,
Qismat,Jagdeep Sidhu,"December 1, 2019",2018,India,
Space Jungle,,"December 1, 2019",2016,,
Tee Shot: Ariya Jutanugarn,Tanawat Aiemjinda,"December 1, 2019",2019,Thailand,
Thug Life,Mukesh Vohra,"December 1, 2019",2017,India,
Wandering Stars,"Syrine Boulanouar, Nekfeu","December 1, 2019",2019,France,
Why Me?,Tudor Giurgiu,"December 1, 2019",2015,"Romania, Bulgaria, Hungary",
Chocolate,,"November 30, 2019",2019,South Korea,
Guatemala: Heart of the Mayan World,"Luis Ara, Ignacio Jaunsolo","November 30, 2019",2019,"Uruguay, Guatemala",
The Zoya Factor,Abhishek Sharma,"November 30, 2019",2019,India,
Atlantics,Mati Diop,"November 29, 2019",2019,"France, Senegal, Belgium",
Chip and Potato,,"November 29, 2019",2019,"United Kingdom, Canada",
Crazy people,Moses Inwang,"November 29, 2019",2018,Nigeria,
I Lost My Body,Jérémy Clapin,"November 29, 2019",2019,France,
Kalushi: The Story of Solomon Mahlangu,Mandla Dube,"November 29, 2019",2016,South Africa,
La Reina del Sur,,"November 29, 2019",2019,"Mexico, United States, Spain, Colombia",
Lagos Real Fake Life,Mike Ezuruonye,"November 29, 2019",2018,,
Payday,Cheta Chukwu,"November 29, 2019",2018,Nigeria,
The Accidental Spy,Roger Russell,"November 29, 2019",2017,Nigeria,
The Charming Stepmom,,"November 29, 2019",2019,,
The Island,Toka McBaror,"November 29, 2019",2018,Nigeria,
Holiday Rush,Leslie Small,"November 28, 2019",2019,United States,
Levius,,"November 28, 2019",2019,Japan,
Lugar de Mulher,,"November 28, 2019",2019,Brazil,
Merry Happy Whatever,,"November 28, 2019",2019,United States,
Mythomaniac,,"November 28, 2019",2019,France,
Defiance,Edward Zwick,"November 27, 2019",2008,United States,
Evvarikee Cheppoddu,Basava Shankar Eeday,"November 27, 2019",2019,India,
Little Singham: Mahabali,Prakash Satam,"November 27, 2019",2019,,
The Body Remembers When the World Broke Open,"Elle-Máijá Tailfeathers, Kathleen Hepburn","November 27, 2019",2019,"Canada, Norway",
The Irishman,Martin Scorsese,"November 27, 2019",2019,United States,
Mike Birbiglia: The New One,Seth Barrish,"November 26, 2019",2019,United States,
Super Monsters Save Christmas,Steve Ball,"November 26, 2019",2019,United States,
The Crime,,"November 26, 2019",2015,Poland,
True: Winter Wishes,,"November 26, 2019",2019,,
Zona Rosa,,"November 26, 2019",2019,Mexico,
Pranaam,Sanjiv Jaiswal,"November 25, 2019",2019,India,
What the F* Is Going On?,"Marta Jaenes, Rosa Márquez","November 25, 2019",2019,Spain,
Shot Caller,Ric Roman Waugh,"November 24, 2019",2017,United States,
Once Upon A Time In Lingjian Mountain,,"November 23, 2019",2019,China,
Brother,Julien Abraham,"November 22, 2019",2019,France,
Dolly Parton's Heartstrings,,"November 22, 2019",2019,United States,
Girls und Panzer der Film,Tsutomu Mizushima,"November 22, 2019",2015,Japan,
Mike Birbiglia: What I Should Have Said Was Nothing: Tales from My Secret Public Journal,,"November 22, 2019",2008,United States,
Nailed It! Holiday!,,"November 22, 2019",2019,United States,
Narcoworld: Dope Stories,,"November 22, 2019",2019,United States,
Nobody's Looking,,"November 22, 2019",2019,Brazil,
Shelby American,"Nate Adams, Adam Carolla","November 22, 2019",2019,United States,
Singapore Social,,"November 22, 2019",2019,"Singapore, United States",
The Dragon Prince,,"November 22, 2019",2019,"United States, Canada",
Trolls: The Beat Goes On!,,"November 22, 2019",2019,United States,
The Knight Before Christmas,Monika Mitchell,"November 21, 2019",2019,United States,
Bangkok Buddies,,"November 20, 2019",2019,Thailand,
"Bikram: Yogi, Guru, Predator",Eva Orner,"November 20, 2019",2019,United States,
Dorasaani,KVR Mahendra,"November 20, 2019",2019,India,
Holiday Secrets,,"November 20, 2019",2019,Germany,
"Lorena, Light-Footed Woman",Juan Carlos Rulfo,"November 20, 2019",2019,Mexico,
Mallesham,Raj R,"November 20, 2019",2019,India,
Who Killed Little Gregory?,,"November 20, 2019",2019,France,
Iliza Shlesinger: Unveiled,Steve Paley,"November 19, 2019",2019,United States,
Miss Culinary,,"November 19, 2019",2019,,
Candy Online,,"November 17, 2019",2019,Taiwan,
Iron Sky: The Coming Race,Timo Vuorensola,"November 16, 2019",2019,"Finland, Germany, Belgium",
Jeff Dunham: All Over the Map,Robb Dipple,"November 16, 2019",2014,United States,
Suffragette,Sarah Gavron,"November 16, 2019",2015,"United Kingdom, France",
The Green Inferno,Eli Roth,"November 16, 2019",2013,"United States, Chile",
At the Dolphin Bay,,"November 15, 2019",2003,Taiwan,
Earthquake Bird,Wash Westmoreland,"November 15, 2019",2019,"United Kingdom, Japan, United States",
El sendero de la anaconda,Alessandro Angulo,"November 15, 2019",2019,Colombia,
GO! The Unforgettable Party,Mauro Scandolari,"November 15, 2019",2019,Argentina,
Guna 369,Arjun Jandyala,"November 15, 2019",2019,India,
House Arrest,"Shashanka Ghosh, Samit Basu","November 15, 2019",2019,India,
I'm with the Band: Nasty Cherry,,"November 15, 2019",2019,United States,
Inheritors,,"November 15, 2019",2013,South Korea,
K-On!,,"November 15, 2019",2010,Japan,
K-on! the movie,Naoko Yamada,"November 15, 2019",2011,Japan,
Klaus,Sergio Pablos,"November 15, 2019",2019,"Spain, United Kingdom",
La Robe De Mariee Des Cieux,,"November 15, 2019",2004,Taiwan,
Llama Llama,,"November 15, 2019",2019,United States,
My MVP Valentine,,"November 15, 2019",2002,Taiwan,
My Sassy Girl,,"November 15, 2019",2017,South Korea,
SunGanges,Valli Bindana,"November 15, 2019",2018,"India, United States",
The Club,,"November 15, 2019",2019,Mexico,
The Garden of Words,Makoto Shinkai,"November 15, 2019",2013,Japan,
The Stranded,,"November 15, 2019",2019,Thailand,
The Toys That Made Us,,"November 15, 2019",2019,United States,
The Yard,,"November 15, 2019",2019,Turkey,
Westside Story,,"November 15, 2019",2003,,
Fadily Camara : La plus drôle de tes copines,Gautier & Leduc,"November 14, 2019",2019,France,
My Dear Warrior,,"November 14, 2019",2019,Thailand,
Maradona in Mexico,,"November 13, 2019",2020,"Argentina, United States, Mexico",
Chief of Staff,,"November 12, 2019",2019,South Korea,
Jeff Garlin: Our Man In Chicago,Christopher Storer,"November 12, 2019",2019,United States,
A Single Man,Tom Ford,"November 11, 2019",2009,United States,
Put Your Head on My Shoulder,,"November 11, 2019",2019,China,
To Be of Service,Josh Aronson,"November 11, 2019",2019,United States,
Little Things,,"November 9, 2019",2019,India,
Greatest Events of WWII in Colour,,"November 8, 2019",2019,United Kingdom,
Green Eggs and Ham,,"November 8, 2019",2019,"United Kingdom, Canada, United States",
Let It Snow,Luke Snellin,"November 8, 2019",2019,United States,
Paradise Beach,Xavier Durringer,"November 8, 2019",2019,France,
Wild District,,"November 8, 2019",2019,Colombia,
U Turn,Pawan Kumar,"November 7, 2019",2016,India,
Burning Cane,Phillip Youmans,"November 6, 2019",2019,United States,
SCAMS,,"November 6, 2019",2019,Japan,
Shadow,Zhang Yimou,"November 6, 2019",2018,"China, Hong Kong",
Luccas Neto in: Summer Camp,Lucas Margutti,"November 5, 2019",2019,Brazil,
Sam & Cat,,"November 5, 2019",2014,United States,
Seth Meyers: Lobby Baby,Neal Brennan,"November 5, 2019",2019,United States,
The End of the F***ing World,,"November 5, 2019",2019,United Kingdom,
The Lovers,Azazel Jacobs,"November 5, 2019",2017,United States,
Tune in for Love,Jung Ji-woo,"November 5, 2019",2019,South Korea,
Undercover Brother 2,Leslie Small,"November 5, 2019",2019,United States,
Meet the Adebanjos,,"November 4, 2019",2016,United Kingdom,
Minimalism: A Documentary About the Important Things,Matt D'Avella,"November 4, 2019",2016,United States,
Oththa Seruppu Size 7,Parthiban,"November 4, 2019",2019,India,
The Devil Next Door,,"November 4, 2019",2019,United States,
100 Things to do Before High School,,"November 2, 2019",2014,United States,
A Fairly Odd Summer,Savage Steve Holland,"November 2, 2019",2014,United States,
Bella and the Bulldogs,,"November 2, 2019",2015,United States,
Big Time Movie,Savage Steve Holland,"November 2, 2019",2012,"United States, Canada",
Escape from Mr. Lemoncello’s Library,Scott McAboy,"November 2, 2019",2017,United States,
Hey Arnold! The Jungle Movie,"Raymie Muzquiz, Stu Livingston","November 2, 2019",2017,"United States, South Korea, Japan",
Jinxed,Stephen Herek,"November 2, 2019",2013,"United States, Canada",
LEGENDS OF THE HIDDEN TEMPLE,Joe Menendez,"November 2, 2019",2016,United States,
"Liar, Liar, Vampire",Vince Marcello,"November 2, 2019",2015,United States,
The Boy Who Cried Werewolf,Eric Bross,"November 2, 2019",2010,"United States, Canada",
The Massively Mixed-Up Middle School Mystery,Will Eisenberg,"November 2, 2019",2015,United States,
Victorious,,"November 2, 2019",2013,United States,
A Remarkable Tale,Marina Seresesky,"November 1, 2019",2019,Spain,
A Year In Space,,"November 1, 2019",2015,United States,
Ad Vitam,,"November 1, 2019",2018,France,
American Son,Kenny Leon,"November 1, 2019",2019,United States,
Billy on the Street,,"November 1, 2019",2016,United States,
Christmas in the Heartland,Harvey Lowry,"November 1, 2019",2017,United States,
Christmas Survival,James Dearden,"November 1, 2019",2018,United Kingdom,
CLANNAD,,"November 1, 2019",2008,Japan,
Drive,Tarun Mansukhani,"November 1, 2019",2019,India,
Fire in Paradise,"Drea Cooper, Zackary Canepari","November 1, 2019",2019,United States,
Haikyu!!,,"November 1, 2019",2015,Japan,
Holiday in the Wild,Ernie Barbarash,"November 1, 2019",2019,United States,
Holly Star,Michael A. Nickles,"November 1, 2019",2018,United States,
"Love, Chunibyo & Other Delusions!",,"November 1, 2019",2014,Japan,
Maid-Sama!,,"November 1, 2019",2010,Japan,
Mobile Suit Gundam: Iron-Blooded Orphans,,"November 1, 2019",2016,Japan,
Queer Eye: We're in Japan!,,"November 1, 2019",2019,"United States, Japan",
Santa Girl,Blayne Weaver,"November 1, 2019",2019,United States,
The Boulet Brothers Dragula,,"November 1, 2019",2019,United States,
The Deep,,"November 1, 2019",2019,"Canada, Australia",
The House of Flowers Presents: The Funeral,Manolo Caro,"November 1, 2019",2019,,
The King,David Michôd,"November 1, 2019",2019,"United Kingdom, Hungary, Australia",
The Man Without Gravity,Marco Bonfanti,"November 1, 2019",2019,"Italy, Belgium",
The Old Thieves: The Legend of Artegios,Everardo González,"November 1, 2019",2007,Mexico,
True: Grabbleapple Harvest,,"November 1, 2019",2019,Canada,
Vientos de agua,,"November 1, 2019",2006,"Argentina, Spain",
We Are the Wave,,"November 1, 2019",2019,Germany,
Zoé: Panoramas,"Rodrigo Guardiola, Gabriel Cruz Rivas","November 1, 2019",2016,Mexico,
Grego Rossello: Disculpe las molestias,Juani Libonatti,"October 31, 2019",2019,Argentina,
KENGAN ASHURA,,"October 31, 2019",2019,"United States, Japan",
Nowhere Man,DJ Chen,"October 31, 2019",2019,Taiwan,
Sleepless Society: Bedtime Wishes,,"October 31, 2019",2019,,
"Bring It On, Ghost",Park Joon-hwa,"October 30, 2019",2016,South Korea,
Mehandi Circus,Saravana Rajendran,"October 30, 2019",2019,India,
Tomorrow with You,,"October 30, 2019",2017,South Korea,
Tunnel,,"October 30, 2019",2019,,
Arsenio Hall: Smart & Classy,Brian Volk-Weiss,"October 29, 2019",2019,United States,
Shine On with Reese,,"October 29, 2019",2018,United States,
The Road to El Camino: Behind the Scenes of El Camino: A Breaking Bad Movie,,"October 29, 2019",2019,United States,
A 3 Minute Hug,Everardo González,"October 28, 2019",2019,"Mexico, United States",
Little Miss Sumo,Matt Kay,"October 28, 2019",2018,United Kingdom,
"Wait, My Youth",,"October 27, 2019",2019,China,
A Little Thing Called First Love,,"October 26, 2019",2019,China,
BoJack Horseman,,"October 25, 2019",2020,United States,
Brotherhood,,"October 25, 2019",2019,Brazil,
Consequences,Ozan Açıktan,"October 25, 2019",2014,Turkey,
Dolemite Is My Name,Craig Brewer,"October 25, 2019",2019,United States,
Drug Squad: Costa del Sol,,"October 25, 2019",2019,Spain,
It Takes a Lunatic,Billy Lyons,"October 25, 2019",2019,"United States, United Kingdom, Germany",
Monzón: A Knockout Blow,,"October 25, 2019",2018,Argentina,
My Next Guest with David Letterman and Shah Rukh Khan,Michael Steed,"October 25, 2019",2019,,
Nailed It! France,,"October 25, 2019",2019,France,
Nailed It! Spain,,"October 25, 2019",2019,Spain,
Rattlesnake,Zak Hilditch,"October 25, 2019",2019,United States,
The Awakening of Motti Wolkenbruch,Michael Steiner,"October 25, 2019",2018,Switzerland,
The Untamed,,"October 25, 2019",2019,China,
Daybreak,,"October 24, 2019",2019,United States,
Echo in the Canyon,Andrew Slater,"October 24, 2019",2019,United States,
Revenge of the Pontianak,"Glen Goei, Gavin Yap","October 24, 2019",2019,"Singapore, Malaysia",
"Breakfast, Lunch & Dinner",,"October 23, 2019",2019,United States,
Dancing with the Birds,Huw Cordey,"October 23, 2019",2019,United States,
Master Z: The Ip Man Legacy,Yuen Woo-ping,"October 23, 2019",2018,"Hong Kong, China",
Jenny Slate: Stage Fright,Gillian Robespierre,"October 22, 2019",2019,United States,
Free Fire,Ben Wheatley,"October 21, 2019",2016,United Kingdom,
Little Singham: Kaal Ki Tabaahi,Prakash Satam,"October 19, 2019",2019,,
The Command,Thomas Vinterberg,"October 19, 2019",2018,"France, Belgium, Luxembourg, Romania, Canada, United States",
10 Days in Sun City,Adze Ugah,"October 18, 2019",2017,"South Africa, Nigeria",
"ChuChu TV Kids Songs, Learning Videos & Bedtime Stories",,"October 18, 2019",2019,,
ChuChuTV Bedtime Stories & Moral Stories for Kids (English),,"October 18, 2019",2019,,
ChuChuTV Bedtime Stories & Moral Stories for Kids (Hindi),,"October 18, 2019",2019,,
ChuChuTV Surprise Eggs Learning Videos (English),,"October 18, 2019",2019,,
ChuChuTV Surprise Eggs Learning Videos (Hindi),,"October 18, 2019",2019,,
Eli,Ciarán Foy,"October 18, 2019",2019,United States,
In My Country,Frank Rajah Arase,"October 18, 2019",2018,,
Interior Design Masters,,"October 18, 2019",2019,United Kingdom,
Little Baby Bum: Nursery Rhyme Friends,,"October 18, 2019",2019,United Kingdom,
"Love, Surreal and Odd",Yılmaz Erdoğan,"October 18, 2019",2017,Turkey,
Mighty Little Bheem: Diwali,,"October 18, 2019",2019,India,
MONKART,,"October 18, 2019",2017,,
Seventeen,Daniel Sánchez Arévalo,"October 18, 2019",2019,Spain,
Spirit Riding Free: Pony Tales,,"October 18, 2019",2019,United States,
Tatu,Don Omope,"October 18, 2019",2017,Nigeria,
Tell Me Who I Am,Ed Perkins,"October 18, 2019",2019,United Kingdom,
The Laundromat,Steven Soderbergh,"October 18, 2019",2019,United States,
Toon,,"October 18, 2019",2017,Netherlands,
Up North,Tope Oshin,"October 18, 2019",2018,Nigeria,
Upstarts,Udai Singh Pawar,"October 18, 2019",2019,India,
Verses of Love 2,Guntur Soeharjanto,"October 18, 2019",2017,Indonesia,
Chosen,,"October 17, 2019",2019,China,
THE UNLISTED,,"October 17, 2019",2019,Australia,
Another Miss Oh,,"October 16, 2019",2016,South Korea,
Ghosts of Sugar Land,Bassam Tariq,"October 16, 2019",2019,United States,
League of Legends Origins,Leslie Iwerks,"October 16, 2019",2019,United States,
Park Na-rae: Glamour Warning,Kim Joo-hyung,"October 16, 2019",2019,South Korea,
Second 20s,,"October 16, 2019",2015,South Korea,
Sinister 2,Ciarán Foy,"October 16, 2019",2015,"United States, United Kingdom",
The Game Changers,Louie Psihoyos,"October 16, 2019",2018,United States,
Black Money Love,Ahmet Katıksız,"October 15, 2019",2014,Turkey,
"Martin Matte: La vie, la mort...eh la la..!",Jean-François Blais,"October 14, 2019",2019,Canada,
Street Flow,"Leïla Sy, Kery James","October 13, 2019",2019,France,
The Lies Within,,"October 13, 2019",2019,South Korea,
Bygones Be Bygones,Hakan Algül,"October 11, 2019",2017,Turkey,
El Camino: A Breaking Bad Movie,Vince Gilligan,"October 11, 2019",2019,United States,
Fractured,Brad Anderson,"October 11, 2019",2019,United States,
Insatiable,,"October 11, 2019",2019,United States,
The Bling Lagosians,Bolanle Austen-Peters,"October 11, 2019",2019,Nigeria,
The Forest of Love,Sion Sono,"October 11, 2019",2019,Japan,
The Hook Up Plan,,"October 11, 2019",2020,France,
The Influence,Dennis Rovira van Boekholt,"October 11, 2019",2019,"Spain, France",
Beyblade Burst Turbo,,"October 10, 2019",2018,,
GEN HOSHINO STADIUM TOUR “POP VIRUS”,Naoto Amazutsumi,"October 10, 2019",2019,,
Ultramarine Magmell,,"October 10, 2019",2019,Japan,
After,Jenny Gage,"October 9, 2019",2019,United States,
Home Is Where the Killer Is,Kaila York,"October 9, 2019",2019,United States,
Rhythm + Flow,,"October 9, 2019",2019,United States,
Deon Cole: Cole Hearted,Ryan Polito,"October 8, 2019",2019,United States,
The Spooky Tale of Captain Underpants Hack-a-ween,,"October 8, 2019",2019,United States,
Love for Sale,Andibachtiar Yusuf,"October 6, 2019",2018,Indonesia,
Legend Quest: Masters of Myth,,"October 5, 2019",2019,Mexico,
My Country: The New Age,,"October 5, 2019",2019,South Korea,
Noblemen,Vandana Kataria,"October 5, 2019",2019,India,
A Plastic Ocean,,"October 4, 2019",2016,"United Kingdom, Hong Kong",
Brother in Love,Onur Bilgetay,"October 4, 2019",2019,Turkey,
Creeped Out,,"October 4, 2019",2019,"United Kingdom, Canada",
In the Tall Grass,Vincenzo Natali,"October 4, 2019",2019,"Canada, United States",
Kids on the Block,Tugçe Soysop,"October 4, 2019",2019,Turkey,
Peaky Blinders,,"October 4, 2019",2019,United Kingdom,
Raising Dion,,"October 4, 2019",2019,United States,
Rotten,,"October 4, 2019",2019,United States,
Super Monsters,,"October 4, 2019",2019,,
Super Monsters: Vida's First Halloween,"Jacob Joice, Steve Ball","October 4, 2019",2019,United States,
Seis Manos,,"October 3, 2019",2019,United States,
Living Undocumented,,"October 2, 2019",2019,United States,
Ready to Mingle,Luis Javier Henaine,"October 2, 2019",2019,Mexico,
Salam - The First ****** Nobel Laureate,Anand Kamalakar,"October 2, 2019",2018,United States,
Cheese in the Trap,Lee Yoon-jung,"October 1, 2019",2016,South Korea,
Chicago Typewriter,,"October 1, 2019",2017,South Korea,
College Romance,,"October 1, 2019",2018,India,
Engineering Girls,,"October 1, 2019",2018,India,
First Kiss,Roy Poortmans,"October 1, 2019",2018,Netherlands,
Girls Hostel,,"October 1, 2019",2018,India,
Inmates,,"October 1, 2019",2017,India,
Limitless,Vrinda Samartha,"October 1, 2019",2017,India,
Little Baby Bum: Go Buster,,"October 1, 2019",2019,,
Miniforce X,,"October 1, 2019",2018,South Korea,
Nikki Glaser: Bangin’,Nicholaus Goossen,"October 1, 2019",2019,United States,
Rugrats in Paris: The Movie,"Stig Bergqvist, Paul Demeyer","October 1, 2019",2000,"Germany, United States",
The K2,,"October 1, 2019",2016,South Korea,
The Liar and His Lover,,"October 1, 2019",2017,South Korea,
The Rugrats Movie,"Igor Kovalyov, Norton Virgien","October 1, 2019",1998,United States,
The Squid and the Whale,Noah Baumbach,"October 1, 2019",2005,United States,
Gotham,Danny Cannon,"September 30, 2019",2019,United States,
Mo Gilligan: Momentum,Chris Howe,"September 30, 2019",2019,United Kingdom,
Cultivating the Seas: History and Future of the Full-Cycle Cultured Kindai Tuna,Mana Yasuda,"September 28, 2019",2019,,
TUNA GIRL,Mana Yasuda,"September 28, 2019",2019,Japan,
Bard of Blood,,"September 27, 2019",2019,India,
Deliha 2,Gupse Özay,"September 27, 2019",2018,Turkey,
El Marginal,,"September 27, 2019",2019,Argentina,
In the Shadow of the Moon,Jim Mickle,"September 27, 2019",2019,"United States, Canada",
Sturgill Simpson Presents Sound & Fury,"Jumpei Mizusaki, Koji Morimoto, Michael Arias, Masaru Matsumoto, Arthell Isom, Henry Thurlow, Takanobu Mizuno, Elsa Nakamichi, Hajime Sasaki, Shinji Takagi","September 27, 2019",2019,United States,
Malaal,Mangesh Hadawale,"September 26, 2019",2019,India,
The Grandmaster,Wong Kar Wai,"September 26, 2019",2013,"Hong Kong, China",
The Inmate,,"September 26, 2019",2018,Mexico,
Abstract: The Art of Design,,"September 25, 2019",2019,United States,
Birders,Otilia Portillo Padua,"September 25, 2019",2019,"United States, Mexico",
Glitch,,"September 25, 2019",2019,Australia,
Oh! Baby (Malayalam),B. V. Nandini Reddy,"September 25, 2019",2019,,
Oh! Baby (Tamil),B. V. Nandini Reddy,"September 25, 2019",2019,,
Inside Man: Most Wanted,Michael J. Bassett,"September 24, 2019",2019,United States,
Jeff Dunham: Beside Himself,Troy Miller,"September 24, 2019",2019,United States,
Manmadhudu 2,Rahul Ravindran,"September 23, 2019",2019,India,
Under the Eiffel Tower,Archie Borders,"September 23, 2019",2018,United States,
Do Paise Ki Dhoop Chaar Aane Ki Baarish,Deepti Naval,"September 22, 2019",2009,India,
Vagabond,,"September 21, 2019",2019,South Korea,
Between Two Ferns: The Movie,Scott Aukerman,"September 20, 2019",2019,United States,
Criminal: France,,"September 20, 2019",2019,,
Criminal: Germany,,"September 20, 2019",2019,Germany,
Criminal: Spain,Mariano Barroso,"September 20, 2019",2019,Spain,
Fastest Car,,"September 20, 2019",2019,United States,
Inside Bill's Brain: Decoding Bill Gates,,"September 20, 2019",2019,United States,
The Hockey Girls,"Kiko Cruz Claverol, Patricia Font","September 20, 2019",2019,Spain,
Travel Mates 2,Bedran Güzel,"September 20, 2019",2018,Turkey,
True: Tricky Treat Day,,"September 20, 2019",2019,Canada,
Kabir Singh,Sandeep Reddy Vanga,"September 19, 2019",2019,India,
When the Camellia Blooms,,"September 18, 2019",2019,South Korea,
Avengement,Jesse V. Johnson,"September 17, 2019",2019,United Kingdom,
Sebastian Maniscalco: What's Wrong with People?,Manny Rodriguez,"September 17, 2019",2012,United States,
Los Tigres del Norte at Folsom Prison,Tom Donahue,"September 15, 2019",2019,United States,
Steal a Pencil for Me,Michèle Ohayon,"September 15, 2019",2006,United States,
Surviving R. Kelly,,"September 15, 2019",2019,United States,
Oh! Baby,B. V. Nandini Reddy,"September 14, 2019",2019,India,
The Crystal Calls Making the Dark Crystal: Age of Resistance,Randall Lobb,"September 14, 2019",2019,United States,
"Hello, Privilege. It's Me, Chelsea",Alex Stapleton,"September 13, 2019",2019,United States,
Kabaneri of the Iron Fortress: The Battle of Unato,,"September 13, 2019",2019,Japan,
Locked on You,Kıvanç Baruönü,"September 13, 2019",2018,Turkey,
Marianne,,"September 13, 2019",2019,France,
Shanghai Fortress,Teng Huatao,"September 13, 2019",2019,China,
Tall Girl,Nzingha Stewart,"September 13, 2019",2019,United States,
Top Boy,,"September 13, 2019",2019,,
Unbelievable,,"September 13, 2019",2019,United States,
The I-Land,,"September 12, 2019",2019,United States,
"The Mind, Explained",,"September 12, 2019",2019,United States,
Bill Burr: Paper Tiger,Mike Binder,"September 10, 2019",2019,"United States, United Kingdom",
Evelyn,Orlando von Einsiedel,"September 10, 2019",2019,United Kingdom,
Article 15,Anubhav Sinha,"September 6, 2019",2019,India,
Care of Kancharapalem,Maha Venkatesh,"September 6, 2019",2018,India,
Ee Nagaraniki Emaindi,Tharun Bhascker,"September 6, 2019",2018,India,
Kill Me If You Dare,Şenol Sönmez,"September 6, 2019",2019,Turkey,
The Spy,,"September 6, 2019",2019,France,
American Factory: A Conversation with the Obamas,,"September 5, 2019",2019,United States,
Saawan,Farhan Alam,"September 4, 2019",2016,Pakistan,
Watchman,A. L. Vijay,"September 4, 2019",2019,India,
Elena,Petra Costa,"September 1, 2019",2012,"Brazil, United States",
Loo Loo Kids: Johny & Friends Musical Adventures,,"September 1, 2019",2016,,
Moving Art,,"September 1, 2019",2018,United States,
Naruto,Hayato Date,"September 1, 2019",2006,Japan,
Olmo & the Seagull,"Petra Costa, Lea Glob","September 1, 2019",2014,"Denmark, Brazil, France, Portugal, Sweden",
Serial Killer with Piers Morgan,,"September 1, 2019",2018,United Kingdom,
Spookley the Square Pumpkin,Bernie Denk,"September 1, 2019",2004,United States,
Uncle Naji in UAE,Ahmed Zain,"September 1, 2019",2019,United Arab Emirates,
Luo Bao Bei,,"August 31, 2019",2018,"China, United Kingdom",
Back to School,"Rémy Four, Julien War","August 30, 2019",2019,,
Feo pero sabroso,Fernando Ayllón,"August 30, 2019",2018,Colombia,
Mi amigo Alexis,Alejandro Fernández Almendras,"August 30, 2019",2019,Chile,
Styling Hollywood,,"August 30, 2019",2019,,
The Dark Crystal: Age of Resistance,,"August 30, 2019",2019,"United Kingdom, United States",
The Good Bandit,,"August 30, 2019",2018,Colombia,
True and the Rainbow Kingdom,,"August 30, 2019",2019,"United States, Canada",
Unbridled,Jota Linares,"August 30, 2019",2018,Spain,
Falling Inn Love,Roger Kumble,"August 29, 2019",2019,United States,
Kardec,Wagner de Assis,"August 29, 2019",2019,Brazil,
Travis Scott: Look Mom I Can Fly,White Trash Tyler,"August 28, 2019",2019,United States,
Million Pound Menu,,"August 27, 2019",2019,United Kingdom,
Dave Chappelle: Sticks & Stones,Stan Lathan,"August 26, 2019",2019,United States,
Drink Drank Drunk,Yeung Yat-Tak,"August 24, 2019",2016,Hong Kong,
13 Reasons Why: Beyond the Reasons,,"August 23, 2019",2019,United States,
HERO MASK,,"August 23, 2019",2019,,
Kaake Da Viyah,Rai Yuvraj Bains,"August 23, 2019",2019,India,
Marriage Palace,Sunil Thakur,"August 23, 2019",2018,India,
Mayday Life,Muh Chen,"August 23, 2019",2019,"China, Taiwan",
Saavat,Saurabh Sinha,"August 23, 2019",2019,India,
American Factory,"Steven Bognar, Julia Reichert","August 21, 2019",2019,United States,
Game Over (Hindi Version),Ashwin Saravanan,"August 21, 2019",2019,,
Game Over (Tamil Version),Ashwin Saravanan,"August 21, 2019",2019,"India, Turkey",
Game Over (Telugu Version),Ashwin Saravanan,"August 21, 2019",2019,,
Hyperdrive,,"August 21, 2019",2019,United States,
The Girl Allergic to Wi-Fi,Jun Lana,"August 21, 2019",2018,Philippines,
Our Planet - Behind The Scenes,,"August 20, 2019",2019,United Kingdom,
Simon Amstell: Set Free,Julia Knowles,"August 20, 2019",2019,United Kingdom,
45 rpm,,"August 16, 2019",2019,Spain,
Apache: The Life of Carlos Tevez,,"August 16, 2019",2019,Argentina,
Better Than Us,,"August 16, 2019",2019,Russia,
Diagnosis,,"August 16, 2019",2019,United States,
Green Frontier,,"August 16, 2019",2019,Colombia,
Invader Zim: Enter the Florpus,,"August 16, 2019",2019,"South Korea, United States",
MINDHUNTER,,"August 16, 2019",2019,United States,
Selfless,Tarsem Singh,"August 16, 2019",2015,United States,
Sextuplets,Michael Tiddes,"August 16, 2019",2019,United States,
Super Monsters Back to School,,"August 16, 2019",2019,Canada,
The King's Avatar,,"August 16, 2019",2019,China,
The Little Switzerland,Kepa Sojo,"August 16, 2019",2019,Spain,
Victim Number 8,,"August 16, 2019",2018,Spain,
Cannon Busters,,"August 15, 2019",2019,"United States, Japan",
Sacred Games,"Vikramaditya Motwane, Anurag Kashyap","August 15, 2019",2019,"India, United States",
Til Death Do Us Part,"Cho Li, Chen Hung-yi, Weica Wang, Liu Bang-yao, Lin Guan-fu, Shen Chi, YC Tom Lee","August 15, 2019",2019,Taiwan,
Whindersson Nunes: Adult,Diego Pignataro,"August 15, 2019",2019,Brazil,
Happy Jail,,"August 14, 2019",2019,,
Uyare,Manu Ashokan,"August 14, 2019",2019,India,
90 ML,Anita Udeep,"August 13, 2019",2019,India,
Calum von Moger: Unbroken,Vlad Yudin,"August 13, 2019",2019,United States,
Hasta los dientes,Alberto Arnaut Estrada,"August 13, 2019",2018,Mexico,
Knightfall,,"August 13, 2019",2019,United States,
DC Super Hero Girls,,"August 12, 2019",2019,United States,
Colin Quinn: Red State Blue State,Robert Moresco,"August 9, 2019",2019,,
GLOW,,"August 9, 2019",2019,United States,
IZombie,,"August 9, 2019",2019,United States,
Jaoon Kahan Bata Ae Dil,Aadish Keluskar,"August 9, 2019",2018,India,
Rocko's Modern Life: Static Cling,"Joe Murray, Cosmo Segurson","August 9, 2019",2019,United States,
Sintonia,,"August 9, 2019",2019,Brazil,
The Family,Jesse Moss,"August 9, 2019",2019,United States,
Bad Guys,,"August 8, 2019",2014,South Korea,
Dollar,,"August 8, 2019",2019,Lebanon,
Jane The Virgin,,"August 8, 2019",2019,United States,
Let's Eat 2,,"August 8, 2019",2015,"Malaysia, Singapore, Hong Kong",
Let’s Eat,,"August 8, 2019",2013,South Korea,
Misaeng,,"August 8, 2019",2014,South Korea,
Oh My Ghost,,"August 8, 2019",2015,South Korea,
Reply 1994,Shin Won-ho,"August 8, 2019",2014,South Korea,
Reply 1997,Shin Won-ho,"August 8, 2019",2012,South Korea,
Wu Assassins,,"August 8, 2019",2019,United States,
Badla,Sujoy Ghosh,"August 7, 2019",2019,India,
Theo Von: No Offense,John Asher,"August 7, 2019",2016,United States,
Crazy Beautiful You,Mae Czarina Cruz,"August 6, 2019",2015,Philippines,
I'm Brent Morin,Lance Bangs,"August 6, 2019",2015,United States,
Jim Jefferies : BARE,Shannon Hartman,"August 6, 2019",2014,United States,
Screwball,Billy Corben,"August 6, 2019",2018,United States,
Sebastian Maniscalco: Why Would You Do That,Joe DeMaio,"August 6, 2019",2016,United States,
Enter the Anime,Alex Burunova,"August 5, 2019",2019,"United States, Japan",
No Good Nick,,"August 5, 2019",2019,United States,
No One Will Ever Know,Jesús Torres Torres,"August 5, 2019",2017,Mexico,
Misfit,Erwin van den Eshof,"August 3, 2019",2017,Netherlands,
Basketball or Nothing,,"August 2, 2019",2019,United States,
Léa & I,Camille Shooshani,"August 2, 2019",2019,,
Otherhood,,"August 2, 2019",2019,"United Kingdom, United States",
Uriyadi 2,Vijay Kumar,"August 2, 2019",2019,India,
Manu,Phanindra Narsetti,"August 1, 2019",2018,India,
Sleepless Society: Nyctophobia,,"August 1, 2019",2019,Thailand,
The Letdown,,"July 31, 2019",2019,Australia,
The Red Sea Diving Resort,Gideon Raff,"July 31, 2019",2019,Canada,
Whitney Cummings: Can I Touch It?,Marcus Raboy,"July 30, 2019",2019,,
Twelve Forever,,"July 29, 2019",2019,United States,
Boi,Jorge M. Fontana,"July 26, 2019",2018,Spain,
Eerie,Mikhail Red,"July 26, 2019",2019,"Philippines, Singapore",
Girls With Balls,Olivier Afonso,"July 26, 2019",2019,"France, Belgium",
My First First Love,,"July 26, 2019",2019,South Korea,
The Son,Sebastián Schindel,"July 26, 2019",2019,Argentina,
Another Life,,"July 25, 2019",2019,United States,
The Great Hack,"Karim Amer, Jehane Noujaim","July 24, 2019",2019,United States,
Beat Bugs,,"July 21, 2019",2018,"Australia, Canada",
D.L. Hughley: Contrarian,Jay Chapman,"July 21, 2019",2018,United States,
Demetri Martin: The Overthinker,"Jay Karas, Demetri Martin","July 21, 2019",2018,United States,
The Beast Stalker,Dante Lam,"July 21, 2019",2008,Hong Kong,
The Midas Touch,Chi Keung Fung,"July 21, 2019",2013,Hong Kong,
The Twins Effect II,"Corey Yuen, Patrick Leung","July 21, 2019",2004,"Hong Kong, China",
Twins Mission,To-hoi Kong,"July 21, 2019",2007,"Hong Kong, China",
Sexy Central,,"July 20, 2019",2019,Hong Kong,
"¡Ay, mi madre!",Frank Ariza,"July 19, 2019",2019,Spain,
Comedians in Cars Getting Coffee,Jerry Seinfeld,"July 19, 2019",2019,United States,
The Epic Tales of Captain Underpants,,"July 19, 2019",2019,United States,
Typewriter,,"July 19, 2019",2019,India,
Rookie Historian Goo Hae-Ryung,,"July 18, 2019",2019,South Korea,
Secret Obsession,Peter Sullivan,"July 18, 2019",2019,United States,
Mauli,Aditya Sarpotdar,"July 17, 2019",2018,India,
Pinky Malinky,,"July 17, 2019",2019,United States,
Unrequited Love,,"July 17, 2019",2019,China,
Bogda,Nisheeta Keni,"July 16, 2019",2018,India,
"Frankenstein’s Monster’s Monster, Frankenstein",Daniel Gray Longino,"July 16, 2019",2019,United States,
Angel Beats!,,"July 15, 2019",2010,Japan,
Anohana: The Flower We Saw That Day,,"July 15, 2019",2011,Japan,
God Eater,,"July 15, 2019",2015,Japan,
GRANBLUE FANTASY the Animation,,"July 15, 2019",2017,Japan,
3Below: Tales of Arcadia,,"July 12, 2019",2019,United States,
4L,Gerardo Olivares,"July 12, 2019",2019,Spain,
Bonus Family,,"July 12, 2019",2019,Sweden,
Cities of Last Things,Wi Ding Ho,"July 12, 2019",2018,"Taiwan, China, France, United States",
Extreme Engagement,,"July 12, 2019",2019,,
Kidnapping Stella,Thomas Sieben,"July 12, 2019",2019,Germany,
One Spring Night,,"July 12, 2019",2019,South Korea,
PILI Fantasy: War of Dragons,,"July 12, 2019",2019,,
Point Blank,Joe Lynch,"July 12, 2019",2019,"France, United States",
The Milk System,Andreas Pichler,"July 12, 2019",2017,"Germany, Italy",
True Tunes,,"July 12, 2019",2019,,
Parchís: the Documentary,Daniel Arasanz,"July 11, 2019",2019,Spain,
Aziz Ansari: RIGHT NOW,Spike Jonze,"July 9, 2019",2019,United States,
Free Rein,,"July 6, 2019",2019,United States,
"River, el más grande siempre","Marcelo Altmark, Mariano Mucci, Luis A. Scalella","July 5, 2019",2019,Argentina,
The Legend of White Snake,,"July 5, 2019",2019,China,
Cristina,Michèle Ohayon,"July 4, 2019",2016,United States,
Kakegurui,,"July 4, 2019",2019,,
Stranger Things,,"July 4, 2019",2019,United States,
The Last Czars,,"July 3, 2019",2019,United States,
Yummy Mummies,,"July 3, 2019",2019,Australia,
Bangkok Love Stories: Objects of Affection,,"July 2, 2019",2019,Thailand,
Bangkok Love Stories: Plead,,"July 2, 2019",2019,Thailand,
Designated Survivor: 60 Days,,"July 2, 2019",2019,South Korea,
DreamWorks Kung Fu Panda Awesome Secrets,,"July 1, 2019",2008,United States,
Hatchimals | Adventures in Hatchtopia,,"July 1, 2019",2018,United States,
Katherine Ryan: Glitter Room,Linda Mendoza,"July 1, 2019",2019,United States,
Molang,,"July 1, 2019",2015,France,
Rabbids Invasion,,"July 1, 2019",2018,France,
Record of Grancrest War,,"July 1, 2019",2018,Japan,
War Against Women,Hernán Zin,"July 1, 2019",2013,"United States, Spain",
Inhuman Kiss,Sittisiri Mongkolsiri,"June 30, 2019",2019,Thailand,
Romeo Akbar Walter,Robbie Grewal,"June 30, 2019",2019,India,
Scare Tactics,,"June 30, 2019",2011,United States,
Super Deluxe,Thiagarajan Kumararaja,"June 29, 2019",2019,India,
Dope,,"June 28, 2019",2019,United States,
El testigo,Kate Horne,"June 28, 2019",2018,"Colombia, Peru, United Kingdom",
Exhibit A,,"June 28, 2019",2019,United States,
Instant Hotel,,"June 28, 2019",2019,Australia,
La Leyenda del Diamante,Roberto Girault Facha,"June 28, 2019",2017,Mexico,
Motown Magic,,"June 28, 2019",2019,"Australia, United States",
Paquita Salas,,"June 28, 2019",2018,Spain,
ANIMA,Paul Thomas Anderson,"June 27, 2019",2019,United Kingdom,
Answer for Heaven,,"June 27, 2019",2019,,
Daniel Sosa: Maleducado,"Alex Díaz, Marcos Bucay","June 27, 2019",2019,Mexico,
Hikaru Utada Laughter in the Dark Tour 2018,,"June 26, 2019",2018,Japan,
Kahaani,Sujoy Ghosh,"June 26, 2019",2012,India,
Unbroken,Svati Chakravarty Bhatkal,"June 26, 2019",2019,India,
Mike Epps: Only One Mike,Kevin Bray,"June 25, 2019",2019,United States,
Forest of Piano,,"June 24, 2019",2019,Japan,
Triple Threat,"Jesse V. Johnson, Jesse Johnson","June 22, 2019",2019,"Thailand, China, United States",
Blood Will Tell,"Miguel Cohan, Miguel Cohan","June 21, 2019",2019,"Argentina, United States",
Bolívar,"Luis Alberto Restrepo, Andrés Beltrán, Jaime Rayo","June 21, 2019",2019,Colombia,
EVANGELION: DEATH (TRUE)²,Hideaki Anno,"June 21, 2019",1998,Japan,
Girls Incarcerated,,"June 21, 2019",2019,United States,
Go! Live Your Way,,"June 21, 2019",2019,Argentina,
Magi: The Labyrinth of Magic,,"June 21, 2019",2013,Japan,
Neon Genesis Evangelion,,"June 21, 2019",1995,Japan,
Shooter,,"June 21, 2019",2018,United States,
The Casketeers,,"June 21, 2019",2019,New Zealand,
The Confession Tapes,,"June 21, 2019",2019,United States,
The End of Evangelion,"Hideaki Anno, Kazuya Tsurumaki","June 21, 2019",1997,Japan,
Rakkhosh,"Abhijit Kokate, Srivinay Salian","June 20, 2019",2019,India,
The Wolf's Call,Antonin Baudry,"June 20, 2019",2019,France,
Beats,Chris Robinson,"June 19, 2019",2019,United States,
The Edge of Democracy,Petra Costa,"June 19, 2019",2019,Brazil,
Adam Devine: Best Time of Our Lives,Jay Karas,"June 18, 2019",2019,United States,
Cop Car,Jon Watts,"June 16, 2019",2015,United States,
Right Here Right Now,Jakob Lass,"June 16, 2019",2018,Germany,
Fate/Zero,,"June 15, 2019",2012,Japan,
Kill la Kill,,"June 15, 2019",2014,Japan,
Life Overtakes Me,"John Haptas, Kristine Samuelson","June 15, 2019",2019,"Sweden, United States",
Luckee,Sanjay Jadhav,"June 15, 2019",2019,India,
Pihu,Vinod Kapri,"June 15, 2019",2018,India,
Puella Magi Madoka Magica,,"June 15, 2019",2011,Japan,
Somewhere Only We Know,,"June 15, 2019",2019,China,
The Alcàsser Murders,Elías León,"June 15, 2019",2019,Spain,
Unit 42,,"June 15, 2019",2017,Belgium,
Awake: The Million Dollar Game,,"June 14, 2019",2019,United States,
Black Spot,,"June 14, 2019",2019,"France, Belgium",
DJ Cinderella,Bruno Garotti,"June 14, 2019",2019,Brazil,
El desconocido,,"June 14, 2019",2019,,
Girlfriends' Guide to Divorce,,"June 14, 2019",2019,United States,
Leila,,"June 14, 2019",2019,India,
Marlon,,"June 14, 2019",2018,United States,
Marvel's Jessica Jones,,"June 14, 2019",2019,United States,
Murder Mystery,Kyle Newacheck,"June 14, 2019",2019,United States,
Yankee,,"June 14, 2019",2019,Mexico,
Jinn,,"June 13, 2019",2019,Jordan,
Oprah Presents When They See Us Now,Mark Ritchie,"June 13, 2019",2019,United States,
The 3rd Eye 2,Rocky Soraya,"June 13, 2019",2019,Indonesia,
Jo Koy: Comin' In Hot,Shannon Hartman,"June 12, 2019",2019,United States,
Rolling Thunder Revue: A Bob Dylan Story by Martin Scorsese,Martin Scorsese,"June 12, 2019",2019,United States,
Upin & Ipin,,"June 10, 2019",2011,Malaysia,
Belmonte,Federico Veiroj,"June 7, 2019",2018,"Uruguay, Spain, Mexico",
Designated Survivor,,"June 7, 2019",2019,United States,
Elisa & Marcela,Isabel Coixet,"June 7, 2019",2019,Spain,
I Am Mother,Grant Sputore,"June 7, 2019",2019,Australia,
Luka Chuppi,Laxman Utekar,"June 7, 2019",2019,India,
Pachamama,Juan Antin,"June 7, 2019",2019,"France, Luxembourg, Canada",
Rock My Heart,Hanno Olderdissen,"June 7, 2019",2019,Germany,
Stree,Amar Kaushik,"June 7, 2019",2018,India,
Super Monsters Monster Pets,,"June 7, 2019",2019,United States,
Tales of the City,,"June 7, 2019",2019,United States,
The Black Godfather,Reginald Hudlin,"June 7, 2019",2019,United States,
Alles ist gut,Eva Trobisch,"June 6, 2019",2019,Germany,
A Silent Voice,Naoko Yamada,"June 5, 2019",2016,Japan,
Black Mirror,,"June 5, 2019",2019,United Kingdom,
Cosmos Laundromat: First Cycle,Mathieu Auvray,"June 4, 2019",2015,Netherlands,
Miranda Sings Live…Your Welcome,Marcus Raboy,"June 4, 2019",2019,United States,
Silent,"Limbert Fabian, Brandon Oldenburg","June 4, 2019",2014,United States,
Documentary Now!,,"June 3, 2019",2019,United States,
Malibu Rescue: The Series,,"June 3, 2019",2019,United States,
Arthdal Chronicles,,"June 2, 2019",2019,South Korea,
Krutant,Datta Mohan Bhandare,"June 2, 2019",2019,India,
A Thousand Goodnights,,"June 1, 2019",2019,Taiwan,
III Smoking Barrels,Sanjib Dey,"June 1, 2019",2017,India,
March Comes in Like a Lion,,"June 1, 2019",2017,Japan,
"Oh, Ramona!",Cristina Jacob,"June 1, 2019",2019,Romania,
We Are Legends,Daniel Yee Heng Chan,"June 1, 2019",2019,Hong Kong,
Bad Blood,,"May 31, 2019",2019,Canada,
Chopsticks,Sachin Yardi,"May 31, 2019",2019,India,
Killer Ratings,,"May 31, 2019",2019,,
Mere Pyare Prime Minister,Rakeysh Omprakash Mehra,"May 31, 2019",2019,India,
Pegasus,Han Han,"May 31, 2019",2019,China,
When They See Us,,"May 31, 2019",2019,United States,
Svaha: The Sixth Finger,Jang Jae-hyun,"May 30, 2019",2019,South Korea,
Historical Roasts,,"May 27, 2019",2019,United States,
After Maria,Nadia Hallgren,"May 24, 2019",2019,United States,
Hyper HardBoiled Gourmet Report,,"May 24, 2019",2017,,
Joy,Sudabeh Mortezai,"May 24, 2019",2019,Austria,
Rim of the World,McG,"May 24, 2019",2019,United States,
She's Gotta Have It,,"May 24, 2019",2018,United States,
The Perfection,Richard Shepard,"May 24, 2019",2019,United States,
WHAT / IF,,"May 24, 2019",2019,United States,
The Lonely Island Presents: The Unauthorized Bash Brothers Experience,"Mike Diva, Akiva Schaffer","May 23, 2019",2019,,
A Tale of Two Kitchens,Trisha Ziff,"May 22, 2019",2019,"United States, Mexico",
The Man Who Feels No Pain,Vasan Bala,"May 22, 2019",2018,India,
Wanda Sykes: Not Normal,Linda Mendoza,"May 21, 2019",2019,United States,
Prince of Peoria,,"May 20, 2019",2019,United States,
Rosario Tijeras,,"May 20, 2019",2018,Mexico,
1994,Diego Enrique Osorno,"May 17, 2019",2019,Mexico,
Born in Gaza,Hernán Zin,"May 17, 2019",2014,Spain,
Born in Syria,Hernán Zin,"May 17, 2019",2016,"Denmark, Spain",
Dying to Tell,Hernán Zin,"May 17, 2019",2018,Spain,
It's Bruno!,,"May 17, 2019",2019,United States,
Maria,Pedring A. Lopez,"May 17, 2019",2019,Philippines,
ReMastered: The Lion's Share,Sam Cullman,"May 17, 2019",2019,,
Saverio Raimondo: Il Satiro Parlante,Francesco Imperato,"May 17, 2019",2019,Italy,
See You Yesterday,Stefon Bristol,"May 17, 2019",2019,United States,
White Gold,,"May 17, 2019",2019,United Kingdom,
Good Sam,Kate Melville,"May 16, 2019",2019,United States,
Jonaki,Aditya Vikram Sengupta,"May 16, 2019",2018,India,
PATRICK (2019),Mandie Fletcher,"May 16, 2019",2019,United Kingdom,
Dennis and Gnasher Unleashed,,"May 15, 2019",2017,United Kingdom,
Hamid,Aijaz Khan,"May 15, 2019",2018,India,
"Heidi, bienvenida a casa",,"May 15, 2019",2017,Argentina,
I Hear You,,"May 15, 2019",2019,,
Backdraft 2,Gonzalo López-Gallego,"May 14, 2019",2019,United States,
Revisions,,"May 14, 2019",2018,Japan,
Still LAUGH-IN: The Stars Celebrate,,"May 14, 2019",2019,United States,
Weed the People,Abby Epstein,"May 14, 2019",2018,United States,
Malibu Rescue,Savage Steve Holland,"May 13, 2019",2019,United States,
Merata: How Mum Decolonised the Screen,Hepi Mita,"May 12, 2019",2018,New Zealand,
The Defected,,"May 12, 2019",2019,"China, Hong Kong",
Dry Martina,Che Sandoval,"May 11, 2019",2018,"Chile, Argentina",
Shéhérazade,Jean-Bernard Marlin,"May 11, 2019",2019,France,
The Great Magician,Yee Tung-Shing,"May 11, 2019",2011,"Hong Kong, China",
Easy,,"May 10, 2019",2019,United States,
In Family I Trust,Patricia Font,"May 10, 2019",2018,Spain,
Jailbirds,,"May 10, 2019",2019,,
The Mechanism,,"May 10, 2019",2019,Brazil,
The Princess Weiyoung,,"May 10, 2019",2016,China,
The Society,,"May 10, 2019",2019,United States,
Wine Country,Amy Poehler,"May 10, 2019",2019,United States,
Gatao 2: Rise of the King,Yen Cheng-kuo,"May 9, 2019",2018,Taiwan,
Away From Home,,"May 8, 2019",2015,,
Bibik-Bibikku,,"May 8, 2019",2016,,
Cinta 100KG,,"May 8, 2019",2016,,
Cinta Iris,,"May 8, 2019",2015,,
Cinta Si Wedding Planner,,"May 8, 2019",2015,,
Cinta Teruna Kimchi,,"May 8, 2019",2016,,
Secret of Success,,"May 8, 2019",2015,,
The Missing Menu,,"May 8, 2019",2016,,
Unchained Fate,,"May 8, 2019",2016,,
Abyss,,"May 7, 2019",2019,South Korea,
I Have a Script,,"May 7, 2019",2019,,
In the Bosom of a Thorn,,"May 7, 2019",2019,Kuwait,
The Writer,,"May 7, 2019",2019,Lebanon,
What If?,,"May 7, 2019",2019,,
Last Breath,"Alex Parkinson, Richard da Costa","May 6, 2019",2019,"United Kingdom, Belgium, Sweden",
The Wandering Earth,Frant Gwo,"May 6, 2019",2019,China,
All In My Family,Hao Wu,"May 3, 2019",2019,United States,
Crime Diaries: Night Out,Felipe Cano,"May 3, 2019",2019,Mexico,
Cupcake & Dino - General Services,,"May 3, 2019",2019,"Canada, Brazil",
Despite Everything,Gabriela Tagliavini,"May 3, 2019",2019,Spain,
"Extremely Wicked, Shockingly Evil and Vile",Joe Berlinger,"May 3, 2019",2019,United States,
Flinch,,"May 3, 2019",2019,United Kingdom,
Jo Pil-ho: The Dawning Rage,Lee Jeong-beom,"May 3, 2019",2018,South Korea,
The Last Summer,William Bindley,"May 3, 2019",2019,United States,
Tuca & Bertie,,"May 3, 2019",2019,United States,
Laatu,Manav Shah,"May 2, 2019",2018,India,
Olympus Has Fallen,Antoine Fuqua,"May 2, 2019",2013,United States,
Code Geass: Lelouch of the Rebellion,,"May 1, 2019",2008,Japan,
John & Yoko: Above Us Only Sky,Michael Epstein,"May 1, 2019",2018,United Kingdom,
Knock Down The House,Rachel Lears,"May 1, 2019",2019,United States,
Munafik 2,Syamsul Yusof,"May 1, 2019",2018,Malaysia,
Sur Sapata,Mangesh Kanthale,"May 1, 2019",2019,India,
A Home with A View,Herman Yau,"April 30, 2019",2019,Hong Kong,
Angel 'N' Devil,,"April 30, 2019",2014,Taiwan,
Anthony Jeselnik: Fire in the Maternity Ward,Marcus Raboy,"April 30, 2019",2019,United States,
Hong Kong West Side Stories,,"April 30, 2019",2018,Hong Kong,
Ingress: The Animation,,"April 30, 2019",2018,Japan,
K.O. One Re-act,,"April 30, 2019",2013,,
K.O.3an Guo,,"April 30, 2019",2009,Taiwan,
KO One Return,,"April 30, 2019",2012,,
The Outsiders,,"April 30, 2019",2004,Taiwan,
Ash vs. Evil Dead,,"April 29, 2019",2018,United States,
Teen Aur Aadha,Dar Gai,"April 29, 2019",2018,India,
Señora Acero,,"April 28, 2019",2018,"Mexico, United States",
Chambers,,"April 26, 2019",2019,United States,
Loving is Losing,Fernando Ayllón,"April 26, 2019",2019,Colombia,
Money Trap,Yılmaz Erdoğan,"April 26, 2019",2019,Turkey,
Njan Prakashan,Sathyan Anthikad,"April 26, 2019",2018,India,
ReMastered: Devil at the Crossroads,Brian Oakes,"April 26, 2019",2019,United States,
Street Food,,"April 26, 2019",2019,United States,
The Hateful Eight: Extended Version,Quentin Tarantino,"April 25, 2019",2015,,
A Fortunate Man,Bille August,"April 20, 2019",2018,Denmark,
Grass Is Greener,Fab Five Freddie,"April 20, 2019",2019,,
Brené Brown: The Call to Courage,Sandra Restrepo,"April 19, 2019",2019,,
KO One,,"April 19, 2019",2005,Taiwan,
Lunatics,,"April 19, 2019",2019,Australia,
Music Teacher,Sarthak Dasgupta,"April 19, 2019",2019,India,
My Dear Boy,,"April 19, 2019",2017,Taiwan,
Rilakkuma and Kaoru,,"April 19, 2019",2019,"Japan, United States",
Samantha!,,"April 19, 2019",2019,Brazil,
Someone Great,Jennifer Kaytin Robinson,"April 19, 2019",2019,United States,
The Ruthless,Renato De Maria,"April 19, 2019",2019,"Italy, France",
A Little Chaos,Alan Rickman,"April 17, 2019",2014,United Kingdom,
Franco Escamilla: Bienvenido al mundo,Ulises Valencia,"April 17, 2019",2019,Mexico,
HOMECOMING: A film by Beyoncé,Beyoncé Knowles-Carter,"April 17, 2019",2019,,
About Time,Richard Curtis,"April 16, 2019",2013,United Kingdom,
Super Monsters Furever Friends,,"April 16, 2019",2019,,
Bollywood Calling,Nagesh Kukunoor,"April 15, 2019",2001,India,
Ek Khiladi Ek Haseena,Suparn Verma,"April 15, 2019",2005,India,
Generation Iron 3,Vlad Yudin,"April 15, 2019",2018,United States,
Hazaaron Khwaishein Aisi,Sudhir Mishra,"April 15, 2019",2003,"India, France",
Jhankaar Beats,Sujoy Ghosh,"April 15, 2019",2003,India,
Mumbai Matinee,Anant Balani,"April 15, 2019",2003,India,
Rainbow Jelly,Soukarya Ghosal,"April 15, 2019",2018,India,
Shabd,Leena Yadav,"April 15, 2019",2005,India,
Shortcut Safari,Amitabha Singh,"April 15, 2019",2016,India,
Thriller,Dallas Jackson,"April 14, 2019",2018,United States,
Crazy Ex-Girlfriend,,"April 13, 2019",2019,United States,
Who Would You Take to a Deserted Island?,Jota Linares,"April 13, 2019",2019,Spain,
Dabbe 5: Zehr-i Cin,Hasan Karacadağ,"April 12, 2019",2014,Turkey,
Dabbe: The Possession,Hasan Karacadağ,"April 12, 2019",2013,Turkey,
Francesco De Carlo: Cose di Questo Mondo,,"April 12, 2019",2019,Italy,
Huge in France,,"April 12, 2019",2019,United States,
The Perfect Date,Chris Nelson,"April 12, 2019",2019,United States,
New Girl,,"April 11, 2019",2018,United States,
Persona,"Lee Kyoungmi, Yim Pilsung, Jeon Go-woon, Kim Jong-kwan","April 11, 2019",2019,South Korea,
Liss Pereira: Reteniendo líquidos,Fernando Ayllón,"April 10, 2019",2019,Brazil,
The Silence,John R. Leonetti,"April 10, 2019",2019,"Canada, Germany",
You vs. Wild,,"April 10, 2019",2019,United States,
Sarvam Thaala Mayam (Telugu Version),Rajiv Menon,"April 8, 2019",2018,India,
Petta (Telugu Version),Karthik Subbaraj,"April 7, 2019",2019,,
Time: The Kalief Browder Story,,"April 7, 2019",2017,United States,
Alien Warfare,Jeremiah Jones,"April 5, 2019",2019,United States,
Derek,,"April 5, 2019",2015,United Kingdom,
Imposters,,"April 5, 2019",2017,United States,
Our Planet,,"April 5, 2019",2019,"United States, United Kingdom",
Petta,Karthik Subbaraj,"April 5, 2019",2019,India,
Quicksand,,"April 5, 2019",2019,Sweden,
Rimba Racer,,"April 5, 2019",2017,Malaysia,
Roman Empire: Reign of Blood,,"April 5, 2019",2019,"Canada, United States",
Spirit: Riding Free,,"April 5, 2019",2019,United States,
Tijuana,,"April 5, 2019",2019,Mexico,
Unicorn Store,Brie Larson,"April 5, 2019",2019,United States,
Possessed,,"April 4, 2019",2019,South Korea,
Ricardo Quevedo: Los amargados somos más,Fernando Ayllón,"April 3, 2019",2019,,
Suzzanna: Buried Alive,"Rocky Soraya, Anggy Umbara","April 3, 2019",2018,Indonesia,
Tango,,"April 3, 2019",2018,Lebanon,
Ek Ladki Ko Dekha Toh Aisa Laga,Shelly Chopra Dhar,"April 2, 2019",2019,India,
Jagat,Shanjey Kumar Perumal,"April 2, 2019",2015,Malaysia,
Kevin Hart: Irresponsible,Leslie Small,"April 2, 2019",2019,United States,
Kicko & Super Speedo,,"April 1, 2019",2018,,
Love O2O,Tianyu Zhao,"April 1, 2019",2016,China,
Pinky Memsaab,Shazia Ali Khan,"April 1, 2019",2018,"Pakistan, United Arab Emirates",
"That Winter, the Wind Blows",,"April 1, 2019",2013,South Korea,
The Trap,Erik White,"April 1, 2019",2017,United States,
Ultraman,,"April 1, 2019",2019,"United States, Japan",
Mercy Black,Owen Egerton,"March 31, 2019",2019,United States,
The Burial of Kojo,"Sam ""Blitz"" Bazawule","March 31, 2019",2018,"Ghana, United States",
Pablo,,"March 30, 2019",2017,United Kingdom,
15-Aug,Swapnaneel Jayakar,"March 29, 2019",2019,India,
Bayonet,Kyzza Terrazas,"March 29, 2019",2019,"Mexico, Finland",
Osmosis,,"March 29, 2019",2019,France,
Santa Clarita Diet,,"March 29, 2019",2019,United States,
The Highwaymen,John Lee Hancock,"March 29, 2019",2019,United States,
The Legend of Cocaine Island,Theo Love,"March 29, 2019",2019,United States,
The Terminal,,"March 29, 2019",2018,,
Traitors,,"March 29, 2019",2019,United Kingdom,
Versailles,,"March 29, 2019",2018,"France, Canada",
Ainori Love Wagon: Asian Journey,,"March 28, 2019",2018,Japan,
Danur: I Can See Ghosts,Awi Suryadi,"March 27, 2019",2017,Indonesia,
Verses of Love,Hanung Bramantyo,"March 27, 2019",2008,Indonesia,
Nate Bargatze: The Tennessee Kid,Ryan Polito,"March 26, 2019",2019,United States,
Sei,Raj Babu,"March 25, 2019",2018,India,
The Eagle of El-Se'eed,,"March 25, 2019",2018,,
Superlopez,Javier Ruiz Caldera,"March 24, 2019",2018,Spain,
Oversize Cops,"Chanon Yingyong, Phuwanit Pholdee","March 23, 2019",2017,Thailand,
Charlie's Colorforms City,,"March 22, 2019",2019,United States,
Crime Diaries: The Candidate,,"March 22, 2019",2019,Mexico,
Delhi Crime,,"March 22, 2019",2019,India,
Mirage,Oriol Paulo,"March 22, 2019",2018,Spain,
ReMastered: The Miami Showband Massacre,Stuart Sender,"March 22, 2019",2019,United States,
The 10 Sins,,"March 22, 2019",2018,,
The Dirt,Jeff Tremaine,"March 22, 2019",2019,United States,
The OA,,"March 22, 2019",2019,United States,
Antoine Griezmann: The Making of a Legend,,"March 21, 2019",2019,,
Bo on the Go!,,"March 21, 2019",2007,Canada,
Stay Tuned!,,"March 21, 2019",2019,Japan,
The Amazing Praybeyt Benjamin,Wenn V. Deramas,"March 21, 2019",2014,Philippines,
The Super Parental Guardians,Joyce Bernal,"March 21, 2019",2016,Philippines,
The Third Party,Jason Paul Laxamana,"March 21, 2019",2016,Philippines,
The Unmarried Wife,Maryo J. De los Reyes,"March 21, 2019",2016,Philippines,
Vince and Kath and James,Theodore Boborol,"March 21, 2019",2016,Philippines,
Alexis Viera: A Story of Surviving,Luis Ara,"March 20, 2019",2019,Uruguay,
Feb-09,,"March 20, 2019",2018,,
Imago,"Karan Shivajirao Chavan, Vikram Tanajirao Patil","March 20, 2019",2018,India,
My Husband Won't Fit,,"March 20, 2019",2019,Japan,
Amy Schumer Growing,Amy Schumer,"March 19, 2019",2019,United States,
5 Flights Up,Richard Loncraine,"March 17, 2019",2014,United States,
Green Door,,"March 17, 2019",2019,Taiwan,
Bombairiya,Pia Sukanya,"March 15, 2019",2018,"United Arab Emirates, United Kingdom, India",
Burn Out,Yann Gozlan,"March 15, 2019",2017,"France, Belgium",
Edoardo Ferrario: Temi Caldi,Francesco Imperato,"March 15, 2019",2019,Italy,
Girl,Lukas Dhont,"March 15, 2019",2018,"Netherlands, Belgium",
If I Hadn't Met You,,"March 15, 2019",2018,Spain,
Jeff Dunham: Arguing with Myself,Manny Rodriguez,"March 15, 2019",2006,United States,
Jeff Dunham: Controlled Chaos,"Michael Simon, Matthew McNeil","March 15, 2019",2011,United States,
Jeff Dunham: Minding the Monsters,Manny Rodriguez,"March 15, 2019",2012,United States,
Jeff Dunham's Very Special Christmas Special,Michael Simon,"March 15, 2019",2008,United States,
Late Life: The Chien-Ming Wang Story,Frank W Chen,"March 15, 2019",2018,"United States, Taiwan",
My Pride,,"March 15, 2019",2018,,
Paskal,Adrian Teh,"March 15, 2019",2018,Malaysia,
Robozuna,,"March 15, 2019",2018,United Kingdom,
The Disappearance of Madeleine McCann,,"March 15, 2019",2019,,
Turn Up Charlie,,"March 15, 2019",2019,United Kingdom,
A Love Story,Maryo J. De los Reyes,"March 14, 2019",2007,Philippines,
Barcelona: A Love Untold,Olivia M. Lamasan,"March 14, 2019",2016,Philippines,
Everything About Her,Joyce Bernal,"March 14, 2019",2016,Philippines,
Finally Found Someone,Theodore Boborol,"March 14, 2019",2017,Philippines,
Seven Sundays,Cathy Garcia-Molina,"March 14, 2019",2017,Philippines,
More to Say,,"March 13, 2019",2018,Egypt,
The Land of Hypocrisy,,"March 13, 2019",2018,Egypt,
Triple Frontier,J.C. Chandor,"March 13, 2019",2019,United States,
Jimmy Carr: The Best of Ultimate Gold Greatest Hits,Brian Klein,"March 12, 2019",2019,,
Eugenie Nights,,"March 11, 2019",2018,Egypt,
This Evening,,"March 11, 2019",2017,Egypt,
Into the Badlands,,"March 10, 2019",2018,United States,
Bangkok Love Stories: Hey You!,,"March 8, 2019",2018,,
Disappearance,,"March 8, 2019",2018,Egypt,
Hajwala 2: Mysterious Mission,"Ibrahim Bin Mohamed, Hasan Aljaberi","March 8, 2019",2018,United Arab Emirates,
Immortals,,"March 8, 2019",2018,Turkey,
Juanita,Clark Johnson,"March 8, 2019",2019,United States,
Lady J,Emmanuel Mouret,"March 8, 2019",2019,France,
The Confrontation,,"March 8, 2019",2018,,
Walk. Ride. Rodeo.,Conor Allyn,"March 8, 2019",2019,United States,
Nappily Ever After,Haifaa Al-Mansour,"March 7, 2019",2018,United States,
Sisterakas,Wenn V. Deramas,"March 7, 2019",2012,Philippines,
Starting Over Again,Olivia M. Lamasan,"March 7, 2019",2014,Philippines,
That Thing Called Tadhana,Antoinette Jadaone,"March 7, 2019",2015,Philippines,
The Love Affair,Nuel Naval,"March 7, 2019",2015,Philippines,
American Crime Story: The People v. O.J. Simpson,,"March 6, 2019",2016,United States,
Secret City,,"March 6, 2019",2016,Australia,
A Korean Odyssey,,"March 5, 2019",2017,South Korea,
The Hard Way,Keoni Waxman,"March 5, 2019",2019,United States,
Everyday I Love You,Mae Czarina Cruz,"March 4, 2019",2015,Philippines,
No Other Woman,Ruel S. Bayani,"March 4, 2019",2011,Philippines,
River's Edge,Isao Yukisada,"March 2, 2019",2018,Japan,
Sarkar,A.R. Murugadoss,"March 2, 2019",2018,,
Weapon of Choice,Fritz Ofner,"March 2, 2019",2018,"Austria, Iraq, United States",
"2,215",Nottapon Boonprakob,"March 1, 2019",2018,Thailand,
BNK48: Girls Don't Cry,Nawapol Thamrongrattanarit,"March 1, 2019",2018,Thailand,
Budapest,Xavier Gens,"March 1, 2019",2018,"France, Belgium",
Cricket Fever: Mumbai Indians,,"March 1, 2019",2019,India,
Larva Island,,"March 1, 2019",2019,,
Losers,,"March 1, 2019",2019,,
Northern Rescue,,"March 1, 2019",2019,Canada,
Pants on Fire,Jonathan A. Rosenbaum,"March 1, 2019",2014,Canada,
Paranormal Investigation,Franck Phelizon,"March 1, 2019",2018,"United States, France",
Radio Rebel,Peter Howitt,"March 1, 2019",2012,United States,
Sarvam Thaala Mayam (Tamil Version),Rajiv Menon,"March 1, 2019",2018,,
The Boy Who Harnessed the Wind,Chiwetel Ejiofor,"March 1, 2019",2019,"United Kingdom, Malawi",
The Disastrous Life of Saiki K.,,"March 1, 2019",2018,Japan,
The Last Runway,"Rodrigo Salomón, Pietro Scappini","March 1, 2019",2018,"Paraguay, Argentina",
The Spiderwick Chronicles,Mark Waters,"March 1, 2019",2008,United States,
Your Son,Miguel Ángel Vivas,"March 1, 2019",2018,"Spain, France",
Quién te cantará,Carlos Vermut,"February 28, 2019",2018,"Spain, France",
A Second Chance,Cathy Garcia-Molina,"February 27, 2019",2015,Philippines,
Beauty and the Bestie,Wenn V. Deramas,"February 27, 2019",2015,Philippines,
Bride For Rent,Mae Czarina Cruz,"February 27, 2019",2014,Philippines,
Can't Help Falling in Love,Mae Czarina Cruz,"February 27, 2019",2017,Philippines,
Evening Shadows,Sridhar Rangayan,"February 27, 2019",2018,India,
Four Sisters and a Wedding,Cathy Garcia-Molina,"February 27, 2019",2013,Philippines,
It Takes a Man and a Woman,Cathy Garcia-Molina,"February 27, 2019",2013,Philippines,
My Ex & Whys,Cathy Garcia-Molina,"February 27, 2019",2017,Philippines,
She's Dating the Gangster,Cathy Garcia-Molina,"February 27, 2019",2014,Philippines,
The Breakup Playlist,Dan Villegas,"February 27, 2019",2015,Philippines,
The Mistress,Olivia M. Lamasan,"February 27, 2019",2012,Philippines,
Unsolved,,"February 27, 2019",2018,United States,
Zach Galifianakis: Live at the Purple Onion,Michael Blieden,"February 26, 2019",2006,United States,
Life of An Outcast,Pawan K Shrivastava,"February 25, 2019",2018,India,
The Photographer Of Mauthausen,Mar Targarona,"February 23, 2019",2018,Spain,
Bert Kreischer: The Machine,Ryan Polito,"February 22, 2019",2016,United States,
Chef's Table,,"February 22, 2019",2019,United States,
Firebrand,Aruna Raje,"February 22, 2019",2019,India,
Paddleton,Alex Lehmann,"February 22, 2019",2019,United States,
Paris Is Us,Elisabeth Vogler,"February 22, 2019",2019,France,
Shonar Pahar,Parambrata Chatterjee,"February 22, 2019",2018,India,
The Big Family Cooking Showdown,,"February 22, 2019",2018,United Kingdom,
Z4,,"February 22, 2019",2018,Brazil,
The Drug King,Woo Min-ho,"February 21, 2019",2018,South Korea,
Kevin James: Sweat the Small Stuff,Paul Miller,"February 20, 2019",2001,United States,
Transformer,Michael Del Monte,"February 20, 2019",2017,Canada,
Genius,Suseenthiran,"February 17, 2019",2018,India,
Black Sea,Kevin MacDonald,"February 16, 2019",2015,"United Kingdom, Russia, United States",
Studio 54,Matt Tyrnauer,"February 16, 2019",2018,United States,
Awe,Prasanth Varma,"February 15, 2019",2018,India,
Ayana,Gangadhar Salimath,"February 15, 2019",2017,India,
Behind the Curve,Daniel J. Clark,"February 15, 2019",2018,United States,
Buddies,Marcelo Galvão,"February 15, 2019",2012,Brazil,
Candyflip,Shanawaz Nellikunnil,"February 15, 2019",2017,India,
Chameli,Sudhir Mishra,"February 15, 2019",2004,India,
Fatso,Rajat Kapoor,"February 15, 2019",2012,India,
Hjørdis,Lars Kaalund,"February 15, 2019",2015,Denmark,
Larry Charles' Dangerous World of Comedy,,"February 15, 2019",2019,,
Neevevaro,Hari Nath,"February 15, 2019",2018,India,
Pyaar Ke Side Effects,Saket Chaudhary,"February 15, 2019",2006,India,
Sur: The Melody of Life,Tanuja Chandra,"February 15, 2019",2002,India,
The 43,,"February 15, 2019",2019,,
The Breaker Upperers,"Jackie van Beek, Madeleine Sami","February 15, 2019",2018,New Zealand,
The Kirlian Frequency,,"February 15, 2019",2017,Argentina,
Ugly Aur Pagli,Sachin Kamlakar Khot,"February 15, 2019",2008,India,
Yucatán,Daniel Monzón,"February 15, 2019",2018,Spain,
Barbie Dreamhouse Adventures,,"February 14, 2019",2018,"United States, Canada",
"Ken Jeong: You Complete Me, Ho",Jon M. Chu,"February 14, 2019",2019,United States,
Velvet Colección,,"February 14, 2019",2018,Spain,
Period. End of Sentence.,Rayka Zehtabchi,"February 12, 2019",2018,United States,
Iron Ladies,,"February 9, 2019",2018,Taiwan,
The Break,,"February 9, 2019",2018,Belgium,
High Flying Bird,Steven Soderbergh,"February 8, 2019",2019,United States,
Kevin Hart's Guide to Black History,Tom Stern,"February 8, 2019",2019,United States,
One Day at a Time,,"February 8, 2019",2019,United States,
ReMastered: The Two Killings of Sam Cooke,Kelly Duane de la Vega,"February 8, 2019",2019,United States,
The Tree of Blood,Julio Medem,"February 8, 2019",2018,Spain,
The Last of the Schmucks,,"February 7, 2019",2017,Egypt,
Hidden Worlds,,"February 5, 2019",2018,Egypt,
Live,,"February 5, 2019",2018,South Korea,
"Ray Romano: Right Here, Around the Corner",Michael Showalter,"February 5, 2019",2019,United States,
Safe,,"February 5, 2019",2018,United Kingdom,
Tayee,,"February 5, 2019",2018,Egypt,
Violet Evergarden,,"February 5, 2019",2018,Japan,
Romance is a bonus book,,"February 3, 2019",2019,South Korea,
Await Further Instructions,Johnny Kevorkian,"February 2, 2019",2018,United Kingdom,
Manusangada,Amshan Kumar,"February 2, 2019",2017,India,
14 Minutes from Earth,"Adam Davis, Jerry Kolber, Trey Nelson, Erich Sturm","February 1, 2019",2016,United States,
Dear Ex,"Hsu Chih-yen, Mag Hsu","February 1, 2019",2018,Taiwan,
Free Rein: Valentine's Day,,"February 1, 2019",2019,United States,
Lego DC Comics: Batman Be-Leaguered,Rick Morales,"February 1, 2019",2014,United States,
LEGO Marvel Super Heroes: Black Panther,Michael D. Black,"February 1, 2019",2018,United States,
LEGO Marvel Super Heroes: Guardians of the Galaxy,,"February 1, 2019",2017,United States,
Littlest Pet Shop: A World of Our Own,,"February 1, 2019",2018,United States,
Russian Doll,,"February 1, 2019",2019,United States,
Sparta,,"February 1, 2019",2018,Russia,
Sword Art Online Alternative: Gun Gale Online,,"February 1, 2019",2018,Japan,
True: Happy Hearts Day,,"February 1, 2019",2019,"United States, Canada",
Velvet Buzzsaw,Dan Gilroy,"February 1, 2019",2019,United States,
Hantu Kak Limah,Mamat Khalid,"January 31, 2019",2018,Malaysia,
Love Off the Cuff,Pang Ho-cheung,"January 31, 2019",2017,"China, Hong Kong",
Paprika,,"January 31, 2019",2018,,
Maharaja: The Story of Ranjit Singh,Amarjit Virdi,"January 30, 2019",2010,,
Virsa,Pankaj Batra,"January 30, 2019",2010,"India, Pakistan",
Bhasmasur,Nishil Sheth,"January 29, 2019",2017,India,
"Gabriel ""Fluffy"" Iglesias: One Show Fits All",Manny Rodriguez,"January 29, 2019",2019,,
High Society,Byun Hyuk,"January 29, 2019",2018,South Korea,
Up Among  The Stars,Zoe Berriatúa,"January 29, 2019",2018,Spain,
Alt-Right: Age of Rage,Adam Bhala Lough,"January 28, 2019",2018,,
Habibie & Ainun,Faozan Rizal,"January 28, 2019",2012,"Indonesia, Singapore",
Nathicharami,Mansore,"January 28, 2019",2018,India,
Rudy Habibie,Hanung Bramantyo,"January 28, 2019",2016,Indonesia,
Surga Yang Tak Dirindukan,Kuntz Agus,"January 28, 2019",2015,Indonesia,
Surga Yang Tak Dirindukan 2,"Hanung Bramantyo, Meisa Felaroze","January 28, 2019",2017,Indonesia,
A Taiwanese Tale of Two Cities,,"January 27, 2019",2018,Taiwan,
Z Nation,,"January 27, 2019",2018,United States,
Goyo: The Boy General,Jerrold Tarog,"January 26, 2019",2018,Philippines,
Animas,"Laura Alvea, José Ortuño","January 25, 2019",2018,"Spain, Belgium",
Black Earth Rising,,"January 25, 2019",2018,United Kingdom,
Club of Crows,,"January 25, 2019",2019,Mexico,
Examination of Conscience,,"January 25, 2019",2019,Spain,
Mi Obra Maestra,Gastón Duprat,"January 25, 2019",2018,"Argentina, Spain",
Polar,,"January 25, 2019",2019,"United States, Germany",
The Perfect Match,,"January 25, 2019",2017,,
Conversations with a Killer: The Ted Bundy Tapes,,"January 24, 2019",2019,United States,
Just Love,"Andy Caballero, Diego Corsini","January 24, 2019",2018,Argentina,
Innocent,Seren Yüce,"January 23, 2019",2017,Turkey,
Close,,"January 18, 2019",2019,"United Kingdom, United States",
FYRE: The Greatest Party That Never Happened,Chris Smith,"January 18, 2019",2019,United States,
IO,Jonathan Helpert,"January 18, 2019",2019,United States,
Marvel's The Punisher,,"January 18, 2019",2019,United States,
Memory Love,,"January 18, 2019",2017,,
Old Lord Savanna,André D'Elia,"January 18, 2019",2018,Brazil,
Patria,Matías Gueilburt,"January 18, 2019",2019,Mexico,
Soni,Ivan Ayr,"January 18, 2019",2018,India,
The World's Most Extraordinary Homes,,"January 18, 2019",2019,United Kingdom,
Trigger Warning with Killer Mike,,"January 18, 2019",2019,,
Abducted in Plain Sight,Skye Borgman,"January 15, 2019",2017,United States,
"Abdullah, The Final Witness",Hashim Nadeem Khan,"January 15, 2019",2016,Pakistan,
Adhugo,,"January 15, 2019",2018,India,
Echcharikkai,Sarjun,"January 15, 2019",2018,India,
Lavender,,"January 15, 2019",2002,Taiwan,
Pandigai,Feroz,"January 15, 2019",2017,India,
Pari,Syed Atif Ali,"January 15, 2019",2018,Pakistan,
Revenger,Lee Seung-won,"January 15, 2019",2018,South Korea,
Sebastian Maniscalco: Stay Hungry,Rik Reinholdtsen,"January 15, 2019",2019,United States,
The Doll,Rocky Soraya,"January 15, 2019",2016,Indonesia,
The Doll 2,Rocky Soraya,"January 15, 2019",2017,Indonesia,
La Grande Chaumière Violette,,"January 14, 2019",2016,Taiwan,
Baazaar,Gauravv K Chawla,"January 13, 2019",2018,India,
All of You,Dan Villegas,"January 11, 2019",2017,Philippines,
Back with the Ex,,"January 11, 2019",2018,,
Friends from College,,"January 11, 2019",2019,United States,
Hardy Bucks,,"January 11, 2019",2018,Ireland,
Horrid Henry,,"January 11, 2019",2019,United Kingdom,
ReMastered: Massacre at the Stadium,Bent-Jorgen Perlmutt,"January 11, 2019",2019,United States,
Solo,Hugo Stuven,"January 11, 2019",2018,Spain,
The Last Laugh,Greg Pritikin,"January 11, 2019",2019,United States,
Pocoyo,,"January 10, 2019",2017,"Spain, United Kingdom",
When Heroes Fly,,"January 10, 2019",2018,Israel,
GODZILLA The Planet Eater,"Kobun Shizuno, Hiroyuki Seshita","January 9, 2019",2018,Japan,
Next Enti?,Kunal Kohli,"January 9, 2019",2018,India,
Komola Rocket,Noor Imran Mithu,"January 7, 2019",2018,Bangladesh,
Nang Nak,Nonzee Nimibutr,"January 5, 2019",1999,Thailand,
And Breathe Normally,Ísold Uggadóttir,"January 4, 2019",2018,"Iceland, Sweden, Belgium",
El Potro: Unstoppable,Lorena Munoz,"January 4, 2019",2018,,
Lionheart,Genevieve Nnaji,"January 4, 2019",2018,Nigeria,
See You in Time,,"January 4, 2019",2017,,
Déjà Vu,,"January 2, 2019",2013,,
Monty Python and the Holy Grail,"Terry Gilliam, Terry Jones","January 2, 2019",1975,United Kingdom,
A Series of Unfortunate Events,,"January 1, 2019",2019,United States,
Back to the 90s,Yanyong Kuruaungkoul,"January 1, 2019",2015,Thailand,
COMEDIANS of the world,,"January 1, 2019",2019,United States,
Merku Thodarchi Malai,Lenin Bharathi,"January 1, 2019",2018,India,
Moshe Kasher: Live in Oakland,Jay Chapman,"January 1, 2019",2012,United States,
Pokémon the Movie: I Choose You!,Kunihiko Yuyama,"January 1, 2019",2017,Japan,
Puriyatha Puthir,Ranjit Jeyakodi,"January 1, 2019",2017,India,
Taramani,Ram,"January 1, 2019",2017,India,
The Paper,,"January 1, 2019",2018,Croatia,
Tidying Up with Marie Kondo,,"January 1, 2019",2019,United States,
Whitney Cummings: Money Shot,John Fortenberry,"January 1, 2019",2010,United States,
Bill Hicks: One Night Stand,John Fortenberry,"December 31, 2018",1991,United Kingdom,
Bill Hicks: Reflections,,"December 31, 2018",2015,,
Bill Hicks: Relentless,Chris Bould,"December 31, 2018",1992,United Kingdom,
Bill Hicks: Revelations,Chris Bould,"December 31, 2018",1993,United Kingdom,
Bill Hicks: Sane Man,"Kevin Booth, David Johndrow","December 31, 2018",1989,United States,
Gina Yashere: Laughing to America,Paul M. Green,"December 31, 2018",2013,,
Gina Yashere: Skinny B*tch,,"December 31, 2018",2008,United Kingdom,
Mexicanos de Bronce,Julio Fernández Talamantes,"December 31, 2018",2016,Mexico,
Sam Kinison: Breaking the Rules,Walter C. Miller,"December 31, 2018",1987,United States,
Sam Kinison: Family Entertainment Hour,Walter C. Miller,"December 31, 2018",1991,United States,
Sam Kinison: Live in Vegas,Walter C. Miller,"December 31, 2018",1991,United States,
Sam Kinison: The Scream Continues,,"December 31, 2018",2016,United States,
Secrets in the Hot Spring,,"December 31, 2018",2018,Taiwan,
Taylor Swift reputation Stadium Tour,Paul Dugdale,"December 31, 2018",2018,,
The Seven Deadly Sins the Movie: Prisoners of the Sky,Noriyuki Abe,"December 31, 2018",2018,Japan,
Tim Allen: Men Are Pigs,Ellen Brown,"December 31, 2018",1990,United States,
Tim Allen: ReWires America,,"December 31, 2018",1991,United States,
Tim Minchin And The Heritage Orchestra Live,Matt Askem,"December 31, 2018",2011,United Kingdom,
Tim Minchin: So F**king Rock,Matt Askem,"December 31, 2018",2008,United Kingdom,
Todd Glass: Stand-Up Special,Jay Chapman,"December 31, 2018",2012,United States,
Tom Papa Live in New York City,Rob Zombie,"December 31, 2018",2011,United States,
Pioneers: First Women Filmmakers*,,"December 30, 2018",1925,,
In Family We Trust,,"December 29, 2018",2018,Thailand,
A Twelve Year Night,Álvaro Brechner,"December 28, 2018",2018,"Uruguay, Argentina, Spain",
Black Mirror: Bandersnatch,,"December 28, 2018",2018,United States,
Hashoter Hatov,,"December 28, 2018",2015,Israel,
Life Ki Toh Lag Gayi,Rakesh Mehta,"December 28, 2018",2012,India,
Murder Mountain,,"December 28, 2018",2018,United States,
Selection Day,,"December 28, 2018",2018,India,
The Birth Reborn 3,Eduardo Chauvet,"December 28, 2018",2018,,
When Angels Sleep,Gonzalo Bendala,"December 28, 2018",2018,Spain,
Stand Up and Away! with Brian Regan,,"December 24, 2018",2018,United States,
Way Back into Love,,"December 24, 2018",2011,Taiwan,
Watership Down,Noam Murro,"December 23, 2018",2018,"United Kingdom, Ireland, United States",
Demon's Path,,"December 22, 2018",2018,,
People Just Do Nothing,,"December 22, 2018",2018,United Kingdom,
Single Ladies Senior,,"December 22, 2018",2018,,
7 Days Out,,"December 21, 2018",2018,United States,
Bad Seeds,Kheiron,"December 21, 2018",2018,"France, Belgium",
Bird Box,Susanne Bier,"December 21, 2018",2018,United States,
Jojo's World,,"December 21, 2018",2017,Taiwan,
LAST HOPE,,"December 21, 2018",2018,Japan,
Lion Pride,,"December 21, 2018",2017,Taiwan,
Love @ Seventeen,,"December 21, 2018",2016,Taiwan,
Perfume,,"December 21, 2018",2018,Germany,
Sirius the Jaeger,,"December 21, 2018",2018,Japan,
Struggle: The Life and Lost Art of Szukalski,Irek Dobrowolski,"December 21, 2018",2018,"Poland, United States",
Wolf,,"December 21, 2018",2018,Turkey,
23:59,Gilbert Chan,"December 20, 2018",2011,Singapore,
Aggretsuko: We Wish You a Metal Christmas,Rarecho,"December 20, 2018",2018,Japan,
Fate/stay night: Unlimited Blade Works,,"December 20, 2018",2015,Japan,
Imperfect,Steve Cheng,"December 20, 2018",2012,Singapore,
Lang Tong,Sam Loh,"December 20, 2018",2015,Singapore,
Miss J Contemplates Her Choice,Jason Lai,"December 20, 2018",2014,Singapore,
Ascharyachakit!,Samit Kakkad,"December 19, 2018",2018,India,
Ellen DeGeneres: Relatable,"Joel Gallen, Tig Notaro","December 18, 2018",2018,United States,
Lilli,Prasobh Vijayan,"December 17, 2018",2018,India,
Prince of Peoria: A Christmas Moose Miracle,Jon Rosenbaum,"December 17, 2018",2018,United States,
Andhadhun,Sriram Raghavan,"December 16, 2018",2018,India,
Ashes of Love,,"December 16, 2018",2018,China,
Dragons: Dawn of the Dragon Racers,"Elaine Bogan, John Sanford","December 16, 2018",2014,United States,
DreamWorks Holiday Classics,,"December 16, 2018",2011,United States,
Kill the Messenger,Michael Cuesta,"December 16, 2018",2014,United States,
Maps to the Stars,David Cronenberg,"December 16, 2018",2014,"Canada, Germany, France, United States",
Springsteen on Broadway,Thom Zimny,"December 16, 2018",2018,United States,
The Theory of Everything,James Marsh,"December 16, 2018",2014,"United Kingdom, Japan",
F.R.E.D.I.,Sean Olson,"December 15, 2018",2018,United States,
Flowers,,"December 15, 2018",2018,United Kingdom,
Kita Kita,Sigrid Andrea Bernardo,"December 15, 2018",2017,Philippines,
Once in a Lifetime Sessions with George Ezra,,"December 15, 2018",2018,United States,
Once in a Lifetime Sessions with Kasabian,Matt Askem,"December 15, 2018",2018,United States,
Once in a Lifetime Sessions with OneRepublic,,"December 15, 2018",2018,United States,
Once in a Lifetime Sessions with Snow Patrol,Matt Askem,"December 15, 2018",2018,United States,
Sad Hill Unearthed,Guillermo de Oliveira,"December 15, 2018",2017,Spain,
Vanjagar Ulagam,Manoj Beedha,"December 15, 2018",2018,India,
Hymn of Death,,"December 14, 2018",2018,South Korea,
Inside the Real Narcos,,"December 14, 2018",2018,,
ROMA,Alfonso Cuarón,"December 14, 2018",2018,"Mexico, United States",
The Fix,,"December 14, 2018",2018,United States,
The Innocent Man,,"December 14, 2018",2018,United States,
Tidelands,,"December 14, 2018",2018,Australia,
Travelers,,"December 14, 2018",2018,"Canada, United States",
Voltron: Legendary Defender,,"December 14, 2018",2018,United States,
Back Street Girls -GOKUDOLS-,,"December 12, 2018",2018,Japan,
"Out of Many, One","John Hoffman, Nanfu Wang","December 12, 2018",2018,United States,
Vir Das: Losing It,Marcus Raboy,"December 11, 2018",2018,United States,
5 Star Christmas,Marco Risi,"December 7, 2018",2018,Italy,
Dogs of Berlin,,"December 7, 2018",2018,Germany,
Dumplin',Anne Fletcher,"December 7, 2018",2018,United States,
Free Rein: The Twelve Neighs of Christmas,Marek Losey,"December 7, 2018",2018,,
Mowgli: Legend of the Jungle,Andy Serkis,"December 7, 2018",2018,"United Kingdom, United States",
Neo Yokio,,"December 7, 2018",2018,United States,
Pine Gap,Mat King,"December 7, 2018",2018,Australia,
ReMastered: Who Killed Jam Master Jay?,Brian Oakes,"December 7, 2018",2018,,
Super Monsters and the Wish Star,Jacob Joice,"December 7, 2018",2018,,
The American Meme,Bert Marcus,"December 7, 2018",2018,United States,
RUSSELL BRAND: RE:BIRTH,Chris Howe,"December 4, 2018",2018,,
The Sound of Your Heart: Reboot,,"December 3, 2018",2018,South Korea,
Memories of the Alhambra,,"December 2, 2018",2018,South Korea,
Teefa in Trouble,Ahsan Rahim,"December 2, 2018",2018,Pakistan,
A Beautiful Life,Andrew Lau Wai-Keung,"December 1, 2018",2011,"China, Hong Kong",
Accident,Cheang Pou Soi,"December 1, 2018",2009,Hong Kong,
"Ayotzinapa, el paso de la tortuga",Enrique García Meza,"December 1, 2018",2018,Mexico,
Battle,Katarina Launing,"December 1, 2018",2018,"Norway, Denmark, Netherlands, Sweden",
Blind Detective,Johnnie To,"December 1, 2018",2013,"Hong Kong, China",
Break Up 100,Lawrence Cheng,"December 1, 2018",2014,Hong Kong,
Chal Bhaag,Prakash Balwant Saini,"December 1, 2018",2014,India,
Crossroads: One Two Jaga,Nam Ron,"December 1, 2018",2018,Malaysia,
Don't Go Breaking My Heart,Johnnie To,"December 1, 2018",2011,Hong Kong,
Don't Go Breaking My Heart 2,Johnnie To,"December 1, 2018",2014,"Hong Kong, China",
Faraar,Baljit Singh Deo,"December 1, 2018",2015,Australia,
Haunted House,,"December 1, 2018",2017,,
Helios,"Leung Lok Man, Luk Kim-ching","December 1, 2018",2015,"Hong Kong, China, United States",
Line Walker,Jazz Boon,"December 1, 2018",2016,"China, Hong Kong",
Look for a Star,Andrew Lau Wai-Keung,"December 1, 2018",2009,Hong Kong,
Oddbods: The Festive Menace,,"December 1, 2018",2018,,
Once a Gangster,Felix Chong,"December 1, 2018",2010,Hong Kong,
Power Paandi,Dhanush,"December 1, 2018",2017,India,
Roll With Me,,"December 1, 2018",2017,United States,
SDU: Sex Duties Unit,Gary Mak,"December 1, 2018",2013,Hong Kong,
Set Off,Liu Jiang,"December 1, 2018",2008,China,
1983,,"November 30, 2018",2018,"Poland, United States",
A Christmas Prince: The Royal Wedding,John Schultz,"November 30, 2018",2018,United States,
Angela's Christmas,Damien O’Connor,"November 30, 2018",2018,"Ireland, Canada",
Death by Magic,,"November 30, 2018",2018,United States,
El club de los insomnes,"Joseduardo Giordano, Sergio Goyri Jr.","November 30, 2018",2018,Mexico,
Happy as Lazzaro,Alice Rohrwacher,"November 30, 2018",2018,"Italy, Switzerland, France, Germany",
Love and Fortune,,"November 30, 2018",2018,Japan,
Manto,Nandita Das,"November 30, 2018",2018,India,
Rajma Chawal,Leena Yadav,"November 30, 2018",2018,India,
Spy Kids: Mission Critical,,"November 30, 2018",2018,"United States, Canada",
The World Is Yours,Romain Gavras,"November 30, 2018",2018,France,
Time Share,Sebastián Hofmann,"November 30, 2018",2018,"Mexico, Netherlands",
Bumping Mics with Jeff Ross & Dave Attell,,"November 27, 2018",2018,United States,
Minecraft: Story Mode,,"November 27, 2018",2015,"United States, Sweden",
My Little Pony Friendship Is Magic: Best Gift Ever,"Denny Lu, Mike Myhre","November 25, 2018",2018,United States,
Frontier,,"November 23, 2018",2018,Canada,
Fugitiva,,"November 23, 2018",2018,Spain,
Sick Note,,"November 23, 2018",2018,United Kingdom,
Mystery Science Theater 3000: The Return,,"November 22, 2018",2018,United States,
The Christmas Chronicles,Clay Kaytis,"November 22, 2018",2018,United States,
The Tribe,Fernando Colomo,"November 21, 2018",2018,Spain,
Kulipari: Dream Walker,,"November 20, 2018",2018,,
Paap-O-Meter,,"November 20, 2018",2017,,
Puppy Star Christmas,Robert Vince,"November 20, 2018",2018,"United States, Canada",
Sabrina,Rocky Soraya,"November 20, 2018",2018,Indonesia,
Target,Raditya Dika,"November 20, 2018",2018,Indonesia,
The Final Table,,"November 20, 2018",2018,United States,
Trevor Noah: Son of Patricia,David Paul Meyer,"November 20, 2018",2018,United States,
The Pixar Story,Leslie Iwerks,"November 18, 2018",2007,United States,
Eternal Love,,"November 17, 2018",2017,China,
La Doña,,"November 17, 2018",2016,"United States, Mexico",
Silvana Sin Lana,,"November 17, 2018",2016,United States,
Cam,Daniel Goldhaber,"November 16, 2018",2018,United States,
Nothing to Hide,Fred Cavayé,"November 16, 2018",2018,"France, Belgium",
Ponysitters Club,,"November 16, 2018",2018,Canada,
The Ballad of Buster Scruggs,"Joel Coen, Ethan Coen","November 16, 2018",2018,United States,
The Princess Switch,,"November 16, 2018",2018,United States,
Vai Anitta,,"November 16, 2018",2018,Brazil,
Aalorukkam,V C Abhilash,"November 15, 2018",2018,India,
Beyblade Burst Evolution,,"November 15, 2018",2017,,
Christmas Wedding Planner,Justin G. Dyck,"November 15, 2018",2017,Canada,
Halkaa,Nila Madhab Panda,"November 15, 2018",2018,India,
May the Devil Take You,Timo Tjahjanto,"November 15, 2018",2018,Indonesia,
Muzaffarnagar Baaqi Hai,Nakul Singh Sawhney,"November 15, 2018",2015,India,
Odu Raja Odu,"Nishanth Ravindaran, Jathin Sanker Raj","November 15, 2018",2018,India,
Savita Damodar Paranjpe,Swapna Waghmare Joshi,"November 15, 2018",2018,India,
The Giant,"Aitor Arregi, Jon Garaño","November 15, 2018",2017,Spain,
BuyBust,Erik Matti,"November 13, 2018",2018,Philippines,
Loudon Wainwright III: Surviving Twin,Christopher Guest,"November 13, 2018",2018,,
Warrior,,"November 13, 2018",2018,Denmark,
Age of Tanks,,"November 10, 2018",2017,"Germany, France, Russia",
"All's Well, End's Well (2009)",Vincent Kok,"November 9, 2018",2009,Hong Kong,
Lommbock,Christian Zübert,"November 9, 2018",2017,Germany,
Medal of Honor,,"November 9, 2018",2018,United States,
Outlaw King,David Mackenzie,"November 9, 2018",2018,"United Kingdom, United States",
Super Drags,,"November 9, 2018",2018,Brazil,
The Queen of Flow,,"November 9, 2018",2018,Colombia,
Treehouse Detectives,,"November 9, 2018",2018,"South Korea, United States",
Westside,,"November 9, 2018",2018,United States,
Transfers,,"November 8, 2018",2017,"France, Belgium",
Damnation,,"November 7, 2018",2017,United States,
Bucket List,Tejas Prabha Vijay Deoskar,"November 5, 2018",2018,India,
John Leguizamo's Latin History for Morons,,"November 5, 2018",2018,United States,
Kopitiam,,"November 3, 2018",2003,Malaysia,
Ana e Vitória,Matheus Souza,"November 2, 2018",2018,Brazil,
Brainchild,,"November 2, 2018",2018,,
ReMastered: Tricky Dick & The Man in Black,Sara Dosa,"November 2, 2018",2018,United States,
The Holiday Calendar,Bradley Walsh,"November 2, 2018",2018,United States,
The Other Side of the Wind,Orson Welles,"November 2, 2018",2018,"France, Iran, United States",
They’ll Love Me When I’m Dead,Morgan Neville,"November 2, 2018",2018,United States,
Aagey Se Right,Indrajit Nattoji,"November 1, 2018",2009,India,
Aamir,Raj Kumar Gupta,"November 1, 2018",2008,India,
ABCD 2,Remo D'Souza,"November 1, 2018",2015,India,
ABCD: Any Body Can Dance,Remo D'Souza,"November 1, 2018",2013,India,
Arjun: The Warrior Prince,Arnab Chaudhuri,"November 1, 2018",2011,India,
Asees,Rana Ranbir,"November 1, 2018",2018,India,
Barfi!,Anurag Basu,"November 1, 2018",2012,India,
Chance Pe Dance,Ken Ghosh,"November 1, 2018",2010,India,
Christmas With A View,Justin G. Dyck,"November 1, 2018",2018,Canada,
Chup Chup Ke,"Priyadarshan, Kookie V. Gulati","November 1, 2018",2006,India,
Creators,,"November 1, 2018",2015,Argentina,
Dhan Dhana Dhan Goal,Vivek Agnihotri,"November 1, 2018",2007,"United Kingdom, India",
Dhoondte Reh Jaoge,Umesh Shukla,"November 1, 2018",2009,India,
Do Dooni Chaar,Habib Faisal,"November 1, 2018",2010,India,
Edge of Fear,Bobby Roth,"November 1, 2018",2018,United States,
"Edmilson Filho: Notas, Comedy about Relationships",Halder Gomes,"November 1, 2018",2017,Brazil,
Follow This,,"November 1, 2018",2018,United States,
Gaddar: the Traitor,Amitoj Mann,"November 1, 2018",2015,India,
Ghanchakkar,Raj Kumar Gupta,"November 1, 2018",2013,India,
Grandmaster,B. Unnikrishnan,"November 1, 2018",2012,India,
Hattrick,Milan Luthria,"November 1, 2018",2007,India,
Heroine,Madhur Bhandarkar,"November 1, 2018",2012,India,
Himmatwala,Sajid Khan,"November 1, 2018",2013,India,
Husbands in Goa,Saji Surendran,"November 1, 2018",2012,India,
Jatts in Golmaal,Ksshitij Chaudhary,"November 1, 2018",2013,India,
Kai Po Che!,Abhishek Kapoor,"November 1, 2018",2013,India,
Kalakalappu,Sundar C.,"November 1, 2018",2012,India,
Katt Williams: The Pimp Chronicles: Pt. 1,Gary Binkow,"November 1, 2018",2006,United States,
Katti Batti,Nikhil Advani,"November 1, 2018",2015,India,
Life in a ... Metro,Anurag Basu,"November 1, 2018",2007,India,
Marc Maron: Thinky Pain,Lance Bangs,"November 1, 2018",2013,United States,
Mumbai Meri Jaan,Nishikant Kamat,"November 1, 2018",2008,India,
Mundeyan Ton Bachke Rahin,Navinder Pal Singh,"November 1, 2018",2014,India,
No One Killed Jessica,Raj Kumar Gupta,"November 1, 2018",2011,India,
Oye Lucky! Lucky Oye!,Dibakar Banerjee,"November 1, 2018",2008,India,
Paan Singh Tomar,Tigmanshu Dhulia,"November 1, 2018",2010,India,
Raja Natwarlal,Kunal Deshmukh,"November 1, 2018",2014,India,
Satyagraha,Prakash Jha,"November 1, 2018",2013,India,
Settai,R. Kannan,"November 1, 2018",2013,India,
Sigaram Thodu,Gaurav Narayanan,"November 1, 2018",2014,India,
Sommore: The Reign Continues,Kevin Layne,"November 1, 2018",2015,United States,
The Great British Baking Show: The Beginnings,,"November 1, 2018",2012,,
The Untold Tales of Armistead Maupin,Jennifer M. Kroot,"November 1, 2018",2017,United States,
Vaya,Akin Omotoso,"November 1, 2018",2016,South Africa,
Welcome to Sajjanpur,Shyam Benegal,"November 1, 2018",2008,India,
Yeh Hai Bakrapur,,"November 1, 2018",2014,India,
Zokkomon,Satyajit Bhatkal,"November 1, 2018",2011,India,
Gun City,Dani de la Torre,"October 31, 2018",2018,"Spain, France",
Heneral Luna,Jerrold Tarog,"October 31, 2018",2015,Philippines,
Fate/EXTRA Last Encore,,"October 30, 2018",2018,Japan,
Dragon Tiger Gate,Wilson Yip,"October 27, 2018",2006,"Hong Kong, China",
Been So Long,Tinge Krishnan,"October 26, 2018",2018,,
Dovlatov,Aleksey German,"October 26, 2018",2018,"Russia, Poland, Serbia",
Jefe,Sergio Barrejón,"October 26, 2018",2018,"Spain, Portugal",
Santo Cachón,,"October 26, 2018",2018,Colombia,
Shirkers,Sandi Tan,"October 26, 2018",2018,"United States, United Kingdom",
Terrorism Close Calls,,"October 26, 2018",2018,"United States, Czech Republic",
W/O Ram,Vijay Yelakanti,"October 26, 2018",2018,India,
DreamWorks Spooky Stories,,"October 25, 2018",2009,United States,
Great News,,"October 25, 2018",2017,United States,
Ronnie Coleman: The King,Vlad Yudin,"October 25, 2018",2018,United States,
Baahubali: The Beginning (English Version),S.S. Rajamouli,"October 24, 2018",2015,,
ADAM SANDLER 100% FRESH,Steve Brill,"October 23, 2018",2018,United States,
Here to Heart,,"October 23, 2018",2018,China,
Scorpion King 5: Book of Souls,Don Michael Paul,"October 23, 2018",2018,United States,
The Hollywood Masters,,"October 23, 2018",2017,United States,
How to Get Over a Breakup,"Joanna Lombardi, Bruno Ascenzo","October 20, 2018",2018,Peru,
Accidentally in Love,,"October 19, 2018",2018,China,
Ask the Doctor,,"October 19, 2018",2017,Australia,
Best.Worst.Weekend.Ever.,,"October 19, 2018",2018,United States,
"Club de Cuervos Presents: I, Potro",Marcos Bucay,"October 19, 2018",2018,"Mexico, Argentina",
Derren Brown: Sacrifice,,"October 19, 2018",2018,,
Gnome Alone,Peter Lepeniotis,"October 19, 2018",2018,"United Kingdom, Canada, United States, Cayman Islands",
Illang: The Wolf Brigade,Kim Jee-woon,"October 19, 2018",2018,South Korea,
Making a Murderer,,"October 19, 2018",2018,United States,
Marvel's Daredevil,,"October 19, 2018",2018,United States,
Naa Bangaaru Talli,Rajesh Touchriver,"October 19, 2018",2013,India,
Oddbods: Party Monsters,,"October 19, 2018",2018,,
Project S The Series,,"October 19, 2018",2017,Thailand,
S Storm,David Lam,"October 19, 2018",2016,"Hong Kong, China",
The Night Comes for Us,Timo Tjahjanto,"October 19, 2018",2018,"Indonesia, United States",
Wanderlust,,"October 19, 2018",2018,United Kingdom,
Mr. Chandramouli,Thiru,"October 18, 2018",2018,India,
My Babysitter's a Vampire,,"October 17, 2018",2012,Canada,
Rake,,"October 16, 2018",2018,Australia,
"Ron White: If You Quit Listening, I'll Shut Up",Tom Forrest,"October 16, 2018",2018,United States,
Meghnadbodh Rohoshyo,Anik Datta,"October 15, 2018",2017,India,
Sanju,Rajkumar Hirani,"October 15, 2018",2018,India,
Stunt Science,,"October 15, 2018",2018,United Kingdom,
Soorma,Shaad Ali,"October 13, 2018",2018,India,
Apostle,Gareth Evans,"October 12, 2018",2018,"United Kingdom, United States",
Edgar Rice Burroughs' Tarzan and Jane,,"October 12, 2018",2018,,
Errementari: The Blacksmith and the Devil,Paul Urkijo Alijo,"October 12, 2018",2018,"Spain, France",
Feminists: What Were They Thinking?,Johanna Demetrakas,"October 12, 2018",2018,United States,
FIGHTWORLD,Padraic McKinley,"October 12, 2018",2018,,
Kuntilanak,Rizal Mantovani,"October 12, 2018",2018,Indonesia,
ReMastered: Who Shot the Sheriff,Kief Davidson,"October 12, 2018",2018,United States,
The Curious Creations of Christine McConnell,,"October 12, 2018",2018,United States,
The Haunting of Hill House,,"October 12, 2018",2018,United States,
The Kindergarten Teacher,Sara Colangelo,"October 12, 2018",2018,"United States, Israel, United Kingdom, Canada",
Ordinary Heroes,,"October 11, 2018",2018,,
Salt Fat Acid Heat,,"October 11, 2018",2018,,
22-Jul,Paul Greengrass,"October 10, 2018",2018,"Norway, Iceland, United States",
Blood Pact,,"October 10, 2018",2018,Brazil,
Tales From the Hood 2,"Rusty Cundieff, Darin Scott","October 10, 2018",2018,United States,
Mo Amer: The Vagabond,Stan Lathan,"October 9, 2018",2018,United States,
Pulang,Kabir Bhatia,"October 8, 2018",2018,Malaysia,
Sofia the First,,"October 8, 2018",2017,United States,
Seven in Heaven,Chris Eigeman,"October 6, 2018",2018,United States,
Dancing Queen,,"October 5, 2018",2018,,
Empire Games,,"October 5, 2018",2018,"Czech Republic, United States",
LOST SONG,,"October 5, 2018",2018,Japan,
Malevolent,Olaf de Fleur,"October 5, 2018",2018,United Kingdom,
Private Life,Tamara Jenkins,"October 5, 2018",2018,United States,
Super Monsters Save Halloween,,"October 5, 2018",2018,,
YG Future Strategy Office,,"October 5, 2018",2018,South Korea,
Violet Evergarden: Special,,"October 4, 2018",2018,,
The Black Prince,Kavi Raz,"October 3, 2018",2017,"United Kingdom, India, United States",
Truth or Dare,Nick Simon,"October 3, 2018",2017,United States,
Death Race: Beyond Anarchy,Don Michael Paul,"October 2, 2018",2017,"United States, Bulgaria",
Eric ldle's What About Dick?,"Eric Idle, Aubrey Powell","October 2, 2018",2012,United States,
Joe Rogan: Strange Times,Anthony Giordano,"October 2, 2018",2018,,
Monty Python Best Bits (mostly),,"October 2, 2018",2014,United Kingdom,
Monty Python Conquers America,Will Yapp,"October 2, 2018",2008,,
"Monty Python Live (Mostly): One Down, Five to Go",Eric Idle,"October 2, 2018",2014,United Kingdom,
Monty Python: Before the Flying Circus,Will Yapp,"October 2, 2018",2000,United Kingdom,
Monty Python: Live at Aspen,,"October 2, 2018",1998,United States,
Monty Python: Live at The Hollywood Bowl,"Terry Hughes, Ian MacNaughton","October 2, 2018",1982,United Kingdom,
Monty Python: The Meaning of Live,"Roger Graef, James Rogan","October 2, 2018",2014,United Kingdom,
Monty Python's Almost the Truth,,"October 2, 2018",2009,United Kingdom,
Monty Python's Fliegender Zirkus,,"October 2, 2018",1972,"United Kingdom, West Germany",
Monty Python's Flying Circus,,"October 2, 2018",1974,United Kingdom,
Monty Python's Life of Brian,Terry Jones,"October 2, 2018",1979,United Kingdom,
Monty Python's Personal Best,,"October 2, 2018",2005,"United States, United Kingdom",
Parrot Sketch Not Included: Twenty Years of Monty Python,Ian MacNaughton,"October 2, 2018",1989,United Kingdom,
The Meaning of Monty Python,Albert Sharpe,"October 2, 2018",2013,United Kingdom,
25 Kille,Simranjit Singh Hundal,"October 1, 2018",2016,India,
A Witches' Ball,Justin G. Dyck,"October 1, 2018",2017,Canada,
Agyaat,Ram Gopal Varma,"October 1, 2018",2009,India,
Anjaan,N. Linguswamy,"October 1, 2018",2014,India,
Bathinda Express,Deep Joshi,"October 1, 2018",2016,India,
Delhi 6,Rakeysh Omprakash Mehra,"October 1, 2018",2009,India,
Dev.D,Anurag Kashyap,"October 1, 2018",2009,India,
Dil Vil Pyaar Vyaar,Manjeet Maan,"October 1, 2018",2014,India,
Dushman,Shagufta Rafique,"October 1, 2018",2017,,
Ek Main Aur Ekk Tu,Shakun Batra,"October 1, 2018",2012,India,
Freedom at Midnight,Tinu Pappachan,"October 1, 2018",2018,,
Haani,Amitoj Mann,"October 1, 2018",2013,India,
Happy Go Lucky,Amarpreet G S Chabbra,"October 1, 2018",2014,India,
Harishchandrachi Factory,Paresh Mokashi,"October 1, 2018",2009,India,
Hot Date,,"October 1, 2018",2018,United States,
Jagga Jasoos,Anurag Basu,"October 1, 2018",2017,India,
Jatt James Bond,Rohit Jugraj,"October 1, 2018",2014,India,
Jodhaa Akbar,Ashutosh Gowariker,"October 1, 2018",2008,India,
Judge Singh LLB,Atharv Baluja,"October 1, 2018",2015,India,
Kaminey,Vishal Bhardwaj,"October 1, 2018",2009,India,
Khido Khundi,Rohit Jugraj,"October 1, 2018",2018,India,
Khoobsurat,Shashanka Ghosh,"October 1, 2018",2014,India,
Kisaan,Puneet Sira,"October 1, 2018",2009,India,
Kismat Konnection,Aziz Mirza,"October 1, 2018",2008,India,
Kurbaan,Renzil D'Silva,"October 1, 2018",2009,India,
Lock,Smeep Kang,"October 1, 2018",2016,India,
Luv Shuv Tey Chicken Khurana,Sameer Sharma,"October 1, 2018",2012,India,
"Main, Meri Patni Aur Woh",Chandan Arora,"October 1, 2018",2005,India,
Manje Bistre,Baljit Singh Deo,"October 1, 2018",2017,India,
Motor Mitraan Di,Amitoj Mann,"October 1, 2018",2016,India,
Mugamoodi,Mysskin,"October 1, 2018",2012,India,
Muran,Rajan Madhav,"October 1, 2018",2011,India,
My Friend Pinto,Raaghav Dar,"October 1, 2018",2011,India,
My Little Pony Equestria Girls: Forgotten Friendship,Ishi Rudell,"October 1, 2018",2018,United States,
My Little Pony Equestria Girls: Rollercoaster of Friendship,Ishi Rudell,"October 1, 2018",2018,"United States, Canada",
My Suicide,David Lee Miller,"October 1, 2018",2009,United States,
Naan Sigappu Manithan,Thiru,"October 1, 2018",2014,India,
Nasha,Amit Saxena,"October 1, 2018",2013,India,
Naughty Jatts,Pankaj Batra,"October 1, 2018",2013,India,
Needhi Singh,Jaivi Dhanda,"October 1, 2018",2016,India,
Peace Haven,Suman Ghosh,"October 1, 2018",2016,"India, United States",
Phantom,Kabir Khan,"October 1, 2018",2015,India,
Pizza,Akshay Akkineni,"October 1, 2018",2014,India,
Pooja Kiven Aa,Nidhi Sharma,"October 1, 2018",2013,India,
Race,"Mastan Alibhai Burmawalla, Abbas Alibhai Burmawalla","October 1, 2018",2008,India,
Race 2,"Abbas Alibhai Burmawalla, Mastan Alibhai Burmawalla","October 1, 2018",2013,India,
Saadey CM Saab,Vipin Parashar,"October 1, 2018",2015,India,
Sat Shri Akaal England,Vikram Pradhan,"October 1, 2018",2017,India,
Strong,,"October 1, 2018",2016,United States,
Thaandavam,Vijay,"October 1, 2018",2012,India,
The Birth Reborn,Eduardo Chauvet,"October 1, 2018",2018,,
Theeya Velai Seyyanum Kumaru,Sundar C.,"October 1, 2018",2013,India,
Three Wives One Husband,,"October 1, 2018",2018,United Kingdom,
Tiger,Sartaj Singh Pannu,"October 1, 2018",2016,India,
Udaan,Vikramaditya Motwane,"October 1, 2018",2010,India,
Vettai,N. Linguswamy,"October 1, 2018",2012,India,
Wake Up Sid,Ayaan Mukherji,"October 1, 2018",2009,India,
We Are Family,Sidharth Malhotra,"October 1, 2018",2010,"India, Australia",
What the Jatt!!,Saket Behl,"October 1, 2018",2015,India,
Zindagi Kitni Haseen Hay,Anjum Shahzad,"October 1, 2018",2016,Pakistan,
Big Miracle,Ken Kwapis,"September 30, 2018",2012,"United States, United Kingdom",
Paradise Lost,Monique Gardenberg,"September 29, 2018",2018,Brazil,
Animal World,Han Yan,"September 28, 2018",2018,China,
Hold the Dark,Jeremy Saulnier,"September 28, 2018",2018,United States,
Lessons from a School Shooting: Notes from Dunblane,Kim A. Snyder,"September 28, 2018",2018,United States,
Made in Mexico,,"September 28, 2018",2018,United States,
Reboot: The Guardian Code,,"September 28, 2018",2018,Canada,
Skylanders Academy,,"September 28, 2018",2018,"South Korea, United States",
The 3rd Eye,Rocky Soraya,"September 28, 2018",2018,Indonesia,
Two Catalonias,"Álvaro Longoria, Gerardo Olivares","September 28, 2018",2018,Spain,
In Darkness,Anthony Byrne,"September 22, 2018",2018,"United Kingdom, United States",
Battlefish,,"September 21, 2018",2018,,
DRAGON PILOT: Hisone & Masotan,,"September 21, 2018",2018,Japan,
Maniac,,"September 21, 2018",2018,United States,
Quincy,"Rashida Jones, Alan Hicks","September 21, 2018",2018,United States,
Rafinha Bastos: Ultimatum,,"September 21, 2018",2018,Brazil,
The Good Cop,,"September 21, 2018",2018,United States,
Mobile Suit Gundam UC,,"September 20, 2018",2014,Japan,
Transformers: Rescue Bots,,"September 19, 2018",2016,"Canada, United States",
Al Hayba,,"September 15, 2018",2017,Lebanon,
American Vandal,,"September 14, 2018",2018,United States,
Boca Juniors Confidential,,"September 14, 2018",2018,,
Ingobernable,,"September 14, 2018",2018,Mexico,
Norm Macdonald Has a Show,,"September 14, 2018",2018,United States,
Super Monsters Monster Party,,"September 14, 2018",2018,,
The Angel,Ariel Vromen,"September 14, 2018",2018,"Israel, United States",
The Land of Steady Habits,Nicole Holofcener,"September 14, 2018",2018,United States,
The Rise of Phoenixes,,"September 14, 2018",2018,China,
Reversing Roe,,"September 13, 2018",2018,United States,
Life,,"September 12, 2018",2018,South Korea,
On My Skin,Alessio Cremonini,"September 12, 2018",2018,Italy,
Daniel Sloss: Live Shows,,"September 11, 2018",2018,United States,
If I were an Animal,,"September 11, 2018",2018,,
The Resistance Banker,Joram Lürsen,"September 11, 2018",2018,Netherlands,
Show Me the Money,,"September 9, 2018",2004,,
Transformers Prime,,"September 8, 2018",2013,United States,
Transformers: Robots in Disguise,,"September 8, 2018",2016,United States,
City of Joy,Madeleine Gavin,"September 7, 2018",2018,"United States,",
First and Last,,"September 7, 2018",2018,,
Marvel's Iron Fist,,"September 7, 2018",2018,United States,
Next Gen,"Kevin R. Adams, Joe Ksander","September 7, 2018",2018,"China, Canada, United States",
Sierra Burgess Is A Loser,Ian Samuels,"September 7, 2018",2018,United States,
Stretch Armstrong & the Flex Fighters,,"September 7, 2018",2018,United States,
The Most Assassinated Woman in the World,Franck Ribière,"September 7, 2018",2018,"Belgium, United Kingdom, United States",
PK,Rajkumar Hirani,"September 6, 2018",2014,India,
The Debt Collector,Jesse V. Johnson,"September 3, 2018",2018,"United Kingdom, United States",
Monkey Twins,,"September 2, 2018",2018,Thailand,
Quantico,,"September 2, 2018",2018,United States,
Age of Rebellion,Peter Ho,"September 1, 2018",2018,Taiwan,
Carbon,Olivier Marchal,"September 1, 2018",2017,"France, Belgium",
Garbage,Qaushiq Mukherjee,"September 1, 2018",2018,India,
​​Kuch Bheege Alfaaz,Onir,"September 1, 2018",2018,India,
Love and Shukla,Jatla Siddartha,"September 1, 2018",2017,India,
Once Again,Kanwal Sethi,"September 1, 2018",2018,"India, Germany, Austria",
Sisters,,"September 1, 2018",2018,Australia,
Sparring,Samuel Jouy,"September 1, 2018",2017,France,
Cathedral of the Sea,,"August 31, 2018",2017,Spain,
Inside the Criminal Mind,,"August 31, 2018",2018,"United States, Czech Republic",
The Comedy Lineup,,"August 31, 2018",2018,United States,
The Laws of Thermodynamics,Mateo Gil,"August 31, 2018",2018,Spain,
Ultimate Beastmaster,,"August 31, 2018",2018,"United States, Brazil, South Korea, Mexico, Japan, Germany",
Ultimate Beastmaster México,,"August 31, 2018",2018,,
Undercover Law,,"August 31, 2018",2017,Colombia,
Naam Shabana,Shivam Nair,"August 28, 2018",2017,India,
Qarib Qarib Singlle,Tanuja Chandra,"August 28, 2018",2017,India,
Spyder,A.R. Murugadoss,"August 28, 2018",2017,India,
Chicken Soup for the Soul's Being Dad,,"August 27, 2018",2018,United States,
Maria Bamford: The Special Special Special,Jordan Brady,"August 25, 2018",2012,United States,
Bert Kreischer: Secret Time,Todd Biermann,"August 24, 2018",2018,,
GHOUL,Patrick Graham,"August 24, 2018",2018,India,
One Last Shot,Mike Clattenburg,"August 24, 2018",1998,Canada,
Take My Brother Away,Han Qing,"August 24, 2018",2018,China,
The After Party,Ian Edelman,"August 24, 2018",2018,United States,
The Innocents,,"August 24, 2018",2018,United Kingdom,
Bareilly Ki Barfi,Ashwiny Iyer Tiwari,"August 21, 2018",2017,India,
Mersal,Atlee Kumar,"August 21, 2018",2017,India,
Mom,Ravi Udyawar,"August 21, 2018",2017,India,
Pad Man,R. Balki,"August 21, 2018",2018,India,
Toilet: Ek Prem Katha,Shree Narayan Singh,"August 21, 2018",2017,India,
Party Monster: Scratching the Surface,,"August 17, 2018",2018,United States,
Stay Here,,"August 17, 2018",2018,United States,
The Motive,Manuel Martín Cuenca,"August 17, 2018",2017,"Spain, Mexico",
To All the Boys I’ve Loved Before,Susan Johnson,"August 17, 2018",2018,United States,
Yoo Byung Jae: Discomfort Zone,Y. Joon Chung,"August 17, 2018",2018,South Korea,
Bhavesh Joshi Superhero,Vikramaditya Motwane,"August 16, 2018",2018,India,
For Here or to Go?,Rucha Humnabadkar,"August 15, 2018",2015,"United States, India",
72 Dangerous Animals: Asia,,"August 10, 2018",2018,Australia,
Afflicted,,"August 10, 2018",2018,United States,
All About the Washingtons,,"August 10, 2018",2018,United States,
The Guernsey Literary and Potato Peel Pie Society,Mike Newell,"August 10, 2018",2018,"United Kingdom, France, United States",
The Package,Jake Szymanski,"August 10, 2018",2018,United States,
Zion,Floyd Russ,"August 10, 2018",2018,United States,
Perdida,Alejandro Montiel,"August 9, 2018",2018,"Argentina, Spain",
The Originals,,"August 9, 2018",2018,United States,
Pretty Man,,"August 8, 2018",2018,,
On Children,,"August 5, 2018",2018,Taiwan,
2 States,Abhishek Varman,"August 4, 2018",2014,India,
Baaghi,Sabir Khan,"August 4, 2018",2016,India,
Brij Mohan Amar Rahe,Nikhil Nagesh Bhat,"August 4, 2018",2018,India,
Flavors of Youth: International Version,"Xiaoxing Yi, Yoshitaka Takeuchi, Haoling Li","August 4, 2018",2018,"China, Japan",
Cocaine Coast,,"August 3, 2018",2018,Spain,
Dinotrux Supercharged,,"August 3, 2018",2018,,
Like Father,Lauren Miller Rogen,"August 3, 2018",2018,United States,
7 Khoon Maaf,Vishal Bhardwaj,"August 2, 2018",2011,India,
Chillar Party,"Vikas Bahl, Nitesh Tiwari","August 2, 2018",2011,India,
Fashion,Madhur Bhandarkar,"August 2, 2018",2008,India,
Fitoor,Abhishek Kapoor,"August 2, 2018",2016,India,
Fiza,Khalid Mohamed,"August 2, 2018",2000,India,
Guzaarish,Sanjay Leela Bhansali,"August 2, 2018",2010,India,
Haider,Vishal Bhardwaj,"August 2, 2018",2014,India,
Highway,Imtiaz Ali,"August 2, 2018",2014,India,
I Hate Luv Storys,Punit Malhotra,"August 2, 2018",2010,India,
Joker,Shirish Kunder,"August 2, 2018",2012,India,
Main aurr Mrs. Khanna,Prem Soni,"August 2, 2018",2009,India,
Mohenjo Daro,Ashutosh Gowariker,"August 2, 2018",2016,India,
Raajneeti,Prakash Jha,"August 2, 2018",2010,India,
Rang De Basanti,Rakeysh Omprakash Mehra,"August 2, 2018",2006,India,
Rowdy Rathore,Prabhu Deva,"August 2, 2018",2012,India,
Tamasha,Imtiaz Ali,"August 2, 2018",2015,India,
Tere Naal Love Ho Gaya,Mandeep Kumar,"August 2, 2018",2012,India,
Thank You,Anees Bazmee,"August 2, 2018",2011,India,
The Blue Umbrella,Vishal Bhardwaj,"August 2, 2018",2005,India,
Becoming Champions,,"August 1, 2018",2018,Mexico,
Being Napoleon,"Jesse Handsher, Olivier Roland","August 1, 2018",2018,United States,
Invisible,Pablo Giorgelli,"August 1, 2018",2017,"Argentina, France",
Switched,,"August 1, 2018",2018,Japan,
The Could’ve-Gone-All-the-Way Committee,,"August 1, 2018",2018,Japan,
A Very Secret Service,,"July 30, 2018",2018,France,
SWORDGAI The Animation,,"July 30, 2018",2018,Japan,
Da Kath & Kim Code,Ted Emery,"July 28, 2018",2005,Australia,
Kath & Kimderella,Ted Emery,"July 28, 2018",2012,Australia,
Kath and Kim,,"July 28, 2018",2007,Australia,
The Mansion,Tony Datis,"July 28, 2018",2017,"France, Belgium",
Coco y Raulito: Carrusel de ternura,"Raúl Campos, Jan Suter","July 27, 2018",2018,Mexico,
El Chapo,,"July 27, 2018",2018,"Mexico, United States",
Extinction,Ben Young,"July 27, 2018",2018,United States,
Smoking,,"July 27, 2018",2018,Japan,
The Bleeding Edge,Kirby Dick,"July 27, 2018",2018,"Australia, United States",
Welcome to the Family,,"July 27, 2018",2018,Spain,
Parmanu: The Story of Pokhran,Abhishek Sharma,"July 25, 2018",2018,India,
Iliza Shlesinger: Elder Millennial,Steve Paley,"July 24, 2018",2018,United States,
The Warning,Daniel Calparsoro,"July 24, 2018",2018,Spain,
Amazing Interiors,,"July 20, 2018",2018,United Kingdom,
Dark Tourist,,"July 20, 2018",2018,New Zealand,
Duck Duck Goose,Chris Jenkins,"July 20, 2018",2018,"China, United States, United Kingdom",
Father of the Year,,"July 20, 2018",2018,United States,
Home: Adventures with Tip & Oh,,"July 20, 2018",2018,United States,
Jimmy: The True Story of a True Idiot,,"July 20, 2018",2018,Japan,
Luna Petunia: Return to Amazia,,"July 20, 2018",2018,"Canada, United States",
Nothing to Lose,Alexandre Avancini,"July 20, 2018",2018,Brazil,
El club de los buenos infieles,,"July 19, 2018",2018,Spain,
Camarón Revolution,,"July 18, 2018",2018,,
Camarón: The Film,Alexis Morante,"July 18, 2018",2018,Spain,
GODZILLA City on the Edge of Battle,"Kobun Shizuno, Hiroyuki Seshita","July 18, 2018",2018,Japan,
Going for Gold,Clay Glen,"July 15, 2018",2018,Australia,
The Joel McHale Show with Joel McHale,,"July 15, 2018",2018,United States,
Meteor Garden,,"July 14, 2018",2018,China,
How It Ends,David M. Rosenthal,"July 13, 2018",2018,United States,
Jim Jefferies: This Is Me Now,Scott Zabielski,"July 13, 2018",2018,United States,
Romina,Diego Cohen,"July 13, 2018",2018,Mexico,
Mossad 101,,"July 11, 2018",2017,Israel,
Baby Ballroom,,"July 10, 2018",2018,United Kingdom,
Drug Lords,,"July 10, 2018",2018,United States,
Mr. Sunshine,Lee Eung-bok,"July 8, 2018",2018,South Korea,
First Team: Juventus,,"July 6, 2018",2018,United States,
Luciano Mellera: Infantiloide,"Raúl Campos, Jan Suter","July 6, 2018",2018,Argentina,
The Legacy of a Whitetail Deer Hunter,Jody Hill,"July 6, 2018",2018,United States,
The Skin of the Wolf,Samu Fuentes,"July 6, 2018",2018,Spain,
White Fang,Alexandre Espigares,"July 6, 2018",2018,"France, Luxembourg, United States",
Sommore: Chandelier Status,Kevin Layne,"July 4, 2018",2013,United States,
Felipe Esparza: They're Not Going to Laugh at You,Scott L. Montoya,"July 3, 2018",2012,United States,
Joan Rivers: Don't Start with Me,Scott L. Montoya,"July 3, 2018",2012,United States,
Katt Williams: Kattpacalypse,Marcus Raboy,"July 3, 2018",2012,United States,
King of Peking,Sam Voutas,"July 2, 2018",2018,"China, United States, Australia",
Anthony Kaun Hai?,Raj Kaushal,"July 1, 2018",2006,India,
Bo Burnham: what.,"Bo Burnham, Christopher Storer","July 1, 2018",2013,United States,
Chalte Chalte,Aziz Mirza,"July 1, 2018",2003,India,
Deewana Main Deewana,K.C. Bokadia,"July 1, 2018",2013,India,
Duck Butter,Miguel Arteta,"July 1, 2018",2018,United States,
I Am Kalam,Nila Madhab Panda,"July 1, 2018",2010,India,
My Birthday Song,Samir Soni,"July 1, 2018",2018,India,
Namastey London,Vipul Amrutlal Shah,"July 1, 2018",2007,India,
NCIS,,"July 1, 2018",2017,United States,
Soul Robbers,Juan Antonio de la Riva,"July 1, 2018",2015,Mexico,
Tum Milo Toh Sahi,Kabir Sadanand,"July 1, 2018",2010,India,
What We Started,"Bert Marcus, Cyrus Saidi","July 1, 2018",2017,United States,
Zoo,Shlok Sharma,"July 1, 2018",2018,India,
Bill Burr: You People Are All the Same,Jay Karas,"June 30, 2018",2012,United States,
Somewhere Between,,"June 30, 2018",2017,United States,
The Maus,Yayo Herrero,"June 30, 2018",2017,Spain,
Calibre,Matt Palmer,"June 29, 2018",2018,United Kingdom,
Churchill’s Secret Agents: The New Recruits,,"June 29, 2018",2018,United Kingdom,
Jani Dueñas: Grandes fracasos de ayer y hoy,"Raúl Campos, Jan Suter","June 29, 2018",2018,Chile,
Kiss Me First,,"June 29, 2018",2018,"United Kingdom, United States",
Penalty Kick,Rodrigo Triana,"June 29, 2018",2018,"Colombia, Mexico",
Recovery Boys,Elaine McMillion Sheldon,"June 29, 2018",2018,United States,
TAU,Federico D'Alessandro,"June 29, 2018",2018,United States,
Hotel Transylvania,,"June 26, 2018",2017,"United States, Canada",
W. Kamau Bell: Private School Negro,Shannon Hartman,"June 26, 2018",2018,United States,
Borges,,"June 25, 2018",2018,Brazil,
Expelled from Paradise,Seiji Mizushima,"June 25, 2018",2014,Japan,
"To Each, Her Own",Myriam Aziza,"June 24, 2018",2018,France,
Life Sentence,,"June 23, 2018",2018,United States,
Brain on Fire,Gerard Barrett,"June 22, 2018",2016,"United States, Canada, Ireland",
Derren Brown: Miracle,,"June 22, 2018",2018,United Kingdom,
Marvel's Luke Cage,,"June 22, 2018",2018,United States,
Us and Them,Rene Liu,"June 22, 2018",2018,China,
Hannah Gadsby: Nanette,"Madeleine Parry, Jon Olb","June 19, 2018",2018,Australia,
Club de Cuervos Presents: The Ballad of Hugo Sánchez,,"June 18, 2018",2018,United States,
Lust Stories,"Zoya Akhtar, Karan Johar, Anurag Kashyap, Dibakar Banerjee","June 15, 2018",2018,India,
Maktub,Oded Raz,"June 15, 2018",2018,Israel,
Pacificum: Return to the Ocean,"Mariana Tschudi, Héctor Gálvez","June 15, 2018",2017,Peru,
Set It Up,Claire Scanlon,"June 15, 2018",2018,United States,
Sunday's Illness,Ramón Salazar,"June 15, 2018",2017,Spain,
The last hour,Eduardo Mendoza de Echave,"June 15, 2018",2017,"Chile, Peru",
True: Magical Friends,,"June 15, 2018",2018,,
True: Wonderful Wishes,,"June 15, 2018",2018,,
Alex Strangelove,Craig Johnson,"June 8, 2018",2018,United States,
Ali's Wedding,Jeffrey Walker,"June 8, 2018",2018,Australia,
Franco Escamilla: Por la anécdota,Ulises Valencia,"June 8, 2018",2018,Mexico,
The Staircase,,"June 8, 2018",2018,France,
The Night Shift,,"June 7, 2018",2017,United States,
Dinosaur King,,"June 2, 2018",2008,Japan,
B.A. Pass 2,Shadab Khan,"June 1, 2018",2017,India,
Bad Genius,Nattawut Poonpiriya,"June 1, 2018",2017,Thailand,
November 13: Attack on Paris,,"June 1, 2018",2018,France,
Outside In,Lynn Shelton,"June 1, 2018",2018,United States,
Pedal the World,Felix Starck,"June 1, 2018",2015,Germany,
Unbreakable Kimmy Schmidt,,"May 30, 2018",2019,United States,
Arrested Development,,"May 29, 2018",2019,United States,
The Break with Michelle Wolf,,"May 27, 2018",2018,United States,
Sara's Notebook,Norberto López Amado,"May 26, 2018",2018,Spain,
Something in the Rain,,"May 26, 2018",2018,South Korea,
Fernando Sanjiao: Hombre,"Raúl Campos, Jan Suter","May 25, 2018",2018,Argentina,
Ibiza,Alex Richanbach,"May 25, 2018",2018,United States,
Steve Martin and Martin Short: An Evening You Will Forget for the Rest of Your Life,Marcus Raboy,"May 25, 2018",2018,United States,
Trollhunters,,"May 25, 2018",2018,"United States, Mexico",
Mob Psycho 100,,"May 22, 2018",2018,Japan,
Tig Notaro Happy To Be Here,Tig Notaro,"May 22, 2018",2018,United States,
Catching Feelings,Kagiso Lediga,"May 18, 2018",2018,South Africa,
Dance & Sing with True,,"May 18, 2018",2018,,
Inspector Gadget,,"May 18, 2018",2017,"Canada, United States, France",
Katt Williams: American Hustle (The Movie),Brit McAdams,"May 17, 2018",2007,United States,
Food on the Go,Mercedes Cordova,"May 16, 2018",2017,"Argentina, Italy",
Aiyaary,Neeraj Pandey,"May 15, 2018",2018,India,
Lupin the 3rd: The Castle of Cagliostro: Special Edition,Hayao Miyazaki,"May 15, 2018",1979,Japan,
Saint Seiya: The Lost Canvas,,"May 15, 2018",2009,Japan,
Ali Wong: Hard Knock Wife,Jay Karas,"May 13, 2018",2018,United States,
Spivak,"Anthony Abrams, Adam Larson Broder","May 12, 2018",2017,United States,
Bill Nye Saves the World,,"May 11, 2018",2018,United States,
Carlos Ballarta: Furia Ñera,"Raúl Campos, Jan Suter","May 11, 2018",2018,Mexico,
Evil Genius,"Trey Borzillieri, Barbara Schroeder","May 11, 2018",2018,United States,
The Kissing Booth,Vince Marcello,"May 11, 2018",2018,"United Kingdom, United States",
The Who Was? Show,,"May 11, 2018",2018,United States,
Hari Kondabolu: Warn Your Relatives,Bobcat Goldthwait,"May 8, 2018",2018,United States,
My Fuhrer,Dani Levy,"May 7, 2018",2007,Germany,
Family Blood,Sonny Mallhi,"May 5, 2018",2018,United States,
Pup Star: World Tour,Robert Vince,"May 5, 2018",2018,"Canada, Japan, United States",
A Little Help with Carol Burnett,,"May 4, 2018",2018,United States,
Anon,Andrew Niccol,"May 4, 2018",2018,"United Kingdom, Canada, United States, Germany",
Dany Boon: Des Hauts De France,Isabelle Nanty,"May 4, 2018",2018,France,
End Game,"Rob Epstein, Jeffrey Friedman","May 4, 2018",2018,United States,
Forgive Us Our Debts,Antonio Morabito,"May 4, 2018",2018,"Italy, Switzerland, Albania, Poland",
Kong: King of the Apes,,"May 4, 2018",2018,"United States, Japan, Canada",
Lo más sencillo es complicarlo todo,Rene Bueno,"May 4, 2018",2018,Mexico,
Manhunt,John Woo,"May 4, 2018",2017,"China, Hong Kong",
Thi Mai,Patricia Ferreira,"May 4, 2018",2017,Spain,
Si saben cómo me pongo ¿pá qué me invitan?,Fernando Ayllón,"May 3, 2018",2018,Colombia,
Jailbreak,Jimmy Henderson,"May 2, 2018",2017,Cambodia,
Ajji,Devashish Makhija,"May 1, 2018",2017,India,
CIA: Comrade in America,Amal Neerad,"May 1, 2018",2017,India,
Coffee for All,"Fluvio Iannuci, Roly Santos","May 1, 2018",2017,"Italy, United States, Argentina",
Darc,Julius R. Nasso,"May 1, 2018",2018,United States,
Despido Procedente,Lucas Figueroa,"May 1, 2018",2017,"Argentina, Spain",
John Mulaney: Kid Gorgeous at Radio City,Alex Timbers,"May 1, 2018",2018,United States,
My Perfect Romance,Justin G. Dyck,"May 1, 2018",2018,Canada,
Pocoyo & Cars,,"May 1, 2018",2015,,
Pocoyo & The Space Circus,Alfonso Rodríguez,"May 1, 2018",2008,Spain,
Pocoyo Carnival,,"May 1, 2018",2015,,
Pocoyo Halloween: Space Halloween,,"May 1, 2018",2015,United States,
Pocoyo Halloween: Spooky Movies,,"May 1, 2018",2014,,
Pocoyo Special Sports,"Guillermo Garcia, David Cantolla","May 1, 2018",2016,,
Simon,,"May 1, 2018",2016,France,
Sometimes,Priyadarshan,"May 1, 2018",2016,India,
Spiritual House,,"May 1, 2018",2017,,
The Clapper,Dito Montiel,"May 1, 2018",2017,United States,
Toc Toc,Vicente Villanueva,"May 1, 2018",2017,Spain,
Black Crows,,"April 30, 2018",2017,"Saudi Arabia, Syria, Egypt, Lebanon, Kuwait",
Running Shaadi,Amit Roy,"April 30, 2018",2017,India,
The Price of Success,Teddy Lussi-Modeste,"April 30, 2018",2017,France,
Bobby Kennedy for President,Dawn Porter,"April 27, 2018",2018,,
Candy Jar,Ben Shelton,"April 27, 2018",2018,United States,
Goodnight DJ 1,,"April 27, 2018",2016,,
Holy Goalie,Curro Velázquez,"April 27, 2018",2017,Spain,
Moving On,,"April 27, 2018",2016,,
The Rachel Divide,Laura Brownson,"April 27, 2018",2018,United States,
The Week Of,Robert Smigel,"April 27, 2018",2018,United States,
Trio and a Bed,,"April 27, 2018",2016,,
海的儿子,,"April 27, 2018",2016,,
Enissa Amani: Ehrenwort,Max Amini,"April 26, 2018",2018,Germany,
Bill Nye: Science Guy,"Jason Sussberg, David Alvarado","April 25, 2018",2017,United States,
Fishtronaut: The Movie,"Célia Catunda, Kiko Mistrorigo, Rodrigo Eba","April 25, 2018",2018,Brazil,
Psychokinesis,Sang-ho Yeon,"April 25, 2018",2018,South Korea,
Kevin James: Never Don't Give Up,Andy Fickman,"April 24, 2018",2018,United States,
Dude,Olivia Milch,"April 20, 2018",2018,United States,
Kodachrome,Mark Raso,"April 20, 2018",2018,"Canada, United States",
Mercury 13,"David Sington, Heather Walsh","April 20, 2018",2018,United States,
All The Reasons To Forget,Pedro Coutinho,"April 19, 2018",2017,Brazil,
Charité,,"April 19, 2018",2017,Germany,
The Chalet,,"April 17, 2018",2018,France,
The Honeymoon Stand Up Special,,"April 17, 2018",2018,United States,
Beyond Skyline,Liam O'Donnell,"April 15, 2018",2017,"United States, Canada, Indonesia, United Kingdom, China, Singapore",
Come Sunday,Joshua Marston,"April 13, 2018",2018,United States,
I Am not an Easy Man,Eleonore Pourriat,"April 13, 2018",2018,France,
The Magic School Bus Rides Again,,"April 13, 2018",2018,United States,
Pickpockets,Peter Webber,"April 12, 2018",2017,Colombia,
Greg Davies: You Magnificent Beast,Peter Orton,"April 10, 2018",2018,United Kingdom,
AMO,,"April 9, 2018",2017,Philippines,
6 Balloons,Marja Lewis Ryan,"April 6, 2018",2018,United States,
Amateur,Ryan Koo,"April 6, 2018",2018,United States,
Orbiter 9,Hatem Khraiche,"April 6, 2018",2017,"Spain, Colombia",
"Ram Dass, Going Home",Derek Peck,"April 6, 2018",2018,United States,
Seth Rogen's Hilarity for Charity,Ryan Polito,"April 6, 2018",2018,United States,
Sun Dogs,Jennifer Morrison,"April 6, 2018",2017,"Mexico, United States",
Todo lo que sería Lucas Lauriente,"Raúl Campos, Jan Suter","April 6, 2018",2018,Argentina,
Troy,,"April 6, 2018",2018,"United Kingdom, South Africa, Australia, United States",
Wakfu,,"April 6, 2018",2017,France,
Day of the Dead: Bloodline,Hèctor Hernández Vicens,"April 5, 2018",2018,Bulgaria,
Fary Is the New Black,Kader Aoun,"April 3, 2018",2018,France,
Ittefaq,Abhay Chopra,"April 3, 2018",2017,India,
Star Trek: The Next Generation,,"April 2, 2018",1993,United States,
A Sort of Family,Diego Lerman,"April 1, 2018",2017,"Argentina, Brazil, France, Poland, Germany, Denmark",
Billu,Priyadarshan,"April 1, 2018",2009,India,
Fallet,,"April 1, 2018",2017,Sweden,
John Mulaney: New in Town,Ryan Polito,"April 1, 2018",2012,United States,
Loaded,,"April 1, 2018",2017,United Kingdom,
Main Hoon Na,Farah Khan,"April 1, 2018",2004,India,
Metro,Ananda Krishnan,"April 1, 2018",2016,India,
Om Shanti Om,Farah Khan,"April 1, 2018",2007,India,
Paheli,Amol Palekar,"April 1, 2018",2005,India,
Phir Bhi Dil Hai Hindustani,Aziz Mirza,"April 1, 2018",2000,India,
Doctor Foster,,"March 31, 2018",2017,United Kingdom,
Revolt,Joe Miale,"March 31, 2018",2017,United Kingdom,
First Match,Olivia Newman,"March 30, 2018",2018,United States,
Happy Anniversary,Jared Stern,"March 30, 2018",2018,United States,
Rapture,,"March 30, 2018",2018,United States,
Sofía Niño de Rivera: Selección Natural,"Raúl Campos, Jan Suter","March 30, 2018",2018,Mexico,
The Titan,Lennart Ruff,"March 30, 2018",2018,"United Kingdom, Spain, United States, Germany",
Trailer Park Boys,,"March 30, 2018",2018,Canada,
Trailer Park Boys: Countdown to Liquor Day,Mike Clattenburg,"March 30, 2018",2009,Canada,
Trailer Park Boys: The Movie,Mike Clattenburg,"March 30, 2018",2006,Canada,
Trump: An American Dream,,"March 30, 2018",2018,United Kingdom,
James Acaster: Repertoire,Dan Lucchesi,"March 27, 2018",2018,United Kingdom,
Birdshot,Mikhail Red,"March 26, 2018",2016,"Philippines, Qatar",
"Game Over, Man!",Kyle Newacheck,"March 23, 2018",2018,United States,
Layla M.,Mijke de Jong,"March 23, 2018",2016,"Netherlands, Belgium, Germany, Jordan",
Paradox,Daryl Hannah,"March 23, 2018",2018,United States,
Requiem,,"March 23, 2018",2018,United Kingdom,
Roxanne Roxanne,Michael Larnell,"March 23, 2018",2018,United States,
Secret Superstar,Advait Chandan,"March 23, 2018",2017,India,
The Standups,,"March 20, 2018",2018,United States,
Benji,Brandon Camp,"March 16, 2018",2018,"United Arab Emirates, United States",
Edha,,"March 16, 2018",2018,Argentina,
Take Your Pills,Alison Klayman,"March 16, 2018",2018,United States,
Wild Wild Country,,"March 16, 2018",2018,United States,
Yoo Byung Jae: Too Much Information,Yoo Byung-jae,"March 16, 2018",2018,,
In This Corner of the World,Sunao Katabuchi,"March 15, 2018",2016,Japan,
Jag älskar dig: En skilsmässokomedi,Johan Brisinger,"March 15, 2018",2016,Sweden,
Secret of the Nile,,"March 15, 2018",2016,Egypt,
Tabula Rasa,,"March 15, 2018",2017,Belgium,
The Art of Loving,Maria Sadowska,"March 15, 2018",2017,Poland,
Steel Rain,Yang Woo-seok,"March 14, 2018",2018,South Korea,
Children of the Whales,,"March 13, 2018",2017,Japan,
Ricky Gervais: Humanity,John L. Spencer,"March 13, 2018",2018,United Kingdom,
Stretch Armstrong: The Breakout,Victor Cook,"March 13, 2018",2018,United States,
A.I.C.O.,Kazuya Murata,"March 9, 2018",2018,Japan,
Collateral,,"March 9, 2018",2018,"United Kingdom, United States",
The Outsider,Martin Zandvliet,"March 9, 2018",2018,United States,
Bad Guys: Vile City,,"March 8, 2018",2018,South Korea,
Ladies First,Uraaz Bahl,"March 8, 2018",2018,India,
Bullet Head,"Paul Solet, Rick Benattar","March 7, 2018",2017,"Bulgaria, United States",
Borderliner,,"March 6, 2018",2017,"Norway, Germany, Sweden",
Gad Elmaleh: American Dream,Michael Simon,"March 6, 2018",2018,United States,
Expedition China,Ben Wallis,"March 4, 2018",2017,,
Flint Town,,"March 2, 2018",2018,United States,
Malena Pichot: Estupidez compleja,"Raúl Campos, Jan Suter","March 2, 2018",2018,Argentina,
Natalia Valdebenito: El especial,"Raúl Campos, Jan Suter","March 2, 2018",2018,Chile,
Ravenous,Robin Aubert,"March 2, 2018",2017,Canada,
21 Thunder,,"March 1, 2018",2017,Canada,
Adel Karam: Live from Beirut,,"March 1, 2018",2018,United States,
Battle Drone,Mitch Gould,"March 1, 2018",2018,United States,
Dil Se,Mani Ratnam,"March 1, 2018",1998,India,
Guru,Mani Ratnam,"March 1, 2018",2007,India,
Judwaa 2,David Dhawan,"March 1, 2018",2017,India,
Love Beats Rhymes,RZA,"March 1, 2018",2016,United States,
Schubert In Love,Lars Büchel,"March 1, 2018",2016,Germany,
Shubh Aarambh,Amit Barot,"March 1, 2018",2017,India,
Something Huge,Carlo Padial,"March 1, 2018",2017,Spain,
Swades,Ashutosh Gowariker,"March 1, 2018",2004,India,
Swearnet Live,"Mike Smith, John Paul Tremblay, Robb Wells","March 1, 2018",2014,Canada,
Trailer Park Boys Live at the North Pole,"Mike Smith, John Paul Tremblay, Robb Wells","March 1, 2018",2014,Canada,
Trailer Park Boys Live In F**kin' Dublin,"Mike Smith, John Paul Tremblay, Robb Wells","March 1, 2018",2014,Canada,
Trailer Park Boys: Say Goodnight to the Bad Guys,Mike Clattenburg,"March 1, 2018",2008,Canada,
Trailer Park Boys: Xmas Special,Mike Clattenburg,"March 1, 2018",2004,Canada,
Tu Hai Mera Sunday,Milind Dhaimade,"March 1, 2018",2016,India,
Yuva,Mani Ratnam,"March 1, 2018",2004,India,
반드시 잡는다,Hong-seon Kim,"February 28, 2018",2017,South Korea,
Derren Brown: The Push,,"February 27, 2018",2018,United Kingdom,
Marlon Wayans: Woke-ish,Marcus Raboy,"February 27, 2018",2018,United States,
Veronica,Paco Plaza,"February 25, 2018",2017,Spain,
Best Lover,,"February 23, 2018",2016,"South Korea, China",
Marseille,,"February 23, 2018",2018,France,
Mute,Duncan Jones,"February 23, 2018",2018,"United Kingdom, Germany",
Seven Seconds,,"February 23, 2018",2018,United States,
Hitler's Circle of Evil,,"February 22, 2018",2017,United Kingdom,
Forgotten,Hang-Jun Jang,"February 21, 2018",2017,South Korea,
The Frankenstein Chronicles,,"February 20, 2018",2017,United Kingdom,
FullMetal Alchemist,Fumihiko Sori,"February 19, 2018",2017,Japan,
Agustín Aristarán: Soy Rada,Mariano Baez,"February 16, 2018",2018,Argentina,
Dragons: Race to the Edge,,"February 16, 2018",2018,United States,
Everything Sucks!,,"February 16, 2018",2018,United States,
Irreplaceable You,Stephanie Laing,"February 16, 2018",2018,United States,
Re:Mind,,"February 15, 2018",2017,Japan,
Chris Rock: Tamborine,Bo Burnham,"February 14, 2018",2018,United States,
Love Per Square Foot,Anand Tiwari,"February 14, 2018",2018,India,
Seeing Allred,"Roberta Grossman, Sophie Sartain","February 9, 2018",2018,United States,
The Ritual,David Bruckner,"February 9, 2018",2018,"United Kingdom, Canada",
The Trader (Sovdagari),Tamta Gabrichidze,"February 9, 2018",2018,Georgia,
When We First Met,Ari Sandel,"February 9, 2018",2018,United States,
Fred Armisen: Standup For Drummers,Lance Bangs,"February 6, 2018",2018,,
Valor,,"February 6, 2018",2017,United States,
The Cloverfield Paradox,Julius Onah,"February 5, 2018",2018,United States,
Coach Snoop,,"February 2, 2018",2018,United States,
Kavin Jay: Everybody Calm Down!,Michael McKay,"February 2, 2018",2018,,
On Body and Soul,Ildiko Enyedi,"February 2, 2018",2017,Hungary,
The Bros,You-Jeong Chang,"February 2, 2018",2017,South Korea,
Liberated: The New Sexual Revolution,,"February 1, 2018",2017,"United States, Mexico",
Newness,Drake Doremus,"February 1, 2018",2017,United States,
Under Arrest,Dan Forrer,"February 1, 2018",2016,United States,
Expedition Happiness,Selima Taibi,"January 31, 2018",2017,Germany,
Jerry Seinfeld: I'm Telling You for the Last Time,Marty Callner,"January 30, 2018",1998,United States,
Retribution,,"January 30, 2018",2016,United Kingdom,
Holy Camp!,"Javier Ambrossi, Javier Calvo","January 29, 2018",2017,Spain,
A Futile and Stupid Gesture,David Wain,"January 26, 2018",2018,United States,
Fakkah Fuzz: Almost Banned,Michael McKay,"January 26, 2018",2018,Singapore,
Mau Nieto: Viviendo sobrio… desde el bar,,"January 26, 2018",2018,Mexico,
Sebastián Marcelo Wainraich,"Raúl Campos, Jan Suter","January 26, 2018",2018,Argentina,
The Adventures of Puss in Boots,,"January 26, 2018",2018,United States,
Acts of Vengeance,Isaac Florentine,"January 25, 2018",2017,"Bulgaria, United States",
Prison Playbook,,"January 24, 2018",2017,South Korea,
Ricardo Quevedo: Hay gente así,"Raúl Campos, Jan Suter","January 24, 2018",2018,Colombia,
Todd Glass: Act Happy,Scott Moran,"January 23, 2018",2018,United States,
Countdown to Death: Pablo Escobar,"Santiago Diaz, Pablo Martin Farina","January 22, 2018",2017,,
The Shannara Chronicles,,"January 22, 2018",2018,"United States, New Zealand",
Love and Hong Kong,,"January 20, 2018",2017,Japan,
Harith Iskander: I Told You So,Michael McKay,"January 19, 2018",2018,United States,
Step Sisters,Charles Stone III,"January 19, 2018",2018,United States,
The Open House,"Matt Angel, Suzanne Coote","January 19, 2018",2018,"Canada, United States",
Bad Day for the Cut,Chris Baugh,"January 18, 2018",2017,United Kingdom,
Tiempos de guerra,,"January 18, 2018",2017,Spain,
Arango y Sanint: Ríase el show,"Raúl Campos, Jan Suter","January 17, 2018",2018,Colombia,
Godzilla,"Kobun Shizuno, Hiroyuki Seshita","January 17, 2018",2017,Japan,
Katt Williams: Great America,,"January 16, 2018",2018,United States,
Alibaba Aur 40 Chor,"Latif Faiziyev, Umesh Mehra","January 15, 2018",1980,"Soviet Union, India",
Pyar Ke Do Pal,Rajiv Mehra,"January 15, 2018",1986,India,
Rip Tide,Rhiannon Bannenberg,"January 15, 2018",2017,"Australia, United Arab Emirates",
Disjointed,,"January 12, 2018",2018,United States,
Milada,David Mrnka,"January 12, 2018",2017,"Czech Republic, United States",
The Polka King,Maya Forbes,"January 12, 2018",2018,United States,
The Reservoir Game,Choi Jin-seong,"January 12, 2018",2017,South Korea,
Tom Segura: Disgraceful,Jay Karas,"January 12, 2018",2018,United States,
Alejandro Riaño: Especial de stand up,,"January 10, 2018",2018,Colombia,
The House Next Door,Milind Rau,"January 9, 2018",2017,India,
Tundukkan Playboy Itu,,"January 8, 2018",2016,,
Episodes,,"January 6, 2018",2017,"United Kingdom, United States",
Before I Wake,Mike Flanagan,"January 5, 2018",2016,United States,
Devilman Crybaby,Masaaki Yuasa,"January 5, 2018",2018,Japan,
Mustang Island,Craig Elrod,"January 2, 2018",2017,United States,
Eve's Apple,Jose Manuel Colón,"January 1, 2018",2017,Spain,
Fullmetal Alchemist,,"January 1, 2018",2003,Japan,
Fullmetal Alchemist: Brotherhood,Yasuhiro Irie,"January 1, 2018",2010,Japan,
Lovesick,,"January 1, 2018",2018,United Kingdom,
Pokémon: Indigo League,,"January 1, 2018",2000,Japan,
The Frozen Dead,,"January 1, 2018",2017,France,
Dave Chappelle: Equanimity & The Bird Revelation,Stan Lathan,"December 31, 2017",2017,United States,
Fun Mom Dinner,Alethea Jones,"December 31, 2017",2017,United States,
Goon: Last of the Enforcers,Jay Baruchel,"December 30, 2017",2016,Canada,
La Mante,,"December 29, 2017",2017,France,
The Climb,Ludovic Bernard,"December 29, 2017",2017,France,
Wadi,,"December 29, 2017",2015,,
Bibi & Tina: Tohuwabohu Total,Detlev Buck,"December 27, 2017",2017,Germany,
Mr. Roosevelt,Noël Wells,"December 26, 2017",2017,United States,
Todd Barry: Spicy Honey,Jay Chapman,"December 26, 2017",2017,United States,
Part-Time Idol,,"December 25, 2017",2017,,
Creep 2,Patrick Brice,"December 23, 2017",2017,United States,
Myths & Monsters,Daniel Kontur,"December 23, 2017",2017,United Kingdom,
72 Dangerous Animals: Latin America,,"December 22, 2017",2017,"Australia, United States",
Bright,David Ayer,"December 22, 2017",2017,United States,
Desire,Diego Kaplan,"December 21, 2017",2017,Argentina,
48 Christmas Wishes,"Marco Deufemia, Justin G. Dyck","December 20, 2017",2017,Canada,
Jeremiah Tower: The Last Magnificent,Lydia Tenaglia,"December 20, 2017",2016,"Mexico, United States",
Russell Howard: Recalibrate,Peter Orton,"December 19, 2017",2017,United Kingdom,
The Indian Detective,,"December 19, 2017",2017,"Canada, Germany, South Africa",
"Hello, My Twenties!",,"December 18, 2017",2017,South Korea,
Cheuk Wan-Chi: Two Night Stand,,"December 15, 2017",2015,,
Christmas Inheritance,Ernie Barbarash,"December 15, 2017",2017,United States,
Muramba,Varun Narvekar,"December 15, 2017",2017,India,
Pottersville,Seth Henrikson,"December 15, 2017",2017,United States,
Seoul Searching,Benson Lee,"December 15, 2017",2015,"South Korea, China, United States",
Wormwood,,"December 15, 2017",2017,United States,
Halt and Catch Fire,,"December 14, 2017",2017,United States,
Judd Apatow: The Return,Marcus Raboy,"December 12, 2017",2017,United States,
Dawai Asmara,,"December 11, 2017",2016,,
El Camino Christmas,David E. Talbert,"December 8, 2017",2017,United States,
Jaal,Umesh Mehra,"December 8, 2017",1986,India,
Shikari,"Latif Faiziyev, Umesh Mehra","December 8, 2017",1991,"India, Soviet Union",
The Secret,Drew Heriot,"December 7, 2017",2006,"Australia, United States",
Trolls Holiday Special,Joel Crawford,"December 6, 2017",2017,United States,
Craig Ferguson: Tickle Fight,Jay Chapman,"December 5, 2017",2017,United States,
Jab Harry Met Sejal,Imtiaz Ali,"December 2, 2017",2017,India,
Temple,Michael Barrett,"December 2, 2017",2017,"Japan, United States",
A StoryBots Christmas,"Evan Spiridellis, Jeff Gill","December 1, 2017",2017,United States,
All Hail King Julien,,"December 1, 2017",2017,United States,
Dhia Sofea,,"December 1, 2017",2015,Malaysia,
DreamWorks Home: For the Holidays,,"December 1, 2017",2017,United States,
Kantaro: The Sweet Tooth Salaryman,,"December 1, 2017",2017,Japan,
Monster Island,Leopoldo Aguilar,"December 1, 2017",2017,"India, Mexico",
My Happy Family,"Nana Ekvtimishvili, Simon Gross","December 1, 2017",2017,"Georgia, Germany, France",
Oggy and the Cockroaches,Olivier Jean-Marie,"December 1, 2017",2017,France,
Padamu Aku Bersujud,,"December 1, 2017",2015,,
The Worthy,Ali F. Mostafa,"December 1, 2017",2016,"United Arab Emirates, Romania",
TURN: Washington's Spies,,"December 1, 2017",2017,United States,
Voyeur,"Myles Kane, Josh Koury","December 1, 2017",2017,United States,
Man Down,,"November 30, 2017",2017,United Kingdom,
Broadchurch,,"November 27, 2017",2017,United Kingdom,
Poster Boys,Shreyas Talpade,"November 27, 2017",2017,India,
Cuba and the Cameraman,Jon Alpert,"November 24, 2017",2017,United States,
The Girl from the Song,Ibai Abad,"November 24, 2017",2016,Spain,
The Many Faces of Ito,,"November 24, 2017",2017,Japan,
Trailer Park Boys: Out of the Park: USA,,"November 24, 2017",2017,,
Bright: The Music Videos,David Ayer,"November 23, 2017",2017,,
Argon,,"November 22, 2017",2017,South Korea,
Barbra: The Music ... The Mem'ries ... The Magic!,"Barbra Streisand, Jim Gable","November 22, 2017",2017,United States,
Godless,,"November 22, 2017",2017,United States,
Beat Bugs: All Together Now,Josh Wakely,"November 21, 2017",2017,"Australia, Canada",
Brian Regan: Nunchucks and Flamethrowers,Troy Miller,"November 21, 2017",2017,United States,
Saving Capitalism,Jacob Kornbluth,"November 21, 2017",2017,United States,
A Christmas Prince,Alex Zamm,"November 17, 2017",2017,United States,
"Jim & Andy: The Great Beyond - Featuring a Very Special, Contractually Obligated Mention of Tony Clifton",Chris Smith,"November 17, 2017",2017,"Canada, United States",
Longmire,,"November 17, 2017",2017,United States,
Luna Petunia,,"November 17, 2017",2017,United States,
Mudbound,Dee Rees,"November 17, 2017",2017,United States,
Shot in the Dark,,"November 17, 2017",2017,United States,
The Irregular at Magic High School,,"November 15, 2017",2014,Japan,
The Method,,"November 15, 2017",2015,Russia,
DeRay Davis: How to Act Black,Marcus Raboy,"November 14, 2017",2017,United States,
Bon Cop Bad Cop 2,Alain Desrochers,"November 11, 2017",2017,Canada,
Blazing Transfer Students,,"November 10, 2017",2017,Japan,
Glitter Force Doki Doki,Go Koga,"November 10, 2017",2017,Japan,
Lady Dynamite,,"November 10, 2017",2017,United States,
Mea Culpa,"Raúl Campos, Jan Suter","November 10, 2017",2017,Mexico,
The Killer,Marcelo Galvão,"November 10, 2017",2017,Brazil,
Fate/Apocrypha,,"November 7, 2017",2017,Japan,
Jerry Seinfeld: Comedian,Christian Charles,"November 7, 2017",2002,United States,
Project Mc²,,"November 7, 2017",2017,United States,
The Journey Is the Destination,Bronwen Hughes,"November 7, 2017",2016,United States,
Let It Fall: Los Angeles 1982-1992,John Ridley,"November 6, 2017",2017,United States,
Mubarakan,Anees Bazmee,"November 5, 2017",2017,India,
Akulah Balqis,Pali Yahya,"November 3, 2017",2015,,
Alias Grace,,"November 3, 2017",2017,Canada,
Bandie,Alo Sarkar,"November 1, 2017",1978,India,
Getaway Plan,Iñaki Dorronsoro,"November 1, 2017",2016,Spain,
Hajwala: The Missing Engine,"Ali Bin Matar, Ibrahim Bin Mohamed","November 1, 2017",2016,United Arab Emirates,
Pettersson and Findus 2,Ali Samadi Ahadi,"November 1, 2017",2016,Germany,
The Bittersweet,D Ho,"November 1, 2017",2017,China,
The Family Court,,"November 1, 2017",2010,,
The Golden Path,,"November 1, 2017",2007,,
The Little Nyonya,,"November 1, 2017",2009,,
The Truth,,"November 1, 2017",2008,,
Together,,"November 1, 2017",2009,Singapore,
Judah Friedlander: America Is the Greatest Country in the United States,Judah Friedlander,"October 31, 2017",2017,United States,
The B-Side: Elsa Dorfman's Portrait Photography,Errol Morris,"October 31, 2017",2016,United States,
SPF-18,Alex Israel,"October 30, 2017",2017,United States,
Pup Star: Better 2Gether,Robert Vince,"October 28, 2017",2017,Canada,
Beyond Stranger Things,,"October 27, 2017",2017,United States,
Joan Didion: The Center Will Not Hold,Griffin Dunne,"October 27, 2017",2017,United States,
Strange Weather,Katherine Dieckmann,"October 26, 2017",2016,United States,
The Hateful Eight,Quentin Tarantino,"October 25, 2017",2015,United States,
Jack Whitehall: At Large,Brian Klein,"October 24, 2017",2017,United Kingdom,
The Mist,,"October 24, 2017",2017,"Canada, United States",
W1A,,"October 24, 2017",2017,United Kingdom,
1922,Zak Hilditch,"October 20, 2017",2017,United States,
Haters Back Off,,"October 20, 2017",2017,United States,
One of Us,"Heidi Ewing, Rachel Grady","October 20, 2017",2017,United States,
The Day I Met El Chapo,,"October 20, 2017",2017,United States,
Wheelman,Jeremy Rush,"October 20, 2017",2017,United States,
Wedding Unplanned,Reem Kherici,"October 19, 2017",2017,France,
Patton Oswalt: Annihilation,Bobcat Goldthwait,"October 17, 2017",2017,United States,
Baadshaho,Milan Luthria,"October 16, 2017",2017,India,
In Laws,,"October 16, 2017",2016,,
Laws of Attraction,,"October 16, 2017",2012,,
Lucknow Central,Ranjit Tiwari,"October 16, 2017",2017,India,
Belief: The Possession of Janet Moses,David Stubbs,"October 15, 2017",2015,New Zealand,
Seven and Me,,"October 15, 2017",2017,France,
Singapore,Shakti Samanta,"October 15, 2017",1960,"India, Malaysia",
West Coast Customs,,"October 15, 2017",2015,United States,
Blessed Benefit,Mahmoud al Massad,"October 13, 2017",2016,"Germany, Jordan, Netherlands",
Clair Obscur,Yesim Ustaoglu,"October 13, 2017",2016,"Turkey, France, Germany, Poland",
"El Especial de Alex Fernández, el Especial",Jan Suter,"October 13, 2017",2017,Mexico,
Kingdom of Us,Lucy Cohen,"October 13, 2017",2017,United Kingdom,
The Babysitter,McG,"October 13, 2017",2017,United States,
The Meyerowitz Stories (New and Selected),Noah Baumbach,"October 13, 2017",2017,United States,
Barakah Meets Barakah,Mahmoud Sabbagh,"October 12, 2017",2016,Saudi Arabia,
Bomb Scared,Borja Cobeaga,"October 12, 2017",2017,Spain,
Christina P: Mother Inferior,Jay Karas,"October 10, 2017",2017,United States,
ID-0,,"October 6, 2017",2017,Japan,
Kibaoh Klashers,,"October 6, 2017",2017,China,
The Death and Life of Marsha P. Johnson,David France,"October 6, 2017",2017,"Greece, United States",
Rodney Carrington: Here Comes the Truth,Brandon Jones,"October 3, 2017",2017,United States,
26 Years,Geun-hyun Cho,"October 1, 2017",2012,South Korea,
Beyblade Burst,,"October 1, 2017",2016,Japan,
Equestria Girls: Tales of Canterlot High,,"October 1, 2017",2017,"United States, Canada",
For Your Own Good,Carlos Therón,"October 1, 2017",2017,Spain,
Franca: Chaos and Creation,Francesco Carrozzini,"October 1, 2017",2016,"United States, Italy",
Generation Iron 2,Vlad Yudin,"October 1, 2017",2017,United States,
Ghost Patrol,Karen J. Lloyd,"October 1, 2017",2016,Canada,
Justice in the City,,"October 1, 2017",2012,,
Noddy Toyland Detective,,"October 1, 2017",2016,"France, United Kingdom, United States",
Star Trek: Enterprise,,"October 1, 2017",2004,United States,
Star Trek: Voyager,,"October 1, 2017",2000,United States,
Sudden,,"October 1, 2017",2013,Singapore,
The Dream Catchers,,"October 1, 2017",2009,Singapore,
The Lion Woman,Vibeke Idsøe,"October 1, 2017",2016,"Norway, Germany",
Verónica,"Carlos Algara, Alejandro Martinez-Beltran","October 1, 2017",2017,Mexico,
What She Put on the Table,,"October 1, 2017",2017,Taiwan,
The Royal House of Windsor,,"September 30, 2017",2017,United Kingdom,
Gerald's Game,Mike Flanagan,"September 29, 2017",2017,United States,
Long Shot,Jacob LaMendola,"September 29, 2017",2017,United States,
Mak Cun,,"September 29, 2017",2015,,
Our Souls at Night,Ritesh Batra,"September 29, 2017",2017,United States,
Out of Thin Air,Dylan Howitt,"September 29, 2017",2017,,
Paul Hollywood's Big Continental Road Trip,,"September 29, 2017",2017,United Kingdom,
Real Rob,,"September 29, 2017",2017,United States,
Satu Hari,,"September 29, 2017",2014,,
Much Loved,Nabil Ayouch,"September 27, 2017",2015,"France, Morocco",
Def Comedy Jam 25,Louis J. Horvitz,"September 26, 2017",2017,United States,
Terrace House: Aloha State,,"September 26, 2017",2017,"United States, Japan",
Dark Matter,,"September 25, 2017",2017,Canada,
Swearnet: The Movie,Warren P. Sonoda,"September 24, 2017",2014,Canada,
The Bar,Álex de la Iglesia,"September 24, 2017",2017,"Spain, Argentina",
Gaga: Five Foot Two,Chris Moukarbel,"September 22, 2017",2017,United States,
The Bad Batch,Ana Lily Amirpour,"September 22, 2017",2016,United States,
Jerry Before Seinfeld,Michael Bonfiglio,"September 19, 2017",2017,United States,
Barbie Dolphin Magic,Conrad Helten,"September 18, 2017",2017,"United States, Canada",
First They Killed My Father,Angelina Jolie,"September 15, 2017",2017,"Cambodia, United States",
Strong Island,Yance Ford,"September 15, 2017",2017,"United States, Denmark",
VeggieTales in the City,,"September 15, 2017",2017,United States,
Ghost of the Mountains,Ben Wallis,"September 13, 2017",2017,United States,
Offspring,,"September 13, 2017",2017,Australia,
Heroin(e),Elaine McMillion Sheldon,"September 12, 2017",2017,United States,
Jeff Dunham: Relative Disaster,Michael Simon,"September 12, 2017",2017,United States,
#realityhigh,Fernando Lebrija,"September 8, 2017",2017,United States,
Apaches,,"September 8, 2017",2016,Spain,
Fabrizio Copano: Solo pienso en mi,"Rodrigo Toro, Francisco Schultz","September 8, 2017",2017,Chile,
Fire Chasers,,"September 8, 2017",2017,United States,
Joaquín Reyes: Una y no más,José Miguel Contreras,"September 8, 2017",2017,,
Carrie Pilby,Susan Johnson,"September 5, 2017",2016,United States,
Marc Maron: Too Real,Lynn Shelton,"September 5, 2017",2017,United States,
No Tomorrow,,"September 5, 2017",2016,United States,
Reign,,"September 5, 2017",2017,United States,
Frequency,,"September 4, 2017",2016,United States,
The Vampire Diaries,,"September 4, 2017",2016,United States,
A Boy Name Flora A,,"September 1, 2017",2017,Taiwan,
A House of Blocks,,"September 1, 2017",2017,Taiwan,
Aakhri Adaalat,Rajiv Mehra,"September 1, 2017",1988,India,
"Alias JJ, la celebridad del mal",,"September 1, 2017",2017,,
Berserk: The Golden Age Arc II - The Battle for Doldrey,Toshiyuki Kubooka,"September 1, 2017",2012,Japan,
Berserk: The Golden Age Arc III - The Advent,Toshiyuki Kubooka,"September 1, 2017",2013,Japan,
Brother's Shadow,Todd S. Yellin,"September 1, 2017",2006,United States,
Chadi Jawani Budhe Nu,,"September 1, 2017",1976,India,
Ek Jaan Hain Hum,Rajiv Mehra,"September 1, 2017",1983,India,
FINAL FANTASY XIV Dad of Light,,"September 1, 2017",2017,Japan,
Gurren Lagann,,"September 1, 2017",2007,Japan,
High Risk,,"September 1, 2017",1988,United States,
Khoon Khoon,Mohammed Hussain,"September 1, 2017",1973,India,
LEGO Elves: Secrets of Elvendale,,"September 1, 2017",2017,United States,
Little Evil,Eli Craig,"September 1, 2017",2017,United States,
Manoranjan,Shammi Kapoor,"September 1, 2017",1974,India,
Mujrim,Umesh Mehra,"September 1, 2017",1989,India,
Narcos,,"September 1, 2017",2017,"United States, Colombia, Mexico",
Offline - Das leben ist kein bonuslevel,Florian Schnell,"September 1, 2017",2016,Germany,
Resurface,"Josh Izenberg, Wynn Padula","September 1, 2017",2017,United States,
Rocco,"Thierry Demaizière, Alban Teurlai","September 1, 2017",2016,France,
Sohni Mahiwal,"Latif Faiziyev, Umesh Mehra","September 1, 2017",1984,"India, Soviet Union",
The Distinguished Citizen,"Gastón Duprat, Mariano Cohn","September 1, 2017",2016,"Argentina, Spain",
The Guardian Brothers,Gary Wang,"September 1, 2017",2016,China,
The Last Shaman,Raz Degan,"September 1, 2017",2016,"United Kingdom, Italy, Israel, Peru, United States",
The Lost Brother,Israel Adrián Caetano,"September 1, 2017",2017,"Argentina, Uruguay, Spain, France",
Todo Sobre El Asado,"Mariano Cohn, Gastón Duprat","September 1, 2017",2016,Argentina,
Ryan Hamilton: Happy Face,Marcus Raboy,"August 29, 2017",2017,United States,
Buster's Mal Heart,Sarah Adina Smith,"August 26, 2017",2016,United States,
Berlin Syndrome,Cate Shortland,"August 25, 2017",2017,Australia,
Death Note,Adam Wingard,"August 25, 2017",2017,United States,
Lynne Koplitz: Hormonal Beast,Marcus Raboy,"August 22, 2017",2017,United States,
Dinotrux,,"August 18, 2017",2017,United States,
Marvel's The Defenders,,"August 18, 2017",2017,United States,
Undefeated,"Daniel Lindsay, T.J. Martin","August 18, 2017",2011,United States,
What Happened to Monday,Tommy Wirkola,"August 18, 2017",2017,"United Kingdom, France, United States, Belgium",
20 Minutes,,"August 15, 2017",2013,Turkey,
Brad Paisley's Comedy Rodeo,Jay Chapman,"August 15, 2017",2017,United States,
Colin Quinn: Unconstitutional,Jay Chapman,"August 15, 2017",2015,United States,
Million Yen Women,,"August 15, 2017",2017,Japan,
The Outcasts,Peter Hutchings,"August 14, 2017",2017,United States,
Chocolate City: Vegas Strip,Jean-Claude La Marre,"August 12, 2017",2017,United States,
Los Herederos,Jorge Hernandez Aldana,"August 12, 2017",2015,Mexico,
Naked,Michael Tiddes,"August 11, 2017",2017,United States,
Demonic,Will Canon,"August 10, 2017",2015,United States,
The Saint,Ernie Barbarash,"August 10, 2017",2017,United States,
Baahubali 2: The Conclusion (Hindi Version),S.S. Rajamouli,"August 7, 2017",2017,India,
Baahubali 2: The Conclusion (Malayalam Version),S.S. Rajamouli,"August 7, 2017",2017,,
Baahubali 2: The Conclusion (Tamil Version),S.S. Rajamouli,"August 7, 2017",2017,,
Baahubali: The Beginning (Hindi Version),S.S. Rajamouli,"August 7, 2017",2015,India,
Baahubali: The Beginning (Malayalam Version),S.S. Rajamouli,"August 7, 2017",2015,,
Baahubali: The Beginning (Tamil Version),S.S. Rajamouli,"August 7, 2017",2015,,
LEGO Marvel Super Heroes: Avengers Reassembled!,Rob Silvestri,"August 6, 2017",2015,United States,
Enter the Warriors Gate,Matthias Hoene,"August 5, 2017",2016,"France, Canada, China, Cambodia",
Alan Saldaña: Mi vida de pobre,"Raúl Campos, Jan Suter","August 4, 2017",2017,Mexico,
Icarus,Bryan Fogel,"August 4, 2017",2017,United States,
Message from the King,Fabrice Du Welz,"August 4, 2017",2017,"United Kingdom, France, Belgium, United States",
Wet Hot American Summer: Ten Years Later,,"August 4, 2017",2017,United States,
The Invisible Guardian,Fernando González Molina,"August 3, 2017",2017,"Spain, Germany",
Bountiful Blessings,,"August 1, 2017",2011,Singapore,
Close Your Eyes Before It’s Dark,,"August 1, 2017",2016,Taiwan,
Entangled,,"August 1, 2017",2014,South Korea,
Fartsa,,"August 1, 2017",2015,Russia,
Handsome Devil,John Butler,"August 1, 2017",2016,Ireland,
"Have You Ever Fallen in Love, Miss Jiang?",,"August 1, 2017",2016,,
Jessica Darling's It List,Ali Scher,"August 1, 2017",2016,United States,
Life Plan A and B,,"August 1, 2017",2016,Taiwan,
Locust,,"August 1, 2017",2014,Russia,
Love Storm,,"August 1, 2017",2016,,
Maz Jobrani: Immigrant,Maz Jobrani,"August 1, 2017",2017,,
Opening Night,Isaac Rentz,"August 1, 2017",2016,United States,
Raising the Bar,Clay Glen,"August 1, 2017",2016,Australia,
Surviving Escobar - Alias JJ,,"August 1, 2017",2017,,
The Blind Christ,Christopher Murray,"August 1, 2017",2016,"Chile, France",
The In-Laws,,"August 1, 2017",2011,Singapore,
The IT Crowd,,"August 1, 2017",2013,United Kingdom,
Un plus une,Claude Lelouch,"August 1, 2017",2015,France,
Vexed,,"August 1, 2017",2012,United Kingdom,
World War II in Colour,,"August 1, 2017",2009,United Kingdom,
Daughters of Destiny,Vanessa Roth,"July 28, 2017",2017,United States,
The Incredible Jessica James,Jim Strouse,"July 28, 2017",2017,United States,
Joe Mande’s Award-Winning Comedy Special,Daniel Gray Longino,"July 25, 2017",2017,United States,
I Called Him Morgan,Kasper Collin,"July 24, 2017",2016,"Sweden, United States",
Aditi Mittal: Things They Wouldn't Let Me Say,Fazila Allana,"July 18, 2017",2017,India,
Ari Shaffir: Double Negative,Eric Abrams,"July 18, 2017",2017,United States,
Uncertain Glory,Agustí Villaronga,"July 17, 2017",2017,Spain,
Amar,Esteban Crespo,"July 15, 2017",2017,Spain,
Buddy Thunderstruck: The Maybe Pile,Harry Chaskin,"July 14, 2017",2017,United States,
Chasing Coral,Jeff Orlowski,"July 14, 2017",2017,United States,
To the Bone,Marti Noxon,"July 14, 2017",2017,United States,
D.L. Hughley: Clear,Jay Chapman,"July 13, 2017",2014,United States,
Tom Segura: Completely Normal,Jay Chapman,"July 13, 2017",2014,United States,
Dawn of the Croods,,"July 7, 2017",2017,United States,
Degrassi: Next Class,Stefan Brogren,"July 7, 2017",2017,Canada,
Diamond Lover,,"July 7, 2017",2015,China,
King’s War,,"July 7, 2017",2012,China,
Qin Empire: Alliance,,"July 7, 2017",2012,China,
Take Me,Pat Healy,"July 7, 2017",2017,United States,
The Legend of Bruce Lee,,"July 7, 2017",2008,China,
10 jours en or,Nicolas Brossette,"July 1, 2017",2012,France,
46,Serdar Akar,"July 1, 2017",2016,Turkey,
A 2nd Chance,Clay Glen,"July 1, 2017",2011,Australia,
Against the Tide,,"July 1, 2017",2014,Singapore,
Amrapali,Lekh Tandon,"July 1, 2017",1966,India,
Barbie Life in the Dreamhouse,,"July 1, 2017",2012,"United States, Canada",
Breakout,,"July 1, 2017",2010,,
Hans Teeuwen: Real Rancour,Doesjka van Hoogdalem,"July 1, 2017",2018,Netherlands,
Intersection,,"July 1, 2017",2016,Turkey,
Lal Patthar,Sushil Majumdar,"July 1, 2017",1971,India,
Learning Songs by Little Baby Bum: Nursery Rhyme Friends,,"July 1, 2017",2015,United Kingdom,
Liar's Dice,Geetu Mohandas,"July 1, 2017",2013,India,
Mystic Whispers,,"July 1, 2017",2014,Singapore,
Professor,Lekh Tandon,"July 1, 2017",1962,India,
Spice Up,,"July 1, 2017",2014,,
The Invisible Guest,Paulo Oriol,"July 1, 2017",2016,Spain,
The Oath,,"July 1, 2017",2011,Singapore,
The Truth Seekers,,"July 1, 2017",2016,Singapore,
The Ultimatum,,"July 1, 2017",2009,Singapore,
Unriddle,,"July 1, 2017",2012,Singapore,
World at Your Feet,,"July 1, 2017",2014,Singapore,
Yaar Gaddar,Umesh Mehra,"July 1, 2017",1994,India,
Yes We Can!,,"July 1, 2017",2014,Singapore,
Yours Fatefully,,"July 1, 2017",2012,Singapore,
Zipi & Zape y la Isla del Capitan,Oskar Santos,"July 1, 2017",2016,Spain,
Criminal Minds,,"June 30, 2017",2017,"United States, Canada",
Gypsy,,"June 30, 2017",2017,"United States, United Kingdom",
Little Witch Academia,,"June 30, 2017",2017,Japan,
Okja,Bong Joon Ho,"June 28, 2017",2017,"South Korea, United States",
Chris D'Elia: Man on Fire,Bill D'Elia,"June 27, 2017",2017,United States,
I Am Michael,Justin Kelly,"June 26, 2017",2015,United States,
Nobody Speak: Trials of the Free Press,Brian Knappenberger,"June 23, 2017",2017,"Netherlands, United States",
You Get Me,Brent Bonacorso,"June 23, 2017",2017,United States,
Dangal,Nitesh Tiwari,"June 21, 2017",2016,India,
Young & Hungry,,"June 21, 2017",2017,United States,
Pac-Man and the Ghostly Adventures,,"June 20, 2017",2014,"United States, Japan, Canada",
Puss in Book: Trapped in an Epic Tale,"Roy Burdine, Johnny Castuciano","June 20, 2017",2017,United States,
Rory Scovel Tries Stand-Up for the First Time,Scott Moran,"June 20, 2017",2017,United States,
Aquarius,,"June 16, 2017",2016,United States,
Counterpunch,Jay Bulger,"June 16, 2017",2017,United States,
What the Health,"Kip Andersen, Keegan Kuhn","June 16, 2017",2017,United States,
World of Winx,Iginio Straffi,"June 16, 2017",2017,"Italy, United States",
Kanavu Variyam,Arun Chidambaram,"June 15, 2017",2017,India,
Marco Luque: Tamo Junto,Caio Cobra,"June 15, 2017",2017,Brazil,
The Russian Revolution,Cal Seville,"June 15, 2017",2017,United Kingdom,
"Oh, Hello On Broadway",Michael John Warren,"June 13, 2017",2017,United States,
28 Moons,,"June 10, 2017",2016,South Korea,
Magic Phone,,"June 10, 2017",2016,South Korea,
Man to Man,Chang-Min Lee,"June 10, 2017",2017,South Korea,
My Little Baby,,"June 10, 2017",2016,South Korea,
Singles Villa,,"June 10, 2017",2015,China,
Under the Black Moonlight,,"June 10, 2017",2016,South Korea,
My Only Love Song,,"June 9, 2017",2017,South Korea,
Shimmer Lake,Oren Uziel,"June 9, 2017",2017,"Canada, United States",
The Wishing Tree,Manika Sharma,"June 5, 2017",2017,India,
Headshot,"Timo Tjahjanto, Kimo Stamboel","June 3, 2017",2016,Indonesia,
1898: Our Last Men in the Philippines,Salvador Calvo,"June 2, 2017",2016,Spain,
Crashing,,"June 2, 2017",2016,United Kingdom,
Flaked,,"June 2, 2017",2017,United States,
Lucid Dream,Jun-seong Kim,"June 2, 2017",2017,South Korea,
Aashik Awara,Umesh Mehra,"June 1, 2017",1993,India,
Amelia: A Tale of Two Sisters,Edward Cotterill,"June 1, 2017",2017,United Kingdom,
Catfight,Onur Tukel,"June 1, 2017",2016,United States,
How to Stage a Coup,Cal Seville,"June 1, 2017",2017,United Kingdom,
Jackie: A Tale of Two Sisters,Edward Cotterill,"June 1, 2017",2017,United Kingdom,
Lens,Jayaprakash Radhakrishnan,"June 1, 2017",2015,India,
Little Boxes,Rob Meyer,"June 1, 2017",2016,United States,
Love.com,Anita Barbosa,"June 1, 2017",2017,Brazil,
Maya Memsaab,Ketan Mehta,"June 1, 2017",1993,"France, United Kingdom, India",
Michael Lost and Found,Daniel Wilner,"June 1, 2017",2017,"Canada, United States",
Mind Game,,"June 1, 2017",2015,Singapore,
Miniforce,,"June 1, 2017",2016,,
Off Camera,,"June 1, 2017",2015,United States,
Oh Darling Yeh Hai India,Ketan Mehta,"June 1, 2017",1995,India,
Prince,Lekh Tandon,"June 1, 2017",1969,India,
Qila,Umesh Mehra,"June 1, 2017",1998,India,
Smoke & Mirrors,Alberto Rodríguez,"June 1, 2017",2016,Spain,
The Day Will Come,,"June 1, 2017",2016,Denmark,
The Dream Job,,"June 1, 2017",2016,Singapore,
The Mitfords: A Tale of Two Sisters,Edward Cotterill,"June 1, 2017",2017,United Kingdom,
Without Gorky,Cosima Spender,"May 31, 2017",2011,United Kingdom,
Sarah Silverman A Speck of Dust,Liam Lynch,"May 30, 2017",2017,United States,
Rangoon,Vishal Bhardwaj,"May 29, 2017",2017,India,
Bloodline,,"May 26, 2017",2017,United States,
Joshua: Teenager vs. Superpower,Joe Piscatella,"May 26, 2017",2017,United States,
Raees,Rahul Dholakia,"May 26, 2017",2017,India,
War Machine,David Michôd,"May 26, 2017",2017,United States,
Arès,Jean-Patrick Benes,"May 23, 2017",2016,France,
Hasan Minhaj: Homecoming King,Christopher Storer,"May 23, 2017",2017,,
BLAME!,Hiroyuki Seshita,"May 19, 2017",2017,Japan,
Highland: Thailand's Marijuana Awakening,,"May 19, 2017",2017,Thailand,
Laerte-se,"Lygia Barbosa da Silva, Eliane Brum","May 19, 2017",2017,Brazil,
The Keepers,,"May 19, 2017",2017,United States,
Tracy Morgan: Staying Alive,Ryan Polito,"May 16, 2017",2017,United States,
Chamatkar,Rajiv Mehra,"May 15, 2017",1992,India,
Kabhi Haan Kabhi Naa,Kundan Shah,"May 15, 2017",1994,India,
Lovesong,So Yong Kim,"May 15, 2017",2016,United States,
Natascha Kampusch: The Whole Story,Alina Teodorescu,"May 15, 2017",2010,United States,
Ram Jaane,Rajiv Mehra,"May 15, 2017",1995,India,
The Devil's Mistress,Filip Renc,"May 15, 2017",2016,"Czech Republic, Slovakia",
Wild Oats,Andy Tennant,"May 13, 2017",2016,"Germany, United States",
All Hail King Julien: Exiled,,"May 12, 2017",2017,,
Get Me Roger Stone,"Dylan Bank, Daniel DiMauro, Morgan Pehme","May 12, 2017",2017,United States,
Mindhorn,Sean Foley,"May 12, 2017",2017,United Kingdom,
Sahara,Pierre Coré,"May 12, 2017",2017,"France, Canada",
"Norm Macdonald: Hitler's Dog, Gossip & Trickery",Liz Plonka,"May 9, 2017",2017,United States,
Handsome: A Netflix Mystery Movie,Jeff Garlin,"May 5, 2017",2017,United States,
Kazoops!,,"May 5, 2017",2017,Australia,
Simplemente Manu NNa,"Jan Suter, Raúl Campos","May 5, 2017",2017,Mexico,
The Mars Generation,Michael Barnett,"May 5, 2017",2017,United States,
Maria Bamford: Old Baby,Jessica Yu,"May 2, 2017",2017,United States,
A Yellow Bird,K. Rajagopal,"May 1, 2017",2016,"Singapore, France",
Chaahat,Mahesh Bhatt,"May 1, 2017",1996,India,
English Babu Desi Mem,Praveen Nischol,"May 1, 2017",1996,India,
He Even Has Your Eyes,Lucien Jean-Baptiste,"May 1, 2017",2016,"France, Belgium",
In the Shadow of Iris,Jalil Lespert,"May 1, 2017",2016,"France, Belgium",
JFK: The Making of a President,Edward Cotterill,"May 1, 2017",2017,United Kingdom,
Kiss & Cry,Sean Cisterna,"May 1, 2017",2017,Canada,
Loev,Sudhanshu Saria,"May 1, 2017",2015,India,
Mostly Sunny,Dilip Mehta,"May 1, 2017",2016,Canada,
The Next Skin,"Isaki Lacuesta, Isa Campo","May 1, 2017",2016,"Spain, Switzerland",
Casting JonBenet,Kitty Green,"April 28, 2017",2017,"United States, Australia, China",
Jumping Girl,,"April 28, 2017",2015,South Korea,
President,,"April 28, 2017",2010,South Korea,
Rodney King,Spike Lee,"April 28, 2017",2017,United States,
Small Crimes,Evan Katz,"April 28, 2017",2017,"Canada, United States",
What in the World Happened?,,"April 28, 2017",2015,South Korea,
Mar de Plástico,,"April 27, 2017",2017,Spain,
Dear Zindagi,Gauri Shinde,"April 25, 2017",2016,India,
Shepherds and Butchers,Oliver Schmitz,"April 25, 2017",2016,"South Africa, United States, Germany",
The 101-Year-Old Man Who Skipped Out on the Bill and Disappeared,"Felix Herngren, Måns Herngren","April 25, 2017",2016,Sweden,
Vir Das: Abroad Understanding,Marcus Raboy,"April 25, 2017",2017,United States,
Fangbone,,"April 22, 2017",2016,Canada,
Girlboss,,"April 21, 2017",2017,United States,
Hot Girls Wanted: Turned On,"Jill Bauer, Ronna Gradus, Rashida Jones","April 21, 2017",2017,United States,
Sand Castle,Fernando Coimbra,"April 21, 2017",2017,United States,
The Mr. Peabody and Sherman Show,,"April 21, 2017",2017,United States,
Tramps,Adam Leon,"April 21, 2017",2017,United States,
Lucas Brothers: On Drugs,Jay Chapman,"April 18, 2017",2017,United States,
Bibi & Tina,Detlev Buck,"April 15, 2017",2014,Germany,
Bibi & Tina II,Detlev Buck,"April 15, 2017",2014,Germany,
Bibi & Tina: Girls Versus Boys,Detlev Buck,"April 15, 2017",2016,Germany,
Slam,Andrea Molaioli,"April 15, 2017",2017,Italy,
The Wedding Party,Kemi Adetiba,"April 15, 2017",2016,Nigeria,
Arctic Heart,Marie Madinier,"April 14, 2017",2016,"France, Belgium",
Our Lovers,Miguel Ángel Lamata,"April 14, 2017",2016,Spain,
Sandy Wexler,Steven Brill,"April 14, 2017",2017,United States,
Macho,Antonio Serrano,"April 12, 2017",2016,Mexico,
Kevin Hart: What Now?,Leslie Small,"April 11, 2017",2016,United States,
Frat Star,"Grant S. Johnson, Ippsie Jones","April 10, 2017",2017,United States,
The Miracle,,"April 10, 2017",2016,South Korea,
The Get Down,,"April 7, 2017",2017,United States,
The Lighthouse of the Orcas,Gerardo Olivares,"April 7, 2017",2016,"Spain, Argentina",
Win It All,Joe Swanberg,"April 7, 2017",2017,United States,
Louis C.K. 2017,Louis C.K.,"April 4, 2017",2017,United States,
Burned Cocoon,,"April 1, 2017",2005,Turkey,
Couples Counseling,Alexandre Reinecke,"April 1, 2017",2016,Brazil,
Deuces,Jamal Hill,"April 1, 2017",2016,United States,
Elaan,K. Ramanlal,"April 1, 2017",1971,India,
Five Nights in Maine,Maris Curran,"April 1, 2017",2015,United States,
Killa,Avinash Arun,"April 1, 2017",2014,India,
Life 2.0,Jason Spingarn-Koff,"April 1, 2017",2010,United States,
Salaakhen,A. Salaam,"April 1, 2017",1975,India,
Skins,Eduardo Casanova,"April 1, 2017",2017,Spain,
The Tenth Man,Daniel Burman,"April 1, 2017",2016,Argentina,
Toro,Kike Maíllo,"April 1, 2017",2016,Spain,
Bridget Christie: Stand Up for Her,,"March 31, 2017",2016,United Kingdom,
Five Came Back,Laurent Bouzereau,"March 31, 2017",2017,,
Hoff the Record,Gordon Anderson,"March 31, 2017",2016,United Kingdom,
The Discovery,Charlie McDowell,"March 31, 2017",2017,United States,
Jo Koy: Live from Seattle,Shannon Hartman,"March 28, 2017",2017,United States,
Bottersnikes & Gumbles,,"March 24, 2017",2017,"United States, United Kingdom, Australia",
Felipe Neto: My Life Makes No Sense,Diego Pignataro,"March 24, 2017",2017,Brazil,
The C Word,Meghan O'Hara,"March 24, 2017",2016,United States,
The Most Hated Woman in America,Tommy O'Haver,"March 24, 2017",2017,United States,
Dave Chappelle,Stan Lathan,"March 21, 2017",2017,United States,
One-Punch Man,,"March 20, 2017",2015,Japan,
Best Worst Thing That Ever Could Have Happened,Lonny Price,"March 18, 2017",2016,United States,
Deidra & Laney Rob a Train,Sydney Freeland,"March 17, 2017",2017,United States,
Julie's Greenroom,,"March 17, 2017",2017,United States,
Outback Truckers,,"March 17, 2017",2015,Australia,
Pandora,Jung-woo Park,"March 17, 2017",2016,South Korea,
Samurai Gourmet,,"March 17, 2017",2017,Japan,
Howards End,James Ivory,"March 16, 2017",1992,"United Kingdom, Japan, United States",
Asoka,Santosh Sivan,"March 15, 2017",2001,India,
"Bon Cop, Bad Cop",Erik Canuel,"March 15, 2017",2006,Canada,
Notes on Blindness,"Peter Middleton, James Spinney","March 15, 2017",2016,United Kingdom,
One 2 Ka 4,Shashilal K. Nair,"March 15, 2017",2001,India,
Cheer Squad,,"March 14, 2017",2016,United States,
Jim Norton: Mouthful of Shame,Shannon Hartman,"March 14, 2017",2017,United States,
100 Meters,Marcel Barrena,"March 10, 2017",2016,"Portugal, Spain",
Buddy Thunderstruck,,"March 10, 2017",2017,United States,
Burning Sands,Gerard McMurray,"March 10, 2017",2017,United States,
One More Time,,"March 10, 2017",2016,South Korea,
The Butterfly's Dream,Yılmaz Erdoğan,"March 10, 2017",2013,Turkey,
Amy Schumer: The Leather Special,Amy Schumer,"March 7, 2017",2017,United States,
Love Is in the Air,,"March 1, 2017",2010,United Kingdom,
Nila,Selvamani Selvaraj,"March 1, 2017",2016,India,
Tong: Memories,,"March 1, 2017",2016,South Korea,
Mike Birbiglia: Thank God for Jokes,"Seth Barrish, Mike Birbiglia","February 28, 2017",2017,United States,
Force 2,Abhinay Deo,"February 27, 2017",2016,India,
Jonas,Lô Politi,"February 26, 2017",2015,Brazil,
Operações Especiais,Tomas Portella,"February 25, 2017",2015,Brazil,
I Don't Feel at Home in This World Anymore,Macon Blair,"February 24, 2017",2017,United States,
Legend Quest,,"February 24, 2017",2017,Mexico,
The Sound of Your Heart,,"February 24, 2017",2016,South Korea,
Love Me As I Am,,"February 22, 2017",2015,Turkey,
Trevor Noah: Afraid of the Dark,David Paul Meyer,"February 21, 2017",2017,United States,
Boy Missing,Mar Targarona,"February 19, 2017",2016,Spain,
Growing Up Wild,Keith Scholey,"February 19, 2017",2016,United States,
Tini: The New Life of Violetta,Juan Pablo Buscarini,"February 19, 2017",2016,"Spain, Italy, Argentina",
Love for Ten: Generation of Youth,,"February 17, 2017",2013,South Korea,
Rocky Handsome,Nishikant Kamat,"February 17, 2017",2016,India,
A Heavy Heart,Thomas Stuber,"February 15, 2017",2015,Germany,
Nightmare High,,"February 15, 2017",2016,South Korea,
Rush: Beyond the Lighted Stage,"Sam Dunn, Scot McFadyen","February 15, 2017",2010,Canada,
Spark,,"February 15, 2017",2016,South Korea,
The Fury of a Patient Man,Raúl Arévalo,"February 15, 2017",2016,Spain,
The Memory of Water,Matías Bize,"February 15, 2017",2015,"Chile, Spain, Argentina, Germany",
Girlfriend's Day,Michael Paul Stephenson,"February 14, 2017",2017,United States,
Katherine Ryan: In Trouble,Colin Dench,"February 14, 2017",2017,United Kingdom,
White Nights,,"February 14, 2017",2016,South Korea,
Cyborg 009: Call of Justice,,"February 10, 2017",2017,Japan,
David Brent: Life on the Road,Ricky Gervais,"February 10, 2017",2016,"United Kingdom, United States",
Grillo vs Grillo,,"February 10, 2017",2017,Italy,
Hitler - A Career,"Joachim Fest, Christian Herrendoerfer","February 10, 2017",1977,West Germany,
"Michael Bolton's Big, Sexy Valentine's Day Special","Scott Aukerman, Akiva Schaffer","February 7, 2017",2017,United States,
Daniel Sosa: Sosafado,"Raúl Campos, Jan Suter","February 3, 2017",2017,Mexico,
Imperial Dreams,Malik Vitthal,"February 3, 2017",2014,United States,
Dilwale,Rohit Shetty,"February 1, 2017",2015,India,
Happy New Year,Farah Khan,"February 1, 2017",2014,India,
Haraamkhor,Shlok Sharma,"February 1, 2017",2015,India,
Heroes Wanted,Joaquín Mazón,"February 1, 2017",2016,Spain,
The Reconquest,Jonás Trueba,"February 1, 2017",2016,Spain,
Zapped,Peter DeLuise,"February 1, 2017",2014,"Canada, United States",
Bill Burr: Walk Your Way Out,Jay Karas,"January 31, 2017",2017,United States,
Semana Santa,Alejandra Márquez Abella,"January 31, 2017",2015,Mexico,
Journey to Greenland,Sébastien Betbeder,"January 29, 2017",2016,France,
IBOY,Adam Randall,"January 27, 2017",2017,United Kingdom,
O Silêncio do Céu,Marco Dutra,"January 25, 2017",2016,Brazil,
Cristela Alonzo: Lower Classy,Marcus Raboy,"January 24, 2017",2017,United States,
Gad Gone Wild,Mario Rouleau,"January 23, 2017",2017,France,
Pink,Aniruddha Roy Chowdhury,"January 20, 2017",2016,India,
Take the 10,Chester Tam,"January 20, 2017",2017,United States,
Neal Brennan: 3 Mics,Neal Brennan,"January 17, 2017",2017,United States,
Berlin Calling,Hannes Stöhr,"January 15, 2017",2008,Germany,
Sarajevo,Andreas Prochaska,"January 15, 2017",2014,"Austria, Czech Republic",
Stereo,Maximilian Erlenwein,"January 15, 2017",2014,Germany,
We Are Young. We Are Strong.,Burhan Qurbani,"January 15, 2017",2014,Germany,
Casablancas: The Man Who Loved Women,Hubert Woroniecki,"January 13, 2017",2016,France,
Clinical,Alistair Legrand,"January 13, 2017",2017,United States,
Very Big Shot,Mir-Jean Bou Chaaya,"January 12, 2017",2015,"Lebanon, Qatar",
Jim Gaffigan: Cinco,Jeannie Gaffigan,"January 10, 2017",2017,United States,
We're Lalaloopsy,,"January 10, 2017",2017,United States,
Under the Shadow,Babak Anvari,"January 7, 2017",2016,"United Kingdom, Jordan, Qatar, Iran",
Coin Heist,Emily Hagins,"January 6, 2017",2017,United States,
LEGO: Marvel Super Heroes: Maximum Overload,Greg Richardson,"January 6, 2017",2013,United States,
Rampage: President Down,Uwe Boll,"January 5, 2017",2016,Canada,
Marvel's Hulk: Where Monsters Dwell,Mitch Schauer,"January 4, 2017",2016,United States,
Jen Kirkman: Just Keep Livin’?,Lance Bangs,"January 3, 2017",2017,United States,
Autohead,Rohit Mittal,"January 1, 2017",2016,India,
Bee Movie,"Steve Hickner, Simon J. Smith","January 1, 2017",2007,United States,
Headwinds,Jalil Lespert,"January 1, 2017",2011,"France, Belgium",
Star Trek: Deep Space Nine,,"January 1, 2017",1999,United States,
Udta Punjab,Abhishek Chaubey,"January 1, 2017",2016,India,
Mr. Pig,Diego Luna,"December 31, 2016",2016,Mexico,
My Runway,,"December 30, 2016",2016,South Korea,
AJIN: Demi-Human,,"December 27, 2016",2016,Japan,
Chasing Cameron,,"December 27, 2016",2016,United States,
07:19,Jorge Michel Grau,"December 23, 2016",2016,Mexico,
Garfunkel and Oates: Trying to be Special,"Riki Lindhome, Jeremy Konner","December 23, 2016",2016,United States,
Sense8,,"December 23, 2016",2018,United States,
A Christmas Special: Miraculous: Tales of Ladybug & Cat Noir,Thomas Astruc,"December 20, 2016",2016,"France, South Korea, Japan",
Gabriel lglesias: I’m Sorry For What I Said When I Was Hungry,Manny Rodriguez,"December 20, 2016",2016,United States,
Barry,Vikram Gandhi,"December 16, 2016",2016,United States,
Crazyhead,,"December 16, 2016",2016,United Kingdom,
Sister Cities,Sean Hanish,"December 16, 2016",2016,United States,
3 Türken & ein Baby,Sinan Akkuş,"December 15, 2016",2015,Germany,
Color of Woman,,"December 15, 2016",2012,South Korea,
Eddie - Strongman,Matt Bell,"December 15, 2016",2015,United Kingdom,
Goodbye My Wife,,"December 15, 2016",2012,South Korea,
Happy And,,"December 15, 2016",2012,South Korea,
Heaven's Garden,,"December 15, 2016",2011,South Korea,
Ice Fantasy,,"December 15, 2016",2016,China,
Immortal Classic,,"December 15, 2016",2012,South Korea,
InuYasha,,"December 15, 2016",2001,Japan,
K-POP Extreme Survival,,"December 15, 2016",2012,South Korea,
Merlin,James Hawes,"December 15, 2016",2012,United Kingdom,
Miss Panda & Mr. Hedgehog,,"December 15, 2016",2012,South Korea,
Sand Storm,Elite Zexer,"December 15, 2016",2016,"Israel, Germany, France",
Tokyo Trial,,"December 13, 2016",2017,"Canada, Japan, Netherlands",
Ricardo O'Farrill: Abrazo navideño,"Raúl Campos, Jan Suter","December 12, 2016",2016,Mexico,
Asperger's Are Us,Alex Lehmann,"December 11, 2016",2016,United States,
Captive,,"December 9, 2016",2016,United Kingdom,
Mariah Carey's Merriest Christmas,James Yukich,"December 9, 2016",2015,United States,
Spectral,Nic Mathieu,"December 9, 2016",2016,"United States, Hungary",
White Rabbit Project,,"December 9, 2016",2016,United States,
Miss in Kiss,,"December 8, 2016",2016,Taiwan,
Other People,Chris Kelly,"December 8, 2016",2016,United States,
The Cuba Libre Story,,"December 8, 2016",2015,"France, Germany",
Blue Jay,Alex Lehmann,"December 6, 2016",2016,United States,
One in a Billion,Roman Gackowski,"December 6, 2016",2016,United States,
Reggie Watts: Spatial,Benjamin Dickinson,"December 6, 2016",2016,United States,
From Dusk Till Dawn,,"December 5, 2016",2016,United States,
Mercenary,Sacha Wolff,"December 4, 2016",2016,France,
Lost & Found Music Studios,,"December 3, 2016",2016,Canada,
For the Love of Spock,Adam Nimoy,"December 2, 2016",2016,"Canada, United States",
White Girl,Elizabeth Wood,"December 2, 2016",2016,United States,
#Rucker50,Robert McCullough Jr.,"December 1, 2016",2016,United States,
1000 Rupee Note,Shrihari Sathe,"December 1, 2016",2014,India,
Across Grace Alley,Ralph Macchio,"December 1, 2016",2013,United States,
Asu Mare 2,Ricardo Maldonado,"December 1, 2016",2015,Peru,
Back to 1989,,"December 1, 2016",2016,Taiwan,
Bromance,,"December 1, 2016",2015,Taiwan,
Interrogation,Vetrimaaran,"December 1, 2016",2015,India,
Rainbow Time,Linas Phillips,"December 1, 2016",2016,United States,
Refresh Man,,"December 1, 2016",2016,Taiwan,
Richard Pryor: Live in Concert,Jeff Margolis,"December 1, 2016",1979,United States,
The Violin Player,Bauddhayan Mukherji,"December 1, 2016",2016,India,
Beauties of the Night,María Jose Cuevas,"November 25, 2016",2016,Mexico,
Gilmore Girls: A Year in the Life,,"November 25, 2016",2016,United States,
Michael Che Matters,Oz Rodriguez,"November 25, 2016",2016,United States,
Mercy,Chris Sparling,"November 22, 2016",2016,United States,
The Land of Cards,Qaushiq Mukherjee,"November 22, 2016",2012,India,
Carlos Ballarta: El amor es de putos,"Jan Suter, Raúl Campos Delgado","November 21, 2016",2016,Mexico,
Donald Glover: Weirdo,"Shannon Hartman, Michelle Caputo","November 19, 2016",2012,United States,
Colin Quinn: The New York Story,Jerry Seinfeld,"November 18, 2016",2016,United States,
Divines,Houda Benyamina,"November 18, 2016",2016,"France, Qatar",
La Niña,,"November 18, 2016",2016,Colombia,
Paranoid,,"November 17, 2016",2016,United Kingdom,
Dieter Nuhr: Nuhr in Berlin,Volker Weicker,"November 15, 2016",2016,Germany,
Mumbai Cha Raja,Manjeet Singh,"November 15, 2016",2012,India,
True Memoirs of an International Assassin,Jeff Wadlow,"November 11, 2016",2016,United States,
Einsatzgruppen: The Nazi Death Squads,,"November 10, 2016",2009,France,
Kathleen Madigan: Bothering Jesus,Lorene Machado,"November 10, 2016",2016,United States,
Case,,"November 9, 2016",2015,Iceland,
Danger Mouse,,"November 9, 2016",2016,United Kingdom,
"Dana Carvey: Straight White Male, 60",Marcus Raboy,"November 4, 2016",2016,United States,
The Ivory Game,"Kief Davidson, Richard Ladkani","November 4, 2016",2016,Austria,
A Grand Night In: The Story of Aardman,Richard Mears,"November 1, 2016",2015,United Kingdom,
Inborn Pair,,"November 1, 2016",2011,Taiwan,
Just You,,"November 1, 2016",2013,Taiwan,
Love Around,,"November 1, 2016",2013,Taiwan,
Love Family,,"November 1, 2016",2013,Taiwan,
Love Me or Leave Me,,"November 1, 2016",2012,Taiwan,
Love Now,,"November 1, 2016",2012,Taiwan,
Norman Lear: Just Another Version of You,"Heidi Ewing, Rachel Grady","November 1, 2016",2016,United States,
Santa Pac's Merry Berry Day,Moto Sakakibara,"November 1, 2016",2016,,
Spanish Affair 2,Emilio Martínez Lázaro,"November 1, 2016",2015,Spain,
Pup Star,Robert Vince,"October 29, 2016",2016,Canada,
I Am the Pretty Thing That Lives in the House,Osgood Perkins,"October 28, 2016",2016,"Canada, United States",
Into the Inferno,Werner Herzog,"October 28, 2016",2016,"United Kingdom, Germany, Canada",
The African Doctor,Julien Rambaldi,"October 28, 2016",2016,France,
They Are Everywhere,Yvan Attal,"October 28, 2016",2016,"France, Belgium",
Trailer Park Boys: Out of the Park: Europe,,"October 28, 2016",2016,Canada,
West Coast,Benjamin Weill,"October 28, 2016",2016,France,
7 años,Roger Gual,"October 27, 2016",2016,Spain,
Containment,,"October 21, 2016",2016,United States,
Joe Rogan: Triggered,Anthony Giordano,"October 21, 2016",2016,United States,
A Mighty Team,Thomas Sorriaux,"October 15, 2016",2016,France,
Berserk: The Golden Age Arc I - The Egg of the King,Toshiyuki Kubooka,"October 15, 2016",2012,Japan,
Bleach The Movie: Fade to Black,Noriyuki Abe,"October 15, 2016",2008,Japan,
Bleach the Movie: Hell Verse,Noriyuki Abe,"October 15, 2016",2010,Japan,
Blind Date,Clovis Cornillac,"October 15, 2016",2015,France,
DEATH NOTE,,"October 15, 2016",2006,Japan,
Spotless,,"October 15, 2016",2015,"United Kingdom, France",
Vampire Knight,,"October 15, 2016",2008,Japan,
Sky Ladder: The Art of Cai Guo-Qiang,Kevin MacDonald,"October 14, 2016",2016,United States,
Mascots,Christopher Guest,"October 13, 2016",2016,United States,
Justin Timberlake + the Tennessee Kids,Jonathan Demme,"October 12, 2016",2016,United States,
13TH,Ava DuVernay,"October 7, 2016",2016,United States,
Russell Peters: Almost Famous,Dave Higby,"October 7, 2016",2016,United States,
StoryBots Super Songs,,"October 7, 2016",2016,United States,
The Siege of Jadotville,Richie Smyth,"October 7, 2016",2016,"Ireland, South Africa",
LEGO Jurassic World: The Indominus Escape,Michael D. Black,"October 4, 2016",2016,United States,
Be with Me,,"October 1, 2016",2015,Taiwan,
Be with You,,"October 1, 2016",2015,Taiwan,
Bombshell,Riccardo Pilizzeri,"October 1, 2016",2016,New Zealand,
Chatô: The King of Brazil,Guilherme Fontes,"October 1, 2016",2015,Brazil,
Fall in Love with Me,,"October 1, 2016",2014,Taiwan,
Harud,Aamir Bashir,"October 1, 2016",2010,India,
Love Cheque Charge,,"October 1, 2016",2014,Taiwan,
Masha's Spooky Stories,,"October 1, 2016",2012,"United States, Russia",
Much Ado About Nothing,Alejandro Fernández Almendras,"October 1, 2016",2016,"Chile, United States, France",
Murphy's Law of Love,,"October 1, 2016",2015,Taiwan,
My Big Night,Álex de la Iglesia,"October 1, 2016",2015,Spain,
My Little Pony Equestria Girls: Legend of Everfree,Ishi Rudell,"October 1, 2016",2016,"United States, Canada",
Old Money,David Schalko,"October 1, 2016",2015,United States,
Pac's Scary Halloween,,"October 1, 2016",2016,,
Riphagen - The Untouchable,Pieter Kuijpers,"October 1, 2016",2016,Netherlands,
Someone Like You,,"October 1, 2016",2015,Taiwan,
Umrika,Prashant Nair,"October 1, 2016",2015,India,
Unchained: The Untold Story of Freestyle Motocross,"Paul Taublieb, Jon Freeman","October 1, 2016",2016,United States,
Welcome Mr. President,Riccardo Milani,"October 1, 2016",2013,Italy,
When I See You Again,,"October 1, 2016",2015,Taiwan,
Amanda Knox,"Rod Blackhurst, Brian McGinn","September 30, 2016",2016,"Denmark, United States",
Audrie & Daisy,"Bonni Cohen, Jon Shenk","September 23, 2016",2016,United States,
Iliza Shlesinger: Confirmed Kills,Bobcat Goldthwait,"September 23, 2016",2016,United States,
VeggieTales in the House,,"September 23, 2016",2016,United States,
"Karol Modzelewski, Łukasz „Lotek” Lodkowski No Offense",,"September 19, 2016",2016,,
"Katarzyna Piasecka, Rafał Pacześ Seriously Funny",,"September 19, 2016",2016,,
"Mariusz Kałamaga, Karol Kopiec, Wiolka Walaszczyk Hilarious Trio",,"September 19, 2016",2016,,
"Rafał Banaś, Michał Leja Laugh out Loud",,"September 19, 2016",2016,,
The Best of Rafał Rutkowski Olka Szczęśniak,,"September 19, 2016",2016,,
"Tomasz Jachimek, Jacek Stramik Laugh at Live",,"September 19, 2016",2016,,
ARQ,Tony Elliott,"September 16, 2016",2016,"Canada, United States",
Cedric the Entertainer: Live from the Ville,Troy Miller,"September 16, 2016",2016,United States,
Louis C.K.: Hilarious,Louis C.K.,"September 16, 2016",2010,United States,
The White Helmets,Orlando von Einsiedel,"September 16, 2016",2016,United Kingdom,
Sample This,Dan Forrer,"September 15, 2016",2012,United States,
Extremis,Dan Krauss,"September 13, 2016",2016,United States,
Jandino: Whatever it Takes,,"September 9, 2016",2016,United Kingdom,
Chef's Table: France,,"September 2, 2016",2016,,
Kulipari: An Army of Frogs,,"September 2, 2016",2016,United States,
Conspiracy,,"September 1, 2016",2015,United Kingdom,
Dead Set,,"September 1, 2016",2008,United Kingdom,
Forensic Files,,"September 1, 2016",2011,United States,
Saudi Arabia Uncovered,,"September 1, 2016",2016,United Kingdom,
The Fierce Wife,,"September 1, 2016",2010,Taiwan,
Witches: A Century of Murder,,"September 1, 2016",2015,United Kingdom,
Glitter Force,,"August 26, 2016",2016,Japan,
Jeff Foxworthy and Larry the Cable Guy: We’ve Been Thinking...,Jay Karas,"August 26, 2016",2016,United States,
XOXO,Christopher Louie,"August 26, 2016",2016,United States,
I'll Sleep When I'm Dead,Justin Krook,"August 19, 2016",2016,United States,
Behind Enemy Lines,,"August 15, 2016",2001,United States,
Caught on Camera,,"August 15, 2016",2015,United Kingdom,
Louis C.K.: Live at the Comedy Store,Louis C.K.,"August 15, 2016",2015,United States,
Real Crime: Supermarket Heist (Tesco Bomber),,"August 15, 2016",2010,United Kingdom,
Jim Gaffigan: Beyond the Pale,Michael Drumm,"August 11, 2016",2005,United States,
Jim Gaffigan: King Baby,Troy Miller,"August 11, 2016",2009,United States,
Jim Gaffigan: Mr. Universe,Jay Karas,"August 11, 2016",2012,United States,
Jim Gaffigan: Obsessed,Jay Chapman,"August 11, 2016",2014,United States,
David Cross: Making America Great Again!,Alex Coletti,"August 5, 2016",2016,United States,
Lavell Crawford: Can a Brother Get Some Love?,Michael Drumm,"August 2, 2016",2011,United States,
Children of God,John Smithson,"August 1, 2016",1994,United Kingdom,
Cocaine,,"August 1, 2016",2005,United Kingdom,
Edge of the Universe,,"August 1, 2016",2008,United Kingdom,
Interview with a Serial Killer,Christopher Martin,"August 1, 2016",2008,United States,
La Esclava Blanca,,"August 1, 2016",2016,Colombia,
Real Crime: Diamond Geezers,Tom Whitter,"August 1, 2016",2008,United Kingdom,
LEGO Bionicle: The Journey to One,,"July 29, 2016",2016,United States,
Tallulah,Sian Heder,"July 29, 2016",2016,United States,
Popples,,"July 24, 2016",2016,"United States, France",
Rebirth,Karl Mueller,"July 15, 2016",2016,United States,
Tony Robbins: I Am Not Your Guru,Joe Berlinger,"July 15, 2016",2016,United States,
Gridlocked,Allan Ungar,"July 14, 2016",2015,Canada,
Brahman Naman,Qaushiq Mukherjee,"July 6, 2016",2016,"India, United Kingdom",
Kuromukuro,Tensai Okamura,"July 4, 2016",2016,Japan,
Jim Jefferies: Freedumb,Ryan Polito,"July 1, 2016",2016,United States,
Marco Polo,,"July 1, 2016",2016,United States,
X: Past Is Present,"Hemant Gaba, Pratim D. Gupta, Sudhish Kamath, Nalan Kumarasamy, Anu Menon, Sandeep Mohan, Qaushiq Mukherjee, Rajshree Ojha, Raja Sen, Abhinav Shiv Tiwari, Suparn Verma","July 1, 2016",2015,India,
Justin Time GO!,,"June 24, 2016",2016,,
Sofía Niño de Rivera: Exposed,"Raúl Campos, Jan Suter","June 24, 2016",2016,Mexico,
The Fundamentals of Caring,Rob Burnett,"June 24, 2016",2016,United States,
Ip Man 3,Wilson Yip,"June 18, 2016",2015,"China, Hong Kong",
Bo Burnham: Make Happy,"Bo Burnham, Christopher Storer","June 3, 2016",2016,United States,
Hibana: Spark,,"June 2, 2016",2016,Japan,
72 Cutest Animals,,"June 1, 2016",2016,Australia,
72 Dangerous Places to Live,,"June 1, 2016",2016,Australia,
The Do-Over,Steven Brill,"May 27, 2016",2016,United States,
Ali Wong: Baby Cobra,Jay Karas,"May 6, 2016",2016,United States,
Special Correspondents,Ricky Gervais,"April 29, 2016",2016,"Canada, United Kingdom, United States",
Team Foxcatcher,Jon Greenhalgh,"April 29, 2016",2016,United States,
Patton Oswalt: Talking for Clapping,,"April 22, 2016",2016,United States,
Belgica,"Felix Van Groeningen, Felix van Groeningen","April 15, 2016",2016,"Belgium, France, Netherlands",
Hush,Mike Flanagan,"April 8, 2016",2016,United States,
Cyborg 009 VS Devilman,,"April 1, 2016",2015,"Japan, United States",
Frank and Cindy,G.J. Echternkamp,"April 1, 2016",2007,United States,
Justin Time,,"April 1, 2016",2012,Canada,
Terrace House: Boys & Girls in the City,,"April 1, 2016",2016,Japan,
Kung Fu Panda: Secrets of the Scroll,Rodolphe Guenoden,"March 25, 2016",2016,United States,
He Never Died,Jason Krawczyk,"March 18, 2016",2015,Canada,
Jimmy Carr: Funny Business,Sam Wrench,"March 18, 2016",2016,United Kingdom,
My Beautiful Broken Brain,"Sophie Robinson, Lotje Sodderland","March 18, 2016",2016,United Kingdom,
Pee-wee's Big Holiday,John Lee,"March 18, 2016",2016,United States,
Netflix Presents: The Characters,,"March 11, 2016",2016,United States,
Your lie in April,,"March 1, 2016",2014,Japan,
"Crouching Tiger, Hidden Dragon: Sword of Destiny",Yuen Wo-Ping,"February 26, 2016",2016,"China, United States",
Marvel Super Hero Adventures: Frost Fight!,Mitch Schauer,"February 24, 2016",2015,United States,
Cooked,,"February 19, 2016",2016,United States,
Care Bears & Cousins,,"February 5, 2016",2016,United States,
Hannibal Buress: Comedy Camisado,Lance Bangs,"February 5, 2016",2016,United States,
Turbo FAST,,"February 5, 2016",2016,United States,
Masha's Tales,,"February 1, 2016",2012,,
Chelsea Does,,"January 23, 2016",2016,United States,
Ricardo O'Farrill Abrazo Genial,"Raúl Campos, Jan Suter","January 22, 2016",2016,Mexico,
Ip Man,Wilson Yip,"January 15, 2016",2008,"Hong Kong, China",
Ip Man 2,Wilson Yip,"January 15, 2016",2010,"Hong Kong, China",
Tom Segura: Mostly Stories,Jay Karas,"January 8, 2016",2016,United States,
Marco Polo: One Hundred Eyes,Alik Sakharov,"December 26, 2015",2015,United States,
Sammy & Co,,"December 25, 2015",2014,France,
Mike Epps: Don't Take It Personal,L. Frazier,"December 18, 2015",2015,United States,
The Ridiculous 6,Frank Coraci,"December 11, 2015",2015,United States,
"Trailer Park Boys: Drunk, High and Unemployed: Live in Austin","Gary Howsam, Mike Smith, John Paul Tremblay, Robb Wells","December 9, 2015",2015,Canada,
A Very Murray Christmas,Sofia Coppola,"December 4, 2015",2015,United States,
Atelier,,"December 1, 2015",2015,Japan,
Naomi and Ely's No Kiss List,Kristin Hanggi,"November 18, 2015",2015,United States,
John Mulaney: The Comeback Kid,Rhys Thomas,"November 13, 2015",2015,United States,
W/ Bob & David,,"November 13, 2015",2015,United States,
Manson Family Vacation,J. Davis,"October 27, 2015",2015,United States,
Walt Disney Animation Studios Short Films Collection,"Chris Buck, Jennifer Lee, Patrick Osborne, Lauren MacMullan, John Kahrs, Nathan Greno, Byron Howard, Stevie Wermers, Dean Wellins, Kevin Deters, Roger Allers, Mike Gabriel, Mark Henn","October 25, 2015",2015,United States,
Hemlock Grove,Eli Roth,"October 23, 2015",2015,United States,
Results,Andrew Bujalski,"October 22, 2015",2015,United States,
Anthony Jeselnik: Thoughts and Prayers,Adam Dubin,"October 16, 2015",2015,United States,
Beasts of No Nation,Cary Joji Fukunaga,"October 16, 2015",2015,United States,
Circle,"Aaron Hann, Mario Miscione","October 16, 2015",2015,United States,
Winter on Fire: Ukraine's Fight for Freedom,Evgeny Afineevsky,"October 9, 2015",2015,"United Kingdom, Ukraine, United States",
Anjelah Johnson: Not Fancy,Jay Karas,"October 2, 2015",2015,United States,
Wakfu: The Quest for the Six Eliatrope Dofus,,"October 1, 2015",2014,,
Keith Richards: Under the Influence,Morgan Neville,"September 18, 2015",2015,United States,
Cowspiracy: The Sustainability Secret,"Kip Andersen, Keegan Kuhn","September 15, 2015",2014,United States,
6 Years,Hannah Fidell,"September 8, 2015",2015,United States,
Demetri Martin: Live (At the Time),Jay Karas,"August 14, 2015",2015,United States,
Wet Hot American Summer,,"July 31, 2015",2015,United States,
Tig,"Kristina Goolsby, Ashley York","July 17, 2015",2015,United States,
H2O: Mermaid Adventures,,"July 15, 2015",2015,"Germany, Australia, France, China",
Creep,Patrick Brice,"July 14, 2015",2014,United States,
Chris Tucker Live,Phil Joanou,"July 10, 2015",2015,United States,
Ralphie May: Imperfectly Yours,Anthony Pierce,"June 29, 2015",2015,United States,
"What Happened, Miss Simone?",Liz Garbus,"June 26, 2015",2015,United States,
Advantageous,Jennifer Phang,"June 23, 2015",2015,United States,
Danger Mouse: Classic Collection,,"June 15, 2015",1992,United Kingdom,
The Perfect Dictatorship,Luis Estrada,"June 1, 2015",2014,Mexico,
Hot Girls Wanted,"Jill Bauer, Ronna Gradus","May 29, 2015",2015,United States,
Jen Kirkman: I'm Gonna Die Alone (And I Feel Fine),Lance Bangs,"May 22, 2015",2015,United States,
The Other One: The Long Strange Trip of Bob Weir,Mike Fleiss,"May 22, 2015",2015,United States,
Chris D'Elia: Incorrigible,Bill D'Elia,"April 17, 2015",2015,United States,
Oscar's Oasis,,"March 15, 2015",2011,France,
Aziz Ansari Live at Madison Square Garden,Aziz Ansari,"March 6, 2015",2015,United States,
My Own Man,David Sampliner,"March 6, 2015",2015,United States,
Ralphie May: Unruly,John Asher,"February 27, 2015",2015,United States,
Virunga: Gorillas in Peril,,"February 13, 2015",2015,United States,
Iliza Shlesinger: Freezing Hot,,"January 23, 2015",2015,,
BoJack Horseman Christmas Special: Sabrina's Christmas Wish,,"December 19, 2014",2014,United States,
Bill Burr: I'm Sorry You Feel That Way,Jay Karas,"December 5, 2014",2014,United States,
Lilyhammer,,"November 21, 2014",2014,"Norway, United States",
Goosebumps,,"November 19, 2014",1998,Canada,
Chelsea Peretti: One of the Greats,Lance Bangs,"November 14, 2014",2014,United States,
Virunga,Orlando von Einsiedel,"November 7, 2014",2014,"United Kingdom,",
E-Team,"Katy Chevigny, Ross Kauffman","October 24, 2014",2014,United States,
Wyatt Cenac: Brooklyn,Wyatt Cenac,"October 21, 2014",2014,United States,
Chelsea Handler: Uganda Be Kidding Me Live,James Yukich,"October 10, 2014",2014,United States,
Print the Legend,"Luis Lopez, Clay Tweel","September 26, 2014",2014,United States,
Mission Blue,"Robert Nixon, Fisher Stevens","August 15, 2014",2014,"United States, Bermuda, Ecuador",
The Battered Bastards of Baseball,"Chapman Way, Maclain Way","July 11, 2014",2014,United States,
From One Second to the Next,Werner Herzog,"April 15, 2014",2013,United States,
The Borgias,,"February 1, 2014",2013,"United States, Hungary, Ireland, Canada",
Mitt,Greg Whiteley,"January 24, 2014",2014,United States,
The Square,Jehane Noujaim,"January 17, 2014",2013,"United Kingdom, Egypt, United States",
Shrek the Musical,Jason Moore,"December 29, 2013",2013,United States,
The Short Game,Josh Greenbaum,"December 12, 2013",2013,United States,
Aziz Ansari: Buried Alive,"Will Lovelace, Dylan Southern","November 1, 2013",2013,United States,
The 4400,,"September 1, 2013",2007,"United States, United Kingdom",
Breaking Bad,,"August 2, 2013",2013,United States,
Being Elmo: A Puppeteer's Journey,Constance Marks,"February 21, 2012",2011,United States,
A Stoning in Fulham County,Larry Elikann,"October 1, 2011",1988,United States,
Adam: His Song Continues,Robert Markowitz,"October 1, 2011",1986,United States,
Hard Lessons,Eric Laneuville,"October 1, 2011",1986,United States,
In Defense of a Married Man,Joel Oliansky,"October 1, 2011",1990,United States,
Quiet Victory: The Charlie Wedemeyer Story,Roy Campanella II,"October 1, 2011",1988,United States,
Strange Voices,Arthur Allan Seidelman,"October 1, 2011",1987,United States,
The Ryan White Story,John Herzfeld,"October 1, 2011",1989,United States,
Too Young the Hero,Buzz Kulik,"October 1, 2011",1988,United States,
Triumph of the Heart,Richard Michaels,"October 1, 2011",1991,United States,
Unspeakable Acts,Linda Otto,"October 1, 2011",1990,United States,
Victim of Beauty,Roger Young,"October 1, 2011",1991,United States,
Joseph: King of Dreams,"Rob LaDuca, Robert C. Ramirez","September 27, 2011",2000,"United States, France, United Kingdom",
Even the Rain,Icíar Bollaín,"May 17, 2011",2010,"Spain, Mexico, France",
Splatter,Joe Dante,"November 18, 2009",2009,United States,
Just Another Love Story,Ole Bornedal,"May 5, 2009",2007,Denmark,
To and From New York,Sorin Dan Mihalcescu,"January 1, 2008",2006,United States,
9,Shane Acker,"November 16, 2017",2009,United States,
21,Robert Luketic,"January 1, 2020",2008,United States,
187,Kevin Reynolds,"November 1, 2019",1997,United States,
706,Shravan Kumar,"April 1, 2019",2019,India,
1920,Vikram Bhatt,"December 15, 2017",2008,India,
Oct-01,Kunle Afolayan,"September 1, 2019",2014,Nigeria,
Feb-09,,"March 20, 2019",2018,,
22-Jul,Paul Greengrass,"October 10, 2018",2018,"Norway, Iceland, United States",
15-Aug,Swapnaneel Jayakar,"March 29, 2019",2019,India,
'89,,"May 16, 2018",2017,United Kingdom,
​Goli Soda 2,Vijay Milton,"September 15, 2018",2018,India,
​Maj Rati ​​Keteki,Santwana Bardoloi,"September 15, 2018",2017,India,
​Mayurakshi,Atanu Ghosh,"September 15, 2018",2017,India,
(T)ERROR,"Lyric R. Cabral, David Felix Sutcliffe","June 30, 2016",2015,United States,
#cats_the_mewvie,Michael Margolis,"February 5, 2020",2020,Canada,
#Roxy,Michael Kennedy,"April 10, 2019",2018,Canada,
แผนร้ายนายเจ้าเล่ห์,,"March 30, 2019",2016,,
Ég man þig,Óskar Thór Axelsson,"March 27, 2018",2017,Iceland,
Çok Filim Hareketler Bunlar,Ozan Açıktan,"March 10, 2017",2010,Turkey,
Æon Flux,Karyn Kusama,"February 1, 2018",2005,United States,
Şubat,,"January 17, 2017",2013,Turkey,
1 Chance 2 Dance,Adam Deyoe,"July 1, 2017",2014,United States,
1 Mile to You,Leif Tilden,"July 7, 2017",2017,United States,
"10,000 B.C.",Roland Emmerich,"June 1, 2019",2008,"United States, South Africa",
100 Days Of Solitude,,"July 6, 2018",2018,Spain,
100 Years: One Woman's Fight for Justice,Melinda Janko,"March 20, 2018",2016,United States,
100% Hotter,,"November 1, 2019",2017,United Kingdom,
12 ROUND GUN,Sam Upton,"March 14, 2019",2017,United States,
12 Years Promise,,"May 22, 2017",2014,South Korea,
13 Cameras,Victor Zarcoff,"August 13, 2016",2015,United States,
13 Sins,Daniel Stamm,"January 13, 2019",2014,United States,
13TH: A Conversation with Oprah Winfrey & Ava DuVernay,,"January 26, 2017",2017,,
14 Blades,Daniel Lee,"April 3, 2019",2010,"Hong Kong, China, Singapore",
14 Cameras,"Scott Hussion, Seth Fuller","October 27, 2018",2018,United States,
16 Blocks,Richard Donner,"November 1, 2019",2006,"United States, Germany",
17 Again,Burr Steers,"January 1, 2021",2009,United States,
1BR,David Marmor,"August 23, 2020",2019,United States,
1st Summoning,Raymond Wood,"July 26, 2019",2018,United States,
20 Feet From Stardom,Morgan Neville,"September 22, 2018",2013,United States,
2015 Dream Concert,,"April 28, 2017",2015,South Korea,
2036 Origin Unknown,Hasraf Dulull,"December 20, 2018",2018,United Kingdom,
20th Century Women,Mike Mills,"June 28, 2019",2016,United States,
21 & Over,"Jon Lucas, Scott Moore","April 16, 2019",2013,United States,
21 Sarfarosh: Saragarhi 1897,,"December 1, 2018",2018,India,
2307: Winter's Dream,Joey Curtis,"March 1, 2018",2016,United States,
24 Hours to Live,Brian Smrz,"April 7, 2018",2017,"South Africa, China, United States",
"27, el club de los malditos",Nicanor Loreti,"May 1, 2018",2018,Argentina,
27: Gone Too Soon,Simon Napier-Bell,"May 1, 2018",2017,United Kingdom,
28 Days,Betty Thomas,"September 30, 2020",2000,United States,
3 Deewarein,Nagesh Kukunoor,"December 31, 2019",2003,,
3 Generations,Gaby Dellal,"August 28, 2017",2015,United States,
3 Heroines,Iman Brotoseno,"January 5, 2019",2016,Indonesia,
3 Seconds Divorce,Shazia Javed,"June 15, 2019",2018,Canada,
30 Days of Luxury,Hani Hamdi,"April 18, 2019",2016,Egypt,
30 Minutes or Less,Ruben Fleischer,"January 1, 2021",2011,United States,
300 Miles to Heaven,Maciej Dejczer,"October 1, 2019",1989,"Denmark, France, Poland",
42 Grams,Jack C. Newell,"February 1, 2018",2017,United States,
4th Man Out,Andrew Nackman,"May 5, 2016",2015,United States,
5 Cowok Jagoan,Anggy Umbara,"January 5, 2019",2017,,
5 to 7,Victor Levin,"March 16, 2017",2014,United States,
50 First Dates,Peter Segal,"December 1, 2020",2004,United States,
50/50,Jonathan Levine,"June 1, 2019",2011,United States,
5CM,Rizal Mantovani,"September 28, 2018",2012,Indonesia,
6 Days,Toa Fraser,"February 8, 2018",2017,"New Zealand, United Kingdom",
6-5=2,Bharat Jain,"November 1, 2017",2014,India,
68 Kill,Trent Haaga,"September 1, 2019",2017,United States,
7 (Seven),Nizar Shafi,"July 30, 2019",2019,India,
7 Din Mohabbat In,"Meenu Gaur, Farjad Nabi","May 15, 2019",2018,Pakistan,
9 Months That Made You,,"March 1, 2017",2016,United States,
A Bad Moms Christmas,"Jon Lucas, Scott Moore","February 14, 2020",2017,"United States, China",
A Billion Colour Story,Padmakumar Narasimhamurthy,"April 1, 2018",2016,India,
A Boy Called Po,John Asher,"January 15, 2018",2016,United States,
A Bridge Too Far,Richard Attenborough,"July 1, 2020",1977,"United States, United Kingdom",
A Clockwork Orange,Stanley Kubrick,"November 1, 2020",1971,"United Kingdom, United States",
A Dangerous Woman,Stephen Gyllenhaal,"April 1, 2018",1993,United States,
A Family Affair,Tom Fassaert,"October 16, 2016",2015,"Netherlands, Denmark, South Africa",
A Family Man,Mark Williams,"December 15, 2019",2016,"Canada, United States",
A Flying Jatt,Remo D'Souza,"November 15, 2017",2016,India,
A Glimpse Inside the Mind of Charles Swan III,Roman Coppola,"July 15, 2018",2012,United States,
A Good Wife,,"January 1, 2017",2013,Taiwan,
A Gray State,Erik Nelson,"December 25, 2017",2017,United States,
A Haunted House,Michael Tiddes,"February 21, 2020",2013,United States,
A Haunting at Silver Falls: The Return,Teo Konuralp,"September 17, 2019",2019,United States,
A Holiday Engagement,Jim Fall,"November 4, 2019",2011,United States,
A Kind of Murder,Andy Goddard,"May 1, 2017",2016,United States,
A Leaf of Faith,Chris Bell,"August 27, 2018",2018,United States,
A Man Called God,,"March 12, 2019",2010,South Korea,
A Mission in an Old Movie,Ahmad El-Badri,"April 25, 2019",2012,,
A Most Violent Year,J.C. Chandor,"July 22, 2018",2014,"United Arab Emirates, United States",
A Murder in the Park,"Christopher S. Rech, Brandon Kimber","April 28, 2017",2014,United States,
A new Capitalism,,"June 12, 2018",2017,Brazil,
A Night at the Roxbury,John Fortenberry,"December 1, 2019",1998,United States,
A Noble Intention,Joram Lürsen,"September 1, 2016",2015,Netherlands,
A Patch of Fog,Michael Lennox,"April 15, 2017",2015,United Kingdom,
A Perfect Man,Kees Van Oostrum,"June 6, 2019",2013,United States,
A Princess for Christmas,Michael Damian,"August 28, 2020",2011,United States,
A Russell Peters Christmas,Henry Sarwer-Foner,"November 1, 2013",2011,Canada,
A Scandall,Ishaan Trivedi,"October 15, 2017",2016,India,
A Separation,Asghar Farhadi,"March 16, 2019",2011,"Iran, France",
A Serious Man,"Ethan Coen, Joel Coen","January 16, 2018",2009,"United States, United Kingdom, France",
A Sort of Homecoming,Maria Burton,"August 1, 2017",2015,United States,
A Tale of Love and Darkness,Natalie Portman,"October 25, 2019",2015,"Israel, United States",
A Thin Line Between Love & Hate,Martin Lawrence,"December 1, 2020",1996,United States,
A Thousand Words,Brian Robbins,"July 1, 2020",2012,United States,
A Walk to Remember,Adam Shankman,"July 1, 2020",2002,United States,
A Wednesday,Neeraj Pandey,"November 1, 2018",2008,India,
A Week in Watts,Gregory Caruso,"February 19, 2018",2017,United States,
A Wrinkle in Time,Ava DuVernay,"September 25, 2018",2018,United States,
A Young Doctor's Notebook and Other Stories,,,2013,United Kingdom,
A.D. Kingdom and Empire,,"December 15, 2017",2015,United States,
A.M.I.,Rusty Nixon,"October 1, 2020",2019,Canada,
A.X.L.,Oliver Daly,"March 20, 2019",2018,United States,
Aşk Tesadüfleri Sever,Ömer Faruk Sorak,"April 4, 2018",2011,Turkey,
Aadu 2,Midhun Manuel Thomas,"May 15, 2018",2017,India,
Aajcha Divas Majha,Chandrakant Kulkarni,"January 1, 2018",2013,India,
Aarakshan,Prakash Jha,"December 31, 2019",2011,India,
Aashayein,Nagesh Kukunoor,"October 22, 2017",2010,India,
Aata Pita,Uttung Shelar,"January 1, 2018",2010,India,
Abby Sen,Atanu Ghosh,"May 1, 2017",2015,India,
Abdo Mota,,"April 19, 2019",2012,Egypt,
Abhinetri,A. L. Vijay,"May 1, 2018",2016,India,
Abnormal Summit,"Jung-ah Im, Seung-uk Jo"," August 4, 2017",2017,South Korea,
Abominable Christmas,Chad Van De Keere,"February 18, 2016",2012,United States,
About a Boy,"Chris Weitz, Paul Weitz","February 1, 2019",2002,"United Kingdom, United States, France, Germany",
Abzurdah,Daniela Goggi,"August 25, 2016",2015,Argentina,
Acapulco La vida va,Alfonso Serrano Maturino,"June 3, 2017",2016,Mexico,
Across The Line,Julien Christian Lutz,"April 1, 2019",2015,Canada,
Across the Universe,Julie Taymor,"January 1, 2019",2007,"United States, United Kingdom",
Act of Valor,"Mike McCoy, Scott Waugh","June 1, 2020",2012,United States,
Act of Vengeance,Mahsun Kırmızıgül,"September 29, 2018",2010,"Turkey, United States",
Acts of Violence,Brett Donowho,"August 1, 2020",2018,Canada,
Adam Ruins Everything,,"September 30, 2018",2018,United States,
Addicted to Life,Thierry Donard,"June 12, 2020",2014,France,
Adore,Anne Fontaine,"November 20, 2019",2013,"Australia, France",
Adrishya,Sandeep Chatterjee,"December 31, 2019",2017,India,
Adventures in Public School,Kyle Rideout,"August 15, 2018",2018,"Canada, United States",
Africa,,"April 28, 2016",2013,United Kingdom,
After Porn Ends,Bryce Wagoner,"May 27, 2019",2012,United States,
After Porn Ends 3,Brittany Andrews,"December 30, 2018",2018,United States,
Afterschool,Antonio Campos,"August 13, 2020",2008,United States,
Aftershock,Nicolás López,"March 7, 2018",2012,"United States, Chile",
Agatha and the Truth of Murder,Terry Loane,"January 31, 2019",2018,United Kingdom,
Age Gap Love,,"July 12, 2019",2017,United Kingdom,
Age of Glory,,"August 14, 2017",2010,,
Agent Raghav,,"April 15, 2017",2015,India,
Ahista Ahista,Shivam Nair,"December 31, 2019",2006,India,
Ai Weiwei: Never Sorry,Alison Klayman,"March 1, 2018",2012,United States,
Ainsley Eats the Streets,,"July 12, 2019",2014,United Kingdom,
Aisa Yeh Jahaan,Biswajeet Bora,"October 15, 2017",2015,India,
Aitraaz,"Abbas Alibhai Burmawalla, Mastan Alibhai Burmawalla","March 1, 2018",2004,India,
Alarmoty in the Land of Fire,,"August 5, 2019",2017,Egypt,
Albion: The Enchanted Stallion,Castille Landon,"July 1, 2017",2016,"United States, Bulgaria",
Alejandro Sanz: What I Was Is What I Am,"Gervasio Iglesias, Alexis Morante","August 18, 2018",2018,Spain,
Alice Doesn't Live Here Anymore,Martin Scorsese,"July 1, 2019",1974,United States,
Alien Contact: Outer Space,J. Michael Long,"January 9, 2018",2017,United States,
Aliens Ate My Homework,Sean McNamara,"March 6, 2018",2018,United States,
Alive and Kicking,Susan Glatzer,"August 10, 2017",2016,"Sweden, United States",
All About Nina,Eva Vives,"March 18, 2019",2018,United States,
All Dogs Go to Heaven,"Don Bluth, Gary Goldman, Dan Kuenster","June 1, 2020",1989,"Ireland, United Kingdom, United States",
All Good Ones Get Away,Víctor García,"July 30, 2019",2019,"Spain, Italy",
All Hallows' Eve,Charlie Vaughn,"August 1, 2017",2016,United States,
All Light Will End,Chris Blake,"February 2, 2019",2018,United States,
All the Boys Love Mandy Lane,Jonathan Levine,"July 3, 2018",2006,United States,
All the Devil's Men,Matthew Hope,"May 15, 2019",2018,United Kingdom,
Alone in Berlin,Vincent Perez,"February 15, 2019",2016,"United Kingdom, France, Germany",
Along Came a Spider,Lee Tamahori,"October 1, 2019",2001,"United States, Germany, Canada",
Alpha and Omega 2: A Howl-iday Adventure,Richard Rich,"October 1, 2019",2013,United States,
Alpha and Omega: The Legend of the Saw Tooth Cave,Richard Rich,"January 1, 2020",2014,"United States, India",
Alphablocks,,"May 25, 2020",2014,United Kingdom,
AlphaGo,Greg Kohs,"January 1, 2018",2017,United States,
Always a Bridesmaid,Trey Haley,"March 3, 2020",2019,United States,
Amar Akbar & Tony,Atul Malhotra,"June 20, 2017",2015,United Kingdom,
Amar Akbar Anthony,Manmohan Desai,"December 31, 2019",1977,India,
Amar's Hands,Khaled Youssef,"April 26, 2019",2011,Egypt,
America's Book of Secrets,,"September 15, 2019",2014,United States,
American Anarchist,Charlie Siskel,"June 23, 2017",2016,United States,
American Assassin,Michael Cuesta,"January 31, 2020",2017,United States,
American Beauty,Sam Mendes,"January 1, 2020",1999,United States,
American Circumcision,Brendon Marotta,"December 16, 2018",2017,United States,
American Crime,,"May 30, 2017",2017,United States,
American Experience: Ruby Ridge,Barak Goodman,"April 19, 2017",2017,United States,
American Experience: The Circus,Sharon Grimberg,"May 2, 2019",2018,United States,
American Experience: The Island Murder,Mark Zwonitzer,"May 1, 2019",2018,United States,
American Hangman,Wilson Coneybeare,"July 30, 2019",2019,Canada,
American Heist,Sarik Andreasyan,"October 23, 2019",2014,"Canada, Luxembourg",
American History X,Tony Kaye,"November 1, 2019",1998,United States,
American Honey,Andrea Arnold,"April 27, 2019",2016,"United Kingdom, United States",
American Masters: Ted Williams,Nick Davis,"April 1, 2019",2018,United States,
American Odyssey,,"April 5, 2016",2015,United States,
American Psycho,Mary Harron,"September 1, 2019",2000,"United States, Canada",
American Warfighter,Jerry G. Angelo,"September 13, 2019",2019,United States,
Amy,Asif Kapadia,"July 26, 2018",2015,United Kingdom,
An American in Madras,Karan Bali,"January 1, 2017",2013,India,
An American Tail,Don Bluth,"April 1, 2018",1986,United States,
An American Tail: Fievel Goes West,"Phil Nibbelink, Simon Wells","April 1, 2018",1991,United States,
An American Tail: The Mystery of the Night Monster,Larry Latham,"April 1, 2018",1999,United States,
An American Tail: The Treasures of Manhattan Island,Larry Latham,"April 1, 2018",2000,United States,
An Hour and a Half,Wael Ehsan,"April 26, 2019",2012,Egypt,
An Innocent Mistake,,"January 1, 2017",2012,Taiwan,
An Interview with God,Perry Lang,"March 1, 2019",2018,United States,
An Upper Egyptian,"Ismail Farouk, Hazem Fouda","June 20, 2019",2014,Egypt,
Anarkali of Aarah,Avinash Das,"August 1, 2017",2017,India,
Anchor and Hope,Carlos Marques-Marcet,"February 15, 2019",2017,Spain,
Ancient Aliens,,"September 17, 2019",2018,United States,
Anesthesia,Tim Blake Nelson,"December 30, 2018",2015,United States,
Angel Eyes,Luis Mandoki,"September 5, 2020",2001,United States,
Anger Management,Peter Segal,"November 1, 2019",2003,United States,
Angry Indian Goddesses,Pan Nalin,"March 14, 2017",2015,"India, Germany",
Anjaan: Rural Myths,,"December 15, 2018",2018,India,
Anjaan: Special Crimes Unit,,"May 1, 2018",2018,India,
Ankur Arora Murder Case,Sohail Tatari,"October 15, 2017",2013,India,
Annabelle Hooper and the Ghosts of Nantucket,Paul Serafini,"August 1, 2017",2016,United States,
Another Forever,Juan Zapata,"March 21, 2017",2016,"Brazil, Netherlands, United States, Colombia, Austria, Germany",
Ant-Man and the Wasp,Peyton Reed,"January 29, 2019",2018,United States,
Antar: Son of Shadad,Sherif Ismail,"May 9, 2019",2017,Egypt,
Antariksha Ke Rakhwale,Anirban Majumder,"June 18, 2019",2018,,
Anthony Bourdain: Parts Unknown,,,2018,United States,
Antidote,Ken Barbet,"April 14, 2019",2018,United States,
Anwar,Manish Jha,"December 31, 2019",2007,India,
忍者ハットリくん,," December 23, 2018",2012,Japan,
Apache Warrior,"David Salzberg, Christian Tureaud","November 1, 2019",2017,United States,
APEX: The Story of the Hypercar,"J.F. Musial, Josh Vietze","August 1, 2016",2016,United States,
Apollo 18,Gonzalo López-Gallego,"March 9, 2019",2011,"United States, Canada",
April and the Extraordinary World,"Christian Desmares, Franck Ekinci","October 1, 2017",2015,"France, Canada, Belgium",
"Aram, Aram",Christopher Chambers,"February 15, 2017",2015,United States,
Are We Done Yet?,Khaled El Halafawy,"August 1, 2019",2018,Egypt,
Arisan 2,Nia Dinata,"September 15, 2018",2011,Indonesia,
Arthur,Jason Winer,"April 1, 2019",2011,United States,
Arthur Christmas,Sarah Smith,"January 1, 2020",2011,"United Kingdom, United States",
"As Above, So Below",John Erick Dowdle,"September 16, 2018",2014,United States,
As Good as It Gets,James L. Brooks,"January 1, 2020",1997,United States,
Assimilate,John Murlowski,"October 25, 2019",2019,United States,
Asura: The City of Madness,Sung-soo Kim,"February 15, 2018",2016,South Korea,
At All Costs,Mike Nicoll,"December 14, 2016",2016,United States,
At First Light,Jason Stone,"December 27, 2018",2018,Canada,
ATM,Mez Tharatorn,"September 5, 2018",2012,"United States, Canada",
Atomic Puppet,,"December 1, 2017",2016,"Canada, France",
Attacking the Devil: Harold Evans and the Last Nazi War Crime,"David Morris, Jacqui Morris","May 15, 2016",2014,United Kingdom,
Attitude Test,"Fabrizio Copano, Augusto Matte","August 19, 2018",2016,Chile,
Auschwitz: Blueprints of Genocide,Mike Rossiter,"January 19, 2019",1994,United Kingdom,
Aussie Gold Hunters,,"August 1, 2017",2016,Australia,
Automata,Gabe Ibáñez,"September 8, 2017",2014,"Bulgaria, United States, Spain, Canada",
Avengers: Infinity War,"Anthony Russo, Joe Russo","December 25, 2018",2018,United States,
Avicii: True Stories,Levan Tsikurishvili,"December 28, 2018",2017,"Sweden, Netherlands",
Azhar,Anthony D'Souza,"April 12, 2019",2016,India,
B.A. Pass,Ajay Bahl,"June 7, 2018",2013,India,
Babam ve Oğlum,Çagan Irmak,"April 30, 2018",2005,Turkey,
Babel,Alejandro G. Iñárritu,"January 1, 2019",2006,"France, United States, Mexico",
Bachelor Girls,Shikha Makan,"March 1, 2018",2016,India,
Back and Forth,José Eduardo Belmonte,"January 5, 2017",2016,Brazil,
Backcountry,Adam MacDonald,"March 30, 2017",2014,Canada,
Backfire,Dave Patten,"April 5, 2019",2019,United States,
Backtrack,Michael Petroni,"December 25, 2018",2015,"Australia, United Kingdom, United Arab Emirates, Canada",
Bad Boys,Michael Bay,"October 1, 2019",1995,United States,
Bad Boys II,Michael Bay,"October 1, 2019",2003,United States,
Bad Education,," December 15, 2018",2014,United Kingdom,
Bad Match,David Chirchirillo,"March 11, 2018",2017,"Singapore, United States",
Bad Rap,Salima Koroma,"August 21, 2017",2016,"United States, Canada",
Badalte Rishton Ki Dastaan,,"April 1, 2017",2013,India,
Badha,"Sumitra Bhave, Sunil Sukthankar","January 1, 2018",2006,India,
Badland,Justin Lee,"March 26, 2020",2019,United States,
Bala Loca,,"April 1, 2017",2016,Chile,
Balto,Simon Wells,"April 1, 2018",1995,United States,
Balto 2: Wolf Quest,Phil Weinstein,"April 1, 2018",2001,United States,
Balto 3: Wings of Change,Phil Weinstein,"April 1, 2018",2004,United States,
Balu Mahi,Haissam Hussain,"March 1, 2018",2017,Pakistan,
Bana Masal Anlatma,Burak Aksak,"March 10, 2017",2015,Turkey,
Band Aid,Zoe Lister-Jones,"April 12, 2019",2017,United States,
Band of Robbers,"Aaron Nee, Adam Nee","April 15, 2016",2015,United States,
Bang Rajan 2,Tanit Jitnukul,"July 25, 2018",2010,Thailand,
Bangkok Bachelors,,"June 4, 2018",2016,,
Bangkok Hell,Manop Janjarasskul,"September 14, 2018",2002,Thailand,
Bangkok Traffic (Love) Story,Adisorn Tresirikasem,"September 5, 2018",2009,Thailand,
Barça Dreams,Jordi Llompart,"September 1, 2018",2015,Spain,
Barah Aana,Raja Menon,"December 31, 2019",2009,India,
Barbecue,Matthew Salleh,"August 15, 2017",2017,"Australia, Armenia, Japan, Jordan, Mexico, Mongolia, New Zealand, Philippines, South Africa, Sweden, United States, Uruguay",
Barbie & Her Sisters in a Pony Tale,Kyran Kelly,"October 1, 2017",2013,United States,
Barbie in A Mermaid Tale,Adam Wood,"October 1, 2017",2010,United States,
Barbie in Princess Power,Zeke Norton,"October 1, 2017",2015,United States,
Barbie in Rock 'N Royals,Karen J. Lloyd,"October 1, 2017",2015,United States,
Barbie Star Light Adventure,"Andrew Tan, Michael Goguen","October 1, 2017",2016,United States,
Barbie: A Fairy Secret,William Lau,"October 1, 2017",2010,United States,
Barbie: Princess Charm School,Ezekiel Norton,"October 1, 2017",2011,"United States, Canada",
Barbie: Spy Squad,Conrad Helten,"October 1, 2017",2016,"United States, Canada",
Barbie: The Princess & the Popstar,Ezekiel Norton,"October 1, 2017",2012,United States,
Barbie: Video Game Hero,"Conrad Helten, Ezekiel Norton, Michael Goguen","October 1, 2017",2017,United States,
Barely Lethal,Kyle Newman,"July 26, 2018",2015,United States,
Barrio Universitario,Esteban Vidal,"August 19, 2018",2013,Chile,
Barsaat,Rajkumar Santoshi,"April 1, 2018",1995,India,
BASEketball,David Zucker,"November 1, 2018",1998,United States,
Basic Instinct,Paul Verhoeven,"October 1, 2020",1992,"United States, France",
Bat Pat,,"December 31, 2017",2016,Italy,
Bates Motel,,"February 20, 2018",2017,United States,
Bathtubs Over Broadway,Dava Whisenant,"May 9, 2019",2018,United States,
Battle Creek,,"December 31, 2015",2015,United States,
Battlefield Recovery,,"August 1, 2016",2016,United Kingdom,
Bawarchi,Hrishikesh Mukherjee,"December 31, 2019",1972,India,
Bazaar,Sagar Sarhadi,"December 31, 2019",1982,India,
Be Here Now,Lilibet Foster,"February 28, 2017",2015,"United States, Australia",
Be Somebody,Joshua Caldwell,"November 20, 2019",2016,United States,
Be-Be-Bears,,"August 29, 2018",2018,Russia,
Beak & Brain: Genius Birds From Down Under,"Volker Arzt, Angelika Sigl","March 1, 2017",2013,Germany,
Bean: The Ultimate Disaster Movie,Mel Smith,"August 1, 2018",1997,"United Kingdom, United States",
Beary Tales,,"March 1, 2017",2013,United States,
Beast Legends,,"February 1, 2019",2010,Canada,
Beating Again,,"May 22, 2017",2015,South Korea,
Beauty & the Beast,,"September 19, 2016",2016,Canada,
Beauty and the Bitches,,"April 23, 2019",2016,,
Beavis and Butt-head Do America,Mike Judge,"November 20, 2019",1996,United States,
Bebe's Kids,Bruce W. Smith,"November 20, 2019",1992,United States,
Because of Soccer,"Agasyah Karim, Khalid Kashogi","December 8, 2018",2008,Indonesia,
Because We're Heading Out,Khaled El Halafawy,"April 18, 2019",2016,Egypt,
Becoming Jane,Julian Jarrold,"January 12, 2019",2007,"United Kingdom, Ireland",
Bedtime Stories,Adam Shankman,"March 5, 2019",2008,United States,
Before the Flood,Fisher Stevens,"February 1, 2018",2016,United States,
"Behind ""The Cove"": The Quiet Japanese Speak Out",Keiko Yagi,"August 25, 2017",2015,"Japan, United States",
Behind the Curtain: Todrick Hall,Katherine Fairfax Wright,"April 5, 2018",2017,United States,
Behind the Newsroom,,"September 14, 2018",2015,,
Behzat Ç.,,"May 19, 2017",2010,Turkey,
Beiimaan Love,Rajeev Chaudhari,"November 1, 2017",2016,India,
Being AP,Anthony Wonke,"August 15, 2016",2015,United Kingdom,
Being Mary Jane: The Series,," July 1, 2017",2016,United States,
Below Her Mouth,April Mullen,"August 1, 2017",2016,Canada,
Ben 10,,"September 30, 2018",2016,United States,
Beneath the Leaves,Adam Marino,"June 8, 2019",2019,United States,
Benji: Off the Leash,Joe Camp,"March 6, 2018",2004,United States,
Benji's Very Own Christmas Story,Joe Camp,"October 3, 2018",1978,United States,
Berlin Kaplani,Hakan Algül,"March 10, 2017",2012,Turkey,
"Berlin, I Love You",,"June 8, 2019",2019,Germany,
Best Neighbors,Tamer Bassiouni,"June 6, 2019",2014,,
Betting on Zero,Ted Braun,"June 1, 2017",2017,United States,
Bewafaa,Dharmesh Darshan,"July 21, 2019",2005,India,
Bewildered Bolbol,Khaled Marei,"June 20, 2019",2010,Egypt,
Beyblade: Metal Fusion,,"December 15, 2017",2009,Japan,
Beyond All Boundaries,Sushrut Jain,"April 1, 2017",2013,"United States, India",
Beyond the Clouds,Majid Majidi,"August 10, 2018",2018,"India, Iran",
Bh Se Bhade,,"April 1, 2018",2013,India,
Bhaage Re Mann,,"April 15, 2017",2015,India,
Bhagam Bhag,Priyadarshan,"December 31, 2019",2006,India,
Bheemayan,Rajiv Chilaka,"May 10, 2019",2018,,
Bhool Bhulaiyaa,Priyadarshan,"October 22, 2017",2007,India,
Bhoot,Ram Gopal Varma,"December 31, 2019",2003,India,
Bhouri,Jasbir Bijendra Bhati,"December 1, 2017",2017,India,
Big Bad Beetleborgs,,"January 1, 2016",1997,"United States, France, Japan",
Big Bear,Joey Kern,"February 28, 2018",2017,United States,
Big Daddy,Dennis Dugan,"October 1, 2020",1999,United States,
"Big Dreams, Small Spaces",," July 26, 2019",2017,United Kingdom,
Big Fat Liar,Shawn Levy,"January 15, 2020",2002,"United States, Germany",
Big Kill,Scott Martin,"June 18, 2019",2018,United States,
Big Time,Kaspar Astrup Schröder,"April 1, 2018",2017,Denmark,
Bigger Fatter Liar,Ron Oliver,"April 18, 2017",2017,United States,
Biggie & Tupac,Nick Broomfield,"January 26, 2019",2002,United Kingdom,
Bill Burr: Let It Go,Shannon Hartman,"November 10, 2017",2010,United States,
Billy Elliot,Stephen Daldry,"February 1, 2019",2000,"United Kingdom, France",
Billy Graham: An Extraordinary Journey,"Vonda Harrell, Daniel Camenisch","February 28, 2019",2018,United States,
Bilu Rakkhosh,Indrasis Acharya,"March 15, 2018",2017,India,
Bioscope,"Gajendra Ahire, Viju Mane, Girish Mohite, Ravi Jadhav","August 15, 2018",2015,India,
Birthmarked,Emanuel Hoss-Desmarais,"June 28, 2018",2018,Canada,
Bitch,Marianna Palka,"March 11, 2018",2017,United States,
Bitcoin Heist,Ham Tran,"September 2, 2017",2016,Vietnam,
Bitten,," May 26, 2016",2016,Canada,
Bitter Daisies,Miguel Conde,"March 29, 2019",2018,Spain,
Bittoo Boss,Supavitra Babul,"July 5, 2020",2012,India,
Black & Privileged: Volume 1,Mark Harris,"July 12, 2019",2019,United States,
Black Hawk Down,Ridley Scott,"January 1, 2019",2001,"United States, United Kingdom",
Black Heart,,"October 12, 2018",2014,Turkey,
Black Man White Skin,Jose Manuel Colón,"June 1, 2016",2015,Spain,
Black Panther,Ryan Coogler,"September 4, 2018",2018,United States,
Black Site Delta,Jesse Gustafson,"August 9, 2017",2017,United States,
Black Snake Moan,Craig Brewer,"November 20, 2019",2007,United States,
Black Snow,Martin Hodara,"July 1, 2017",2017,"Argentina, Spain",
Blackfish,Gabriela Cowperthwaite,"May 1, 2020",2013,United States,
Blackway,Daniel Alfredson,"December 15, 2017",2015,United States,
Blaze,Ethan Hawke,"August 30, 2020",2018,United States,
Bleed for This,Ben Younger,"April 11, 2020",2016,United States,
Blinky Bill: The Movie,Deane Taylor,"February 8, 2017",2015,"Australia, United States",
Blockbuster,July Hygreck,"January 24, 2018",2017,France,
Blood & Treasures,,"July 14, 2018",2016,Thailand,
Blood Father,Jean-François Richet,"March 26, 2020",2016,France,
Blow,Ted Demme,"October 1, 2019",2001,United States,
Blue Is the Warmest Color,Abdellatif Kechiche,"August 26, 2016",2013,"France, Belgium, Spain",
Blue Jasmine,Woody Allen,"March 8, 2019",2013,United States,
Blue Mountain State: The Rise of Thadland,Lev L. Spiro,"March 1, 2016",2016,United States,
Blue Planet II,,"December 3, 2018",2017,United Kingdom,
Blue Ruin,Jeremy Saulnier,"February 25, 2019",2013,"United States, France",
Blue Streak,Les Mayfield,"January 1, 2021",1999,"Germany, United States",
Blue Valentine,Derek Cianfrance,"July 5, 2018",2010,United States,
Blurred Lines: Inside the Art World,Barry Avrich,"December 31, 2017",2017,Canada,
Bob Lazar: Area 51 & Flying Saucers,Jeremy Kenyon Lockyer Corbell,"June 18, 2019",2018,United States,
Bob Ross: Beauty Is Everywhere,,"June 1, 2016",1991,,
Bob's Broken Sleigh,Jay Surridge,"December 17, 2015",2015,Canada,
Bobbi Jene,Elvira Lind,"June 1, 2018",2017,"Denmark, Sweden, Israel, United States",
Bobby,Raj Kapoor,"December 31, 2019",1973,India,
Bobby Robson: More Than a Manager,"Gabriel Clarke, Torquil Jones","December 1, 2018",2018,United Kingdom,
Bobby Sands: 66 Days,Brendan Byrne,"September 28, 2017",2016,"Ireland, United Kingdom",
Bokeh,"Geoffrey Orthwein, Andrew Sullivan","June 22, 2017",2017,"United States, Iceland",
Bolt,"Byron Howard, Chris Williams","July 22, 2018",2008,United States,
Bombshell: The Hedy Lamarr Story,Alexandra Dean,"May 31, 2018",2017,United States,
Bon Bini Holland,Jelle de Jonge,"September 1, 2016",2015,Netherlands,
Bondi Rescue,," November 1, 2019",2016,Australia,
Bonnie and Clyde,Arthur Penn,"January 1, 2021",1967,United States,
Boom,Kaizad Gustad,"March 1, 2018",2003,India,
Border Patrol,,"October 2, 2019",2016,,
Borderline,," December 2, 2017",2017,United Kingdom,
Born Strong,"Gary Cohen, Ross Hockrow","December 31, 2017",2017,United States,
Born to Be Free,Gayane Petrosyan,"April 1, 2017",2016,"United Kingdom, Russia",
Botched Up Bodies,,"October 2, 2019",2013,United Kingdom,
Bottom of the World,Richard Sears,"May 28, 2020",2017,"Canada, United States",
Boy and the World,Alê Abreu,"October 1, 2017",2013,Brazil,
Boy Bye,Chris Stokes,"April 2, 2019",2016,United States,
Brain Games,," March 15, 2019",2016,United States,
Brampton's Own,Michael Doneger,"April 19, 2019",2018,United States,
Bratz: The Movie,Sean McNamara,"June 29, 2020",2007,United States,
Brave Miss World,Cecilia Peck,"February 17, 2018",2013,"United States, Israel, Italy, South Africa",
Brave New Jersey,Jody Lambert,"December 15, 2017",2016,United States,
Braxton Family Values,,"February 15, 2020",2014,United States,
Breaking Free,Sridhar Rangayan,"December 15, 2017",2015,India,
Breath,Simon Baker,"December 5, 2018",2018,Australia,
Brick,Rian Johnson,"September 1, 2018",2005,United States,
Bring It On: Worldwide Showdown,Robert Adetuyi,"August 29, 2017",2017,United States,
Bringing Sexy Back,,"October 2, 2019",2015,,
Brooklyn's Finest,Antoine Fuqua,"October 1, 2018",2009,United States,
Brotherhood of Blades II: The Infernal Battlefield,Lu Yang,"November 28, 2018",2017,China,
Brown Nation,,"November 15, 2016",2016,United States,
Bruno and Boots: Go Jump in the Pool,Vivieno Caldinelli,"June 24, 2017",2016,Canada,
Bruno and Boots: The Wizzle War,Vivieno Caldinelli,"July 1, 2017",2017,Canada,
Bruno and Boots: This Can't Be Happening at Macdonald Hall,Vivieno Caldinelli,"June 24, 2017",2017,Canada,
Buddha,,"April 1, 2018",2013,,
Buffalo Boys,Mike Wiluan,"April 12, 2019",2018,"Indonesia, Singapore",
Bugs,Andreas Johnsen,"February 20, 2018",2016,"Netherlands, Denmark, France, Germany",
Bullitt County,David McCracken,"June 1, 2019",2018,United States,
"Bure Kaam Bura Natija, Kyun Bhai Chacha Haan Bhatija",,"March 31, 2018",2017,,
Burlesque,Steve Antin,"December 16, 2019",2010,United States,
Burlesque: Heart of the Glitter Tribe,Jon Manning,"June 1, 2017",2017,United States,
Burning,Lee Chang-dong,"April 29, 2019",2018,"South Korea, Japan",
Burnistoun,," October 1, 2019",2012,United Kingdom,
Bushwick,"Cary Murnion, Jonathan Milott","November 24, 2017",2017,United States,
Butterfield 8,Daniel Mann,"November 1, 2019",1960,United States,
Cézanne et moi,Daniele Thompson,"September 7, 2017",2016,"Belgium, France",
Cabin Fever,Travis Zariwny,"June 6, 2019",2016,United States,
Cabins in the Wild with Dick Strawbridge,,"September 15, 2018",2017,United Kingdom,
Cahaya Dari Timur Beta Maluku,Angga Dwimas Sasongko,"October 5, 2018",2014,Indonesia,
Caida del Cielo,Néstor Sánchez Sotelo,"January 20, 2017",2016,Argentina,
Cain and Abel,,"March 12, 2019",2009,South Korea,
Cake,Asim Abbasi,"May 15, 2019",2018,"United Kingdom, Pakistan",
Calendar Girls,Madhur Bhandarkar,"October 15, 2017",2015,India,
Calico Critters,,"November 1, 2018",2018,,
Calico Critters: A Town of Dreams,Momoko Kamiya,"November 1, 2018",2017,,
Calico Critters: The Treasure of Calico Village,Momoko Kamiya,"November 1, 2018",2017,,
Call Me Francis,,"December 16, 2016",2016,Italy,
Camelia la Texana,Carlos Bolado,"February 1, 2017",2014,"Mexico, United States",
Camera Store,Scott Marshall Smith,"August 20, 2017",2016,United States,
Camp Cool Kids,Lisa Arnold,"January 1, 2018",2017,United States,
Camp X,,"February 1, 2019",2014,Canada,
Camp X-Ray,Peter Sattler,"January 14, 2017",2014,United States,
Can We Get Married?,,"May 22, 2017",2012,South Korea,
Can't Hardly Wait,"Harry Elfont, Deborah Kaplan","January 1, 2021",1998,United States,
Candyman,Bernard Rose,"October 1, 2019",1992,"United States, United Kingdom",
Cannabis,,"December 15, 2016",2016,France,
Capital in the Twenty-First Century,Justin Pemberton,"September 8, 2020",2019,"France, New Zealand",
Cappuccino,Noushad,"July 1, 2018",2017,India,
Cardboard Gangsters,Mark O'Connor,"September 15, 2018",2016,Ireland,
Care Bears: Welcome to Care-a-Lot,,"August 2, 2019",2012,United States,
Caregiver,Chito S. Roño,"March 5, 2019",2008,Philippines,
Carol,Todd Haynes,"October 20, 2020",2015,"United Kingdom, United States, Australia",
Carrie,Brian De Palma,"June 1, 2019",1976,United States,
Carriers,"Àlex Pastor, David Pastor","November 20, 2019",2009,United States,
Casa de mi Padre,Matt Piedmont,"November 14, 2012",2012,"United States, Mexico",
Case Closed,,"January 4, 2019",2015,Japan,
Casino Royale,Martin Campbell,"August 31, 2020",2006,"United Kingdom, Czech Republic, United States, Germany, Bahamas",
Casino Tycoon,Wong Jing,"August 1, 2018",1992,Hong Kong,
Casino Tycoon 2,Wong Jing,"August 16, 2018",1992,Hong Kong,
Castle of Stars,,"September 7, 2018",2015,,
Cat on a Hot Tin Roof,Richard Brooks,"November 1, 2019",1958,United States,
Catching the Sun,Shalini Kantayya,"April 22, 2016",2015,"China, Germany, India, United States",
Cats & Dogs: The Revenge of Kitty Galore,Brad Peyton,"February 1, 2019",2010,"United States, Australia",
Catwalk: Tales from the Cat Show Circuit,"Aaron Hancox, Michael McNamara","January 7, 2019",2018,Canada,
Cave,Henrik Martin Dahlsbakken,"June 15, 2017",2016,Norway,
Celluloid Man,Shivendra Singh Dungarpur,"April 1, 2017",2012,India,
Center Stage,Nicholas Hytner,"January 1, 2020",2000,United States,
Chaar Sahibzaade,Harry Baweja,"November 1, 2018",2014,India,
Chal Dhar Pakad,Aatmaram Dharne,"March 15, 2018",2010,India,
Chal Mere Bhai,David Dhawan,"December 31, 2019",2000,India,
Chalay Thay Saath,Umer Adil,"May 15, 2018",2017,Pakistan,
Chandani: The Daughter of the Elephant Whisperer,Arne Birkenstock,"March 1, 2017",2010,"Germany, Sri Lanka",
Change in the Air,Dianne Dreyer,"March 1, 2020",2018,United States,
Chaotic Love Poems,Garin Nugroho,"January 5, 2019",2016,Indonesia,
Chappaquiddick,John Curran,"October 1, 2018",2017,"United States, Sweden",
Charlie and the Chocolate Factory,Tim Burton,"January 1, 2020",2005,"United Kingdom, United States",
Charlie's Angels: Full Throttle,McG,"October 1, 2019",2003,United States,
Charlotte's Web,"Charles A. Nichols, Iwao Takamoto","November 23, 2019",1973,United States,
Chashme Buddoor,David Dhawan,"May 1, 2017",2013,India,
Chasing Amy,Kevin Smith,"January 1, 2020",1997,United States,
Chasing Monsters,," December 15, 2017",2016,Canada,
Chasing the Dragon,"Wong Jing, Jason Kwan","April 19, 2018",2017,"Hong Kong, China",
Chasing Trane,John Scheinfeld,"November 13, 2017",2016,United States,
Chauthi Koot,Gurvinder Singh,"February 1, 2017",2015,"India, France",
Cheapest Weddings,,"December 1, 2017",2016,Australia,
Cheers,," July 1, 2017",1992,United States,
Chef & My Fridge,," August 4, 2017",2017,South Korea,
Chernobyl Diaries,Bradley Parker,"August 1, 2018",2012,United States,
Chewin' the Fat,,"October 1, 2016",1999,United Kingdom,
Chewing Gum,," April 4, 2017",2017,United Kingdom,
Chhota Bheem Aur Kaala Yodha,"Sidheswar Shukla, Asit Mohapatra","May 10, 2019",2018,,
Chhota Bheem Ka Romani Adventure,"Asit Mohapatra, Shyamal Chaulia","May 10, 2019",2018,,
Chhota Bheem Ka Troll Se Takkar,"Shyamal Chaulia, Asit Mohapatra","May 10, 2019",2018,,
Chhota Bheem Kungfu Dhamaka,"Rajiv Chilaka, Binayak Das","August 15, 2019",2019,India,
Chicken Kokkachi,Anuranjan Premji,"July 1, 2018",2017,India,
Chicken Little,Mark Dindal,"March 16, 2016",2005,United States,
Chief Daddy,Niyi Akinmolayan,"March 15, 2019",2018,Nigeria,
Child's Play,Tom Holland,"December 31, 2019",1988,United States,
Chill with Bob Ross,,"December 1, 2016",1994,,
China Salesman,Tan Bing,"September 24, 2018",2017,China,
Chingo Bling: They Can't Deport Us All,Luis Lopez,"June 1, 2017",2017,,
Chittagong,Bedabrata Pain,"January 1, 2018",2012,"United States, India, Bangladesh",
Chitty Chitty Bang Bang,Ken Hughes,"January 1, 2020",1968,"United Kingdom, United States",
Chloe,Atom Egoyan,"January 1, 2020",2009,"United States, Canada, France",
Chris Brown: Welcome to My Life,Andrew Sandler,"October 7, 2017",2017,United States,
Christian Mingle,Corbin Bernsen,"June 6, 2019",2014,United States,
Christiane Amanpour: Sex & Love Around the World,,"September 30, 2018",2018,United States,
Christmas Crush,Marita Grabiak,"November 4, 2019",2012,"Canada, United States",
Christmas in the Smokies,Gary Wheeler,"March 1, 2019",2015,United States,
Christmas with the Kranks,Joe Roth,"January 1, 2019",2004,United States,
Christopher Robin,Marc Forster,"March 5, 2019",2018,United States,
Chronicle of an Escape,Israel Adrián Caetano,"June 15, 2018",2006,Argentina,
Chuck Chicken,,"November 15, 2017",2017,Malaysia,
Chupan Chupai,Mohsin Ali,"January 15, 2019",2017,Pakistan,
Chupke Chupke,Hrishikesh Mukherjee,"December 31, 2019",1975,India,
Cirque du Freak: The Vampire's Assistant,Paul Weitz,"April 16, 2018",2009,United States,
City in the Sky,,"October 1, 2017",2016,United Kingdom,
City of God,"Fernando Meirelles, Katia Lund","January 1, 2020",2002,"Brazil, France, Germany",
City of Tiny Lights,Pete Travis,"July 21, 2017",2016,United Kingdom,
Civilizations,,"October 1, 2018",2018,United Kingdom,
Clarence Clemons: Who Do I Think I Am?,Nick Mead,"November 14, 2019",2019,United States,
Clash of the Titans,Louis Leterrier,"August 1, 2019",2010,"United States, United Kingdom, Australia",
Class of '61,Gregory Hoblit,"April 1, 2018",1993,United States,
Class Rank,Eric Stoltz,"September 18, 2018",2018,United States,
Classic Legends,,"May 15, 2017",2012,India,
Cleopatra Jones,Jack Starrett,"November 1, 2019",1973,United States,
Click,Frank Coraci,"January 1, 2020",2006,United States,
Click for Murder,,"September 17, 2017",2017,United Kingdom,
Clive Davis: The Soundtrack of Our Lives,Chris Perkel,"September 17, 2019",2017,United States,
Closed Circuit,John Crowley,"October 16, 2017",2013,"United Kingdom, United States",
Cloud Atlas,"Lilly Wachowski, Lana Wachowski, Tom Tykwer","August 1, 2017",2012,"Germany, United States, Hong Kong, Singapore",
Clouds of Sils Maria,Olivier Assayas,"February 12, 2017",2014,"France, Germany, Switzerland",
Cloverfield,Matt Reeves,"January 1, 2020",2008,United States,
Club Friday The Series 6,,"March 9, 2019",2015,,
Club Friday The Series 7,,"June 18, 2018",2016,,
Club Friday The Series 8,,"February 2, 2019",2017,,
Club Friday To Be Continued - Friend & Enemy,,"April 20, 2018",2016,,
Club Friday To Be Continued - My Beautiful Tomboy,,"April 13, 2018",2016,,
Club Friday To Be Continued - The Promise,,"April 20, 2018",2016,,
Coach Carter,Thomas Carter,"January 1, 2020",2005,"United States, Germany",
Code Name: The Cleaner,Les Mayfield,"November 1, 2019",2007,United States,
Coffee with D,Vishal Mishra,"November 1, 2017",2017,India,
Cold Case Files,,"September 15, 2019",2017,United States,
Cold Case Files Classic,,"September 15, 2020",1999,United States,
Colkatay Columbus,Saurav Palodhi,"March 30, 2017",2016,India,
Colonia,Florian Gallenberger,"July 14, 2018",2015,"Germany, France, Luxembourg, United Kingdom, United States",
Colours of Passion,Ketan Mehta,"May 25, 2018",2008,India,
Come and Find Me,Zack Whedon,"September 18, 2019",2016,"Canada, United States, United Kingdom",
Comedy Bang! Bang!,," December 28, 2016",2016,United States,
Comedy High School,,"July 1, 2018",2018,,
Command and Control,Robert Kenner,"May 15, 2017",2017,United States,
Company,Ram Gopal Varma,"March 1, 2018",2002,India,
Compulsion,Craig Goodwill,"October 4, 2018",2016,"United Kingdom, Canada, Italy",
Conan Without Borders,,"December 31, 2018",2018,United States,
Concrete Football,"Jesse Adang, Syrine Boulanouar","September 1, 2017",2016,"Czech Republic, France",
Concussion,Stacie Passon,"August 2, 2018",2013,United States,
Conjuring Spirit,Van M. Pham,"August 28, 2018",2014,Vietnam,
Conor McGregor: Notorious,Gavin Fitzgerald,"March 21, 2018",2017,Ireland,
Consequences ,Ozan Açıktan,"October 25, 2019",2014,Turkey,
Contract,Ram Gopal Varma,"March 2, 2019",2008,India,
Convict,Abdul Aziz Hashad,"June 13, 2019",2014,,
Cooking on High,,"June 22, 2018",2018,United States,
Cool Hand Luke,Stuart Rosenberg,"January 1, 2021",1967,United States,
Cop and a Half: New Recruit,Jon Rosenbaum,"August 17, 2017",2017,Canada,
Cop Watchers,Ben Steele,"August 1, 2017",2016,,
Coraline,Henry Selick,"March 16, 2017",2009,United States,
Counterfeiting in Suburbia,Jason Bourque,"July 1, 2018",2018,Canada,
Court Justice,,"October 2, 2019",2017,Australia,
Covered: Alive in Asia,"Micah Bickham, Galley Molina","March 31, 2016",2016,United States,
Crash,Paul Haggis,"October 1, 2019",2004,"United States, Germany",
CRD,Kranti Kanade,"April 29, 2019",2016,India,
Crime Time,,"January 31, 2019",2017,France,
"Crouching Tiger, Hidden Dragon",Ang Lee,"March 1, 2019",2000,"Taiwan, Hong Kong, United States, China",
Cult of Chucky,Don Mancini,"October 3, 2017",2017,United States,
Cutie and the Boxer,Zachary Heinzerling,"June 14, 2018",2013,United States,
Daagdi Chaawl,Chandrakant Kanse,"February 15, 2018",2015,India,
Dabbe 6: The Return,Hasan Karacadağ,"April 17, 2019",2015,Turkey,
Dad,Gary David Goldberg,"April 1, 2018",1989,United States,
Dad's Army,," March 31, 2018",1977,United Kingdom,
Daddy Day Care,Steve Carr,"January 1, 2019",2003,United States,
Daddy Issues,Amara Cash,"September 20, 2019",2019,United States,
Daemonium,Pablo Parés,"December 20, 2016",2015,Argentina,
Daffedar,Johnson Esthappan,"July 1, 2018",2017,India,
Dagh Ujala,Raj Amit Kumar,"April 1, 2018",2015,"United States, India",
Dallas Buyers Club,Jean-Marc Vallée,"January 16, 2018",2013,United States,
Dance Academy,,"December 20, 2017",2013,Australia,
Dance Academy: The Comeback,Jeffrey Walker,"July 2, 2018",2017,"Germany, Australia",
Dancing Quietly,Philipp Eichholtz,"April 1, 2017",2016,Germany,
Dandy,,"March 31, 2018",2016,Mexico,
Dangerous Roads,," February 1, 2019",2012,United Kingdom,
Danny Says,Brendan Toller,"March 2, 2017",2015,United States,
Dante's Peak,Roger Donaldson,"September 1, 2019",1997,United States,
Dare to Be Wild,,"April 1, 2018",2015,Ireland,
Dark Chocolate (Bengali Version),Agnidev Chatterjee,"December 15, 2017",2016,India,
Dark Crimes,Alexandros Avranas,"October 15, 2019",2016,"United Kingdom, Poland, United States",
Dark Places,Gilles Paquet-Brenner,"July 26, 2018",2015,"United States, United Kingdom, France",
Darna Mana Hai,Prawal Raman,"August 1, 2019",2003,India,
Darr Sabko Lagta Hai,,"March 1, 2018",2015,India,
Darra,Parveen Kumar,"October 15, 2017",2016,India,
Daughters of the Dust,Julie Dash,"June 10, 2017",1991,"United Kingdom, United States",
Day and Night,,"March 23, 2018",2017,China,
Days We Stared at the Sun,,"March 31, 2018",2017,Taiwan,
Dayveon,Amman Abbasi,"January 11, 2018",2017,United States,
De Film van Dylan Haegens,"Dylan Haegens, Bas van Teylingen","April 17, 2019",2018,Netherlands,
De Palma,"Noah Baumbach, Jake Paltrow","November 21, 2018",2015,United States,
Dead in a Week (Or Your Money Back),Tom Edmunds,"March 1, 2019",2018,United Kingdom,
Deadline: Sirf 24 Ghante,Tanveer Khan,"December 31, 2019",2006,India,
Deadly Scholars,Danny J. Boyle,"February 15, 2019",2018,United States,
Dean,Demetri Martin,"March 15, 2020",2016,United States,
Dear Dad,Tanuj Bhramar,"March 2, 2019",2016,India,
Dear Dracula,Chad Van De Keere,"February 18, 2016",2012,United States,
Dear Santa,Jason Priestley,"November 4, 2019",2011,Canada,
Death at a Funeral,Neil LaBute,"August 1, 2020",2010,United States,
Death House,Harrison Smith,"May 5, 2019",2017,United States,
Deathgrip,Clay Porter,"March 1, 2018",2017,United Kingdom,
Deep Undercover Collection,,"July 20, 2018",2017,United States,
Deep Water,,"July 1, 2017",2016,Australia,
Deewangee,Anees Bazmee,"January 3, 2020",2002,India,
Defying the Nazis: The Sharps' War,"Ken Burns, Artemis Joukowsky","May 1, 2017",2016,United States,
Delirium,Dennis Iliadis,"September 1, 2018",2018,United States,
Democrats,Camilla Nielsson,"April 25, 2016",2014,"Denmark, Zimbabwe",
Den of Thieves,Christian Gudegast,"May 1, 2020",2018,United States,
Denis Leary: No Cure For Cancer,Ted Demme,"August 8, 2017",1992,United States,
Desolate,Frederick Cipoletti,"February 6, 2020",2018,,
Desolation,Sam Patton,"May 8, 2018",2017,United States,
Detention Letter,Mohamed Samy,"August 5, 2019",2017,Egypt,
Detour,Christopher Smith,"May 25, 2017",2016,"United Kingdom, South Africa",
Deviant Love,Michael Feifer,"September 13, 2019",2019,United States,
Devil's Bride,Saara Cantell,"June 1, 2017",2016,"Finland, Sweden, Norway, Latvia, Germany",
Devil's Gate,Clay Staub,"July 16, 2020",2017,Canada,
Devlok with Devdutt Pattanaik,,"October 15, 2018",2017,India,
Devrai,"Sumitra Bhave, Sunil Sukthankar","January 1, 2018",2004,India,
Dexter,," January 1, 2018",2013,United States,
Dhamaal,Indra Kumar,"December 31, 2019",2007,India,
Di Renjie zhi Sidatianwang,Hark Tsui,"February 6, 2019",2018,"China, Hong Kong",
Diana: 7 Days That Shook the World,Ben Ryder,"July 28, 2017",2017,United Kingdom,
Diana: In Her Own Words,,"December 1, 2017",2017,United Kingdom,
Diary of a Chambermaid,Benoît Jacquot,"December 3, 2016",2015,"France, Belgium",
Die Another Day,Lee Tamahori,"December 31, 2019",2002,"United Kingdom, United States",
Dil Hai Tumhaara,Kundan Shah,"April 1, 2018",2002,India,
Dinner for Five,,"February 4, 2008",2007,United States,
Dinner for Schmucks,Jay Roach,"January 1, 2020",2010,United States,
Dino Hunt,,"August 4, 2017",2016,Canada,
Disciples Of The 36th Chamber,Chia-Liang Liu,"August 16, 2018",1985,Hong Kong,
Discovering Bigfoot,Todd Standing,"December 15, 2017",2017,United States,
Dismissed,Benjamin Arfmann,"February 19, 2018",2017,United States,
District 9,Neill Blomkamp,"November 4, 2019",2009,"South Africa, United States, New Zealand, Canada",
Diva Brides,,"October 2, 2019",2017,,
Doctor Zhivago,David Lean,"November 1, 2019",1965,"United States, Italy, United Kingdom, Liechtenstein",
Dog Eat Dog,Paul Schrader,"December 31, 2016",2016,United States,
Dolphin Kick,Philip Marlatt,"June 5, 2019",2019,United States,
Dolphin Tale 2,Charles Martin Smith,"February 25, 2019",2014,United States,
Domino,Brian De Palma,"September 28, 2019",2019,"Denmark, France, Belgium, Italy, Netherlands, United States, United Kingdom",
Don Quixote: The Ingenious Gentleman of La Mancha,"Mahin Ibrahim, Austin Kolodney, Will Lowell, David Beier, Dave Dorsey, Xu Zhang, Alana Waksman, Jon YonKondy, Drue Metz, Brandon Somerhalder","January 5, 2018",2015,United States,
Don Verdean,Jared Hess,"March 1, 2020",2015,United States,
Don't Be Afraid of the Dark,Troy Nixey,"November 2, 2019",2010,"United States, Australia, Mexico",
Don't Crack Under Pressure,Thierry Donard,"June 12, 2020",2015,France,
Don't Crack Under Pressure II,Thierry Donard,"June 12, 2020",2016,France,
Don't Crack Under Pressure III,Thierry Donard,"June 12, 2020",2017,France,
Don't Knock Twice,Caradog W. James,"February 8, 2019",2016,United Kingdom,
Don't Look Down,Daniel Gordon,"April 1, 2017",2016,United Kingdom,
Don't Think Twice,Mike Birbiglia,"May 1, 2017",2016,United States,
Donnie Brasco,Mike Newell,"January 1, 2020",1997,United States,
Doom,Andrzej Bartkowiak,"November 1, 2020",2005,"United Kingdom, Czech Republic, Germany, United States",
Doomsday Preppers,,"March 1, 2019",2013,United States,
Doubles Cause Troubles,Wong Jing,"August 1, 2018",1989,Hong Kong,
Doubt,John Patrick Shanley,"March 7, 2019",2008,United States,
Down The Fence,M.J. Isakson,"January 15, 2018",2017,United States,
Dr. Seuss' The Cat in the Hat,Bo Welch,"May 1, 2019",2003,United States,
Dr. Seuss' The Grinch,"Scott Mosier, Yarrow Cheney","June 5, 2019",2018,"France, China, Japan, United States",
Dragonheart,Rob Cohen,"January 1, 2020",1996,United States,
Dragonheart 3: The Sorcerer,Colin Teague,"January 1, 2020",2015,United States,
Dragonheart: A New Beginning,Doug Lefler,"January 1, 2020",2000,United States,
Dragonheart: Battle for the Heartfire,Patrik Syversen,"June 13, 2017",2017,United States,
Dragonkala Ka Rahasya,Rajiv Chilaka,"June 18, 2019",2018,,
Dramaworld,,"May 23, 2016",2016,"United States, South Korea, China",
Dream Big: Engineering Our World,Greg MacGillivray,"July 1, 2018",2017,United States,
Dream Boat,Tristan Ferland Milewski,"December 1, 2017",2017,Germany,
Dries,Reiner Holzemer,"January 1, 2018",2017,"Germany, Belgium",
Driven to Dance,,"January 16, 2019",2018,United States,
"Drugs, Inc.",,"March 23, 2019",2015,United States,
Dueños del paraíso,,"February 25, 2017",2015,"United States, Chile",
Dukhtar,Afia Nathaniel,"September 1, 2016",2014,"Pakistan, Norway, United States",
Dum,Eeshwar Nivas,"March 1, 2018",2003,India,
Dumb and Dumberer: When Harry Met Lloyd,Troy Miller,"October 1, 2019",2003,United States,
E-Cigarettes: Miracle or Menace?,Emma Hatherley,"February 1, 2019",2016,United Kingdom,
Earth to Echo,Dave Green,"October 1, 2019",2014,United States,
Earth to Luna!,,"April 10, 2020",2014,Brazil,
Earth's Natural Wonders,,"March 1, 2017",2015,United Kingdom,
Earth's Natural Wonders: Life at the Extremes,,"October 1, 2018",2018,,
East Side Sushi,Anthony Lucero,"September 15, 2020",2015,United States,
Easy A,Will Gluck,"November 1, 2020",2010,United States,
Easy Fortune Happy Life,,"September 1, 2016",2009,Taiwan,
Eat Pray Love,Ryan Murphy,"September 10, 2019",2010,United States,
Eddie Murphy: Delirious,Bruce Gowers,"April 15, 2018",1983,United States,
Eeda,Ajithkumar,"September 15, 2018",2018,India,
Eh Janam Tumhare Lekhe,Harjit Singh,"December 1, 2017",2015,India,
Ek Cup Chya,"Sumitra Bhave, Sunil Sukthankar","March 15, 2018",2009,India,
Ek Hasina Thi,Sriram Raghavan,"August 1, 2019",2004,India,
El último testigo,Philipp Stölzl,"February 4, 2018",2012,"United States, Canada, Belgium, United Kingdom",
El Barco,," July 1, 2017",2013,Spain,
El Cartel,,"August 24, 2018",2008,Colombia,
El Cartel 2,,"August 24, 2018",2010,Colombia,
El Chavo,,"December 31, 2017",1979,Mexico,
El Che,Matías Gueilburt,"October 15, 2017",2017,Venezuela,
El Clon,,"May 18, 2017",2010,United States,
El fin de ETA,Justin Webster,"April 8, 2017",2017,Spain,
El Vato,," February 24, 2018",2017,United States,
El Viaje: Márama y Rombai,Federico Lemos,"October 18, 2017",2016,,
Elephants Dream 4 Hour,Bassam Kurdali,"August 23, 2018",2006,Netherlands,
Elizabeth at 90: A Family Tribute,John Bridcut,"May 22, 2017",2016,United Kingdom,
Elizabeth Harvest,Sebastian Gutierrez,"August 1, 2020",2019,United States,
Elles étaient en guerre (1914-1918),"Fabien Beziat, Hugues Nancy","December 31, 2017",2014,France,
Elles étaient en guerre 1939-1945,"Hugues Nancy, Fabien Beziat","March 1, 2018",2015,,
Elles ont toutes une histoire,Nils Tavernier,"December 31, 2017",2016,,
Elstree 1976,Jon Spira,"September 6, 2016",2015,United Kingdom,
Emelie,Michael Thelin,"August 2, 2018",2016,United States,
Emma' (Mother),Riri Riza,"October 5, 2018",2016,Indonesia,
Emo the Musical,Neil Triffett,"February 1, 2018",2016,Australia,
Emogenius,,"December 15, 2018",2017,United States,
Empire of Scents,Kim Nguyen,"January 1, 2018",2014,"Canada, France, Italy, Morocco, United States",
Employee of the Month,Greg Coolidge,"October 1, 2020",2006,United States,
Encerrados,,"June 18, 2018",2018,,
Encounter: The Killing,Ajay Phansekar,"December 31, 2019",2002,India,
Encounters with Evil,,"July 12, 2019",2016,United Kingdom,
End of Watch,David Ayer,"November 23, 2019",2012,United States,
Enemigo íntimo,,"August 8, 2018",2018,,
Enemy,Denis Villeneuve,"July 15, 2018",2013,"Canada, Spain, France",
Enlighten Us,Jenny Carchman,"January 18, 2017",2016,United States,
Entanglement,Jason James,"December 9, 2018",2018,Canada,
Enter the Dragon,Robert Clouse,"January 1, 2021",1973,"Hong Kong, United States",
Equals,Drake Doremus,"October 28, 2018",2015,"United States, Indonesia",
Equilibrium,Kurt Wimmer,"June 8, 2019",2002,United States,
"Escape from the ""Liberty"" Cinema",Wojciech Marczewski,"October 1, 2019",1990,Poland,
Esperando La Carroza,Alejandro Doria,"July 15, 2018",1985,Argentina,
Estar o no estar,Marcelo González,"January 14, 2017",2016,Mexico,
Ethirmarai,,"April 1, 2018",2018,India,
Euphoria,Valeria Golino,"November 1, 2019",2018,Italy,
Eurovision Song Contest,,"July 23, 2019",2019,,
Evan Almighty,Tom Shadyac,"April 16, 2019",2007,United States,
Event Horizon,Paul W.S. Anderson,"January 1, 2020",1997,"United Kingdom, United States",
Every Time I Die,Robi Michael,"February 25, 2020",2019,United States,
Everybody Knows,Asghar Farhadi,"June 6, 2019",2019,"Spain, France, Italy",
Everyday Miracles,,"August 1, 2017",2014,United Kingdom,
Evolution,Ivan Reitman,"November 20, 2019",2001,United States,
Ex Machina,Alex Garland,"July 26, 2018",2015,United Kingdom,
Ex-Boyfriend,,"January 1, 2017",2011,China,
Exclusive Edition,James Lee,"August 14, 2017",2008,,
Executive Decision,Stuart Baird,"November 1, 2019",1996,United States,
Exit Afghanistan,"Anders Sømme Hammer, Marius Arnesen, Klaus Erik Okstad, Olav Njaastad","July 1, 2016",2013,Norway,
Exit Strategy,Michael Whitton,"March 3, 2019",2012,United States,
Exit Wounds,Andrzej Bartkowiak,"October 1, 2019",2001,United States,
Expo,Joseph Mbah,"August 29, 2019",2019,United States,
Extras,,"March 31, 2017",2006,"United Kingdom, United States",
Eyyvah Eyyvah,Hakan Algül,"March 10, 2017",2010,Turkey,
Eyyvah Eyyvah 2,Hakan Algül,"March 10, 2017",2011,Turkey,
Eyyvah Eyyvah 3,Hakan Algül,"March 10, 2017",2014,Turkey,
Ezel,,"December 26, 2016",2009,Turkey,
F the Prom,Benny Fine,"March 5, 2018",2017,United States,
Face 2 Face,Matt Toronto,"January 15, 2018",2017,United States,
Fairy Tail,,"April 1, 2017",2009,Japan,
Fake or Fortune?,,"July 26, 2019",2015,United Kingdom,
Fakta Ladh Mhana,Sanjay Jadhav,"February 15, 2018",2011,India,
Fall Girls,Chris Stokes,"January 1, 2020",2019,United States,
Fallen,Gregory Hoblit,"November 1, 2019",1998,United States,
Familiye,"Sedat Kirtan, Kubilay Sarikaya","May 1, 2019",2017,Germany,
Famous in Ahmedabad,Hardik Mehta,"December 15, 2016",2015,India,
Fanatic,Keith L. Smith,"August 24, 2019",2019,United States,
Fandry,Nagraj Manjule,"January 1, 2018",2014,India,
Farce,Shadi Ali,"June 6, 2019",2017,Egypt,
Fatal Destiny,,"July 13, 2018",2016,,
Father Brown,Ian Barber," March 31, 2018",2017,United Kingdom,
Fear and Loathing in Las Vegas,Terry Gilliam,"November 1, 2019",1998,United States,
Fear Files... Har Mod Pe Darr,,"June 1, 2017",2015,India,
Feel Rich,Peter Spirer,"August 23, 2017",2017,United States,
Fiddler on the Roof,Norman Jewison,"July 1, 2020",1971,United States,
Fifty,Biyi Bandele,"December 28, 2015",2015,Nigeria,
Figaro Pho,Luke Jurevicius,"September 1, 2016",2008,United Kingdom,
Figures of Speech,Ari Levinson,"December 21, 2016",2016,United States,
Filinta,,"April 15, 2017",2015,Turkey,
Filmworker,Tony Zierra,"November 1, 2018",2017,United States,
Filosofi Kopi The Movie,Angga Dwimas Sasongko,"October 11, 2018",2015,Indonesia,
Final Destination,James Wong,"January 1, 2020",2000,United States,
Final Destination 2,David R. Ellis,"January 1, 2020",2003,"United States, Canada",
Final Destination 3,James Wong,"January 1, 2020",2006,"United States, Germany",
Fire at Sea,Gianfranco Rosi,"March 21, 2017",2016,"Italy, France",
Fireflies,Sabal Singh Shekawat,"April 24, 2019",2013,India,
First Impression,Arthur Muhammad,"May 17, 2019",2018,United States,
First Kill,Steven C. Miller,"September 1, 2019",2017,"United Kingdom, Canada, United States",
FirstBorn,Nirpal Bhogal,"March 31, 2017",2016,United Kingdom,
Fishpeople,Keith Malloy,"April 1, 2018",2017,,
Fishtail,Andrew Renzi,"October 1, 2018",2015,United States,
Fit for Fashion,," December 14, 2018",2015,,
Fittest in Dubai,Gerry Blaksley,"April 15, 2020",2019,United Arab Emirates,
Five Elements Ninjas,Cheh Chang,"September 17, 2019",1982,Hong Kong,
Fix It and Finish It,," July 20, 2018",2014,United States,
Flash of Genius,Marc Abraham,"January 16, 2017",2008,"Canada, United States",
Flimflam,Khaled Marei,"June 13, 2019",2016,Egypt,
Flock of Four,Gregory Caruso,"August 1, 2018",2018,United States,
Flowering Heart,,"July 1, 2019",2016,South Korea,
Flying Guillotine 2,"Kang Cheng, Shan Hua","July 31, 2018",1978,Hong Kong,
Follow Me,Asri Bendacha,"November 16, 2018",2017,"United Arab Emirates, United States, United Kingdom",
Food: Delicious Science,,"October 1, 2017",2017,,
Footprints in the Sand,,"October 16, 2017",2011,United States,
Footprints: The Path of Your Life,Juan Manuel Cotelo,"June 30, 2017",2015,Spain,
For Colored Girls,Tyler Perry,"May 1, 2020",2010,United States,
For Grace,"Mark Helenowski, Kevin Pang","March 2, 2016",2015,United States,
For Greater Glory,Dean Wright,"August 2, 2019",2012,Mexico,
For Love or Money,Mark Murphy,"August 16, 2019",2019,United Kingdom,
For the Birds,Richard Miron,"September 1, 2019",2018,United States,
For the Love of Benji,Joe Camp,"March 6, 2018",1977,United States,
For the Win,,"December 31, 2018",2017,United States,
Forbidden Games: The Justin Fashanu Story,"Jon Carey, Adam Darke","December 1, 2017",2017,United Kingdom,
Forbidden Planet,Fred M. Wilcox,"November 1, 2019",1956,United States,
Forces of Nature,,"March 1, 2017",2016,United Kingdom,
Forever Chape,Luis Ara,"August 2, 2018",2018,Brazil,
Forever Pure,Maya Zinshtein,"May 29, 2017",2016,"United Kingdom, Israel, Russia",
Forget Me Not,,"September 18, 2017",2011,United Kingdom,
Forks Over Knives,Lee Fulkerson,"October 3, 2019",2011,United States,
Four Christmases,Seth Gordon,"January 1, 2021",2008,"Germany, United States",
Four Seasons in Havana,,"December 9, 2016",2016,"Spain, Cuba",
Four Weddings and a Funeral,Mike Newell,"August 1, 2019",1994,United Kingdom,
Fracture,Gregory Hoblit,"April 1, 2019",2007,"United States, Germany",
Frances Ha,Noah Baumbach,"October 1, 2017",2012,"United States, Brazil",
Frasier,,,2003,United States,
Freak Show,Trudie Styler,"August 13, 2020",2018,United States,
Fred Claus,David Dobkin,"January 1, 2021",2007,United States,
Free Willy,Simon Wincer,"January 1, 2020",1993,"United States, France, Mexico",
Freeway: Crack in the System,Marc Levin,"December 15, 2017",2015,"United States, Nicaragua",
Freezer's Campaign,Sameh Abdulaziz,"June 6, 2019",2016,Egypt,
French Dirty,"Wade Allain-Marcus, Jesse Allain-Marcus","February 4, 2016",2015,United States,
Freshman Year,Jude Okwudiafor Johnson,"March 3, 2020",2019,United States,
Friday Night Tykes,," January 17, 2018",2017,United States,
Friday the 13th,Marcus Nispel,"January 1, 2020",2009,United States,
Friend Request,Simon Verhoeven,"April 18, 2018",2016,Germany,
Friends,,,2003,United States,
From Japan to Egypt,Mahmoud Karim,"June 6, 2019",2017,Egypt,
From Paris with Love,Pierre Morel,"September 8, 2020",2010,"France, United Kingdom, United States",
Froning: The Fittest Man in History,Heber Cannon,"July 15, 2018",2016,United States,
Frozen Planet,Alastair Fothergill,"January 28, 2016",2011,"United Kingdom, United States, Spain, Germany, Greece, Canada",
Frozen Planet: On Thin Ice,,"January 28, 2016",2011,"United Kingdom, United States, Spain, Germany, Greece, Canada",
Frozen Planet: The Epic Journey,,"January 28, 2016",2011,"United Kingdom, United States, Spain, Germany, Greece, Canada",
Frozen River,Courtney Hunt,"July 1, 2019",2008,United States,
Full Out,Sean Cisterna,"September 1, 2016",2015,"Canada, United States",
Functional Fitness,Bob Rose,"January 1, 2018",2016,United States,
Furie,Le Van Kiet,"September 25, 2019",2019,Vietnam,
Furthest Witness,Adam Del Giudice,"April 24, 2019",2017,"United States, United Kingdom",
G-Force,Hoyt Yeatman,"March 15, 2019",2009,United States,
Gabriel and the Mountain,Fellipe Barbosa,"November 9, 2018",2017,"Brazil, France",
Gabru: Hip Hop Revolution,,"June 1, 2018",2018,India,
Gagarin: First in Space,Pavel Parkhomenko,"September 15, 2017",2013,Russia,
Galavant,," September 7, 2016",2016,United States,
Galih dan Ratna,Lucky Kuswandi,"September 15, 2018",2017,Indonesia,
Game Winning Hit,,"September 1, 2016",2009,Taiwan,
Gangs of Hassepur,,"April 15, 2017",2014,India,
Gangs of New York,Martin Scorsese,"August 20, 2019",2002,"United States, Italy",
Gargantia on the Verdurous Planet,,"December 1, 2016",2013,Japan,
Garuda Di Dadaku,Ifa Isfansyah,"October 9, 2018",2009,Indonesia,
Garuda in My Heart 2,Rudy Soedjarwo,"November 30, 2018",2011,Indonesia,
Gehenna: Where Death Lives,Hiroshi Katagiri,"December 10, 2018",2016,"Japan, United States",
Gelo,Manbhavan Singh,"December 15, 2017",2016,India,
Gemini,P.K. Baaburaaj,"July 1, 2018",2018,India,
Gender Revolution: A Journey with Katie Couric,,"February 1, 2018",2017,United States,
Genius of the Ancient World,,"August 1, 2017",2015,United Kingdom,
Genius of the Modern World,,"August 1, 2017",2016,United Kingdom,
Gentlemen and Gangsters,,"June 1, 2016",2016,Sweden,
George of the Jungle 2,David Grossman,"December 20, 2016",2003,"United States, Australia",
Geronimo Stilton,Guy Vasilovich,"December 31, 2017",2011,"Italy, Canada, France",
Get Him to the Greek,Nicholas Stoller,"January 16, 2020",2010,United States,
Get Santa,Christopher Smith,"December 12, 2014",2014,"United Kingdom, United States",
Get Shorty,,"November 1, 2018",2017,United States,
Get Smart,Peter Segal,"April 1, 2019",2008,United States,
Getting Played,David Silberg,"November 1, 2019",2005,United States,
Ghayal,Rajkumar Santoshi,"December 31, 2019",1990,India,
Ghost House,Rich Ragsdale,"December 31, 2017",2017,"Thailand, United States",
Ghost Pain,"Kazuchika Kise, Masahiko Murata","February 24, 2019",2013,Japan,
Ghost Rider,Mark Steven Johnson,"October 1, 2020",2007,"United States, Australia",
Ghost Tears,Kazuchika Kise,"February 24, 2019",2014,Japan,
Ghost Town Gold,,"October 2, 2019",2012,United States,
Ghost Whispers,Kazuchika Kise,"February 24, 2019",2013,Japan,
Ghulam-E-Musthafa,Partho Ghosh,"December 31, 2019",1997,India,
Gie,Riri Riza,"September 15, 2018",2005,Indonesia,
Gigi,"Vincente Minnelli, Charles Walters","November 1, 2019",1958,United States,
Ginger & Rosa,Sally Potter,"July 15, 2018",2012,"United Kingdom, Denmark, Canada, Croatia",
"Girl, Boy, Bakla, Tomboy",Wenn V. Deramas,"February 27, 2019",2013,Philippines,
GLOW: The Story of the Gorgeous Ladies of Wrestling,Brett Whitcomb,"March 31, 2017",2012,United States,
Glowing Embers,,"August 14, 2017",2010,,
God Bless the Broken Road,Harold Cronk,"February 9, 2019",2018,United States,
God Knows Where I Am,"Jedd Wider, Todd Wider","October 22, 2018",2016,United States,
God of War,Gordon Chan,"December 16, 2017",2017,"China, Hong Kong",
God's Not Dead,Harold Cronk,"April 1, 2020",2014,United States,
God's Not Dead: A Light in Darkness,Michael Mason,"December 4, 2018",2018,United States,
God's Own Country,Francis Lee,"May 1, 2018",2017,United Kingdom,
Gol Maal,Hrishikesh Mukherjee,"December 31, 2019",1979,India,
Golden Time,Takuya Inaba,"November 1, 2017",2013,Japan,
GoldenEye,Martin Campbell,"December 31, 2019",1995,"United Kingdom, United States",
Goldie,Sam de Jong,"June 22, 2020",2019,United States,
Goldie & Bear,," October 31, 2018",2017,United States,
Goldstone,Ivan Sen,"December 10, 2018",2016,Australia,
Golmaal: Fun Unlimited,Rohit Shetty,"December 31, 2019",2006,India,
Gomorrah,," August 21, 2017",2016,"Italy, Germany",
Gone are the Days,Mark Landre Gould,"January 1, 2019",2018,United States,
Gonul,Neslihan Yesilyurt,"July 12, 2017",2015,Turkey,
Good Kids,Chris McCoy,"January 19, 2017",2016,United States,
Good Kill,Andrew Niccol,"April 2, 2017",2014,United States,
Good Kisser,Wendy Jo Carlton,"August 20, 2020",2019,United States,
Good Luck,Tarek Abdel Moaty,"June 21, 2019",2012,Egypt,
"Good Night, and Good Luck",George Clooney,"June 2, 2019",2005,"United States, France, United Kingdom, Japan",
Good People,Henrik Ruben Genz,"September 8, 2017",2014,"United States, United Kingdom, Denmark, Sweden",
GoodFellas,Martin Scorsese,"January 1, 2021",1990,United States,
Gook,Justin Chon,"March 6, 2018",2017,United States,
Goon,Michael Dowse,"August 15, 2017",2011,"United States, Canada",
Goosebumps 2: Haunted Halloween,Ari Sandel,"April 25, 2019",2018,"United States, United Kingdom",
Gosford Park,Robert Altman,"November 1, 2019",2001,"United States, United Kingdom, Italy",
Gossip Girl,," October 8, 2013",2012,United States,
Gothika,Mathieu Kassovitz,"January 1, 2021",2003,"United States, France, Canada, Spain",
Gour Hari Dastaan: The Freedom File,Ananth Narayan Mahadevan,"October 15, 2017",2015,India,
Gran Torino,Clint Eastwood,"October 1, 2020",2008,"Germany, United States",
Grand Designs,,"August 1, 2019",2017,United Kingdom,
Grand Hotel,," November 1, 2017",2013,Spain,
Grand Masti,Indra Kumar,"March 1, 2018",2013,India,
Grass,Tanuj Chopra,"February 14, 2019",2017,United States,
Grease,Randal Kleiser,"November 1, 2019",1978,United States,
Great Interior Design Challenge,," December 1, 2018",2016,United Kingdom,
Great Yellowstone Thaw,,"October 1, 2017",2017,United Kingdom,
Green Room,Jeremy Saulnier,"November 12, 2018",2015,United States,
Green White Green (And All the Beautiful Colours in My Mosaic of Madness),Abba T. Makama,"January 1, 2018",2016,Nigeria,
Gringo: The Dangerous Life of John McAfee,Nanette Burstein,"April 1, 2018",2016,United States,
Growing Up Coy,Eric Juhola,"January 6, 2017",2016,United States,
Gun Runners,Anjali Nayar,"February 1, 2017",2015,Canada,
Gunslinger Girl,,,2008,Japan,
Guy Martin: Last Flight of the Vulcan Bomber,James Woodroffe,"July 26, 2019",2015,United Kingdom,
Héroes,Esteban Vidal,"August 19, 2018",2015,Chile,
Hükümet Kadin,Sermiyan Midyat,"March 10, 2017",2013,Turkey,
Hükümet Kadin 2,Sermiyan Midyat,"March 10, 2017",2013,Turkey,
Ha Unlimited,,"May 11, 2018",2016,,
Haapus,,"March 15, 2018",2010,India,
Hadi İnşallah,Ali Taner Baltacı,"April 4, 2018",2014,Turkey,
Hairspray,Adam Shankman,"January 1, 2020",2007,"United States, United Kingdom, Canada",
HALO Legends,"Shinji Aramaki, Mamoru Oshii, Hideki Futamura, Toshiyuki Kanno, Tomoki Kyoda, Koichi Mashimo, Yasushi Muraki, Daisuke Nishio, Frank O'Connor, Koji Sawai, Joseph Chou, Hiroshi Yamazaki","May 1, 2017",2009,"United States, Japan",
Halo: The Fall of Reach,Ian Kirby,"March 7, 2016",2015,United States,
Hamara Dil Aapke Paas Hai,Satish Kaushik,"March 1, 2018",2000,India,
Hamburger Hill,John Irvin,"November 23, 2019",1987,United States,
Hamza's Suitcase,Akram Farouk,"May 2, 2019",2017,Egypt,
Hangman,Johnny Martin,"May 6, 2020",2017,United States,
Hank: Five Years from the Brink,Joe Berlinger,"August 25, 2018",2013,United States,
Hannibal,,"June 6, 2020",2015,United States,
Hans Zimmer: Live in Prague,Tim Van Someren,"March 1, 2018",2017,United Kingdom,
Happy 300 Days,,"January 1, 2017",2013,Taiwan,
Happy Hunting,"Joe Dietsch, Louie Gibson","January 1, 2018",2017,United States,
Happy Times,Luis Javier M. Henaine,"February 8, 2017",2014,Mexico,
Happy Valley,," March 16, 2016",2016,United Kingdom,
Happyish,,"July 1, 2016",2015,United States,
Hard Tide,"Robert Osman, Nathanael Wiseman","September 6, 2017",2015,United Kingdom,
Hardcore Henry,Ilya Naishuller,"August 1, 2020",2015,"Russia, United States, China",
Harlem Globetrotters: The Team That Changed the World,,"November 1, 2019",2005,,
Harold & Kumar Escape from Guantanamo Bay,"Jon Hurwitz, Hayden Schlossberg","October 1, 2019",2008,United States,
Harold & Kumar Go to White Castle,Danny Leiner,"January 1, 2020",2004,"United States, Canada, Germany",
Harold and Lillian: A Hollywood Love Story,Daniel Raim,"November 25, 2018",2015,United States,
Harold Shipman - Driven to Kill,,"February 1, 2019",2014,United Kingdom,
Harriet the Spy: Blog Wars,Ron Oliver,"April 15, 2018",2010,"United States, Canada",
Harry & Bunnie,Ah Loong,"October 15, 2017",2017,Malaysia,
Harry and Snowman,Ron Davis,"January 15, 2017",2015,United States,
Harry Benson: Shoot First,"Justin Bare, Matthew Miele","May 1, 2017",2016,United States,
Hart of Dixie,," December 15, 2015",2014,United States,
Haseena Maan Jaayegi,David Dhawan,"March 1, 2018",1999,India,
Hati Perempuan,,"August 21, 2017",2015,Indonesia,
Haunters: The Art of the Scare,Jon Schnitzer,"January 2, 2018",2017,United States,
Haunting on Fraternity Row,Brant Sersen,"March 1, 2019",2018,United States,
Have You Seen the Listers?,Eddie Martin,"February 1, 2019",2017,Australia,
Haven,," September 8, 2015",2015,"Canada, United States",
Havenhurst,Andrew C. Erin,"June 10, 2017",2016,United States,
Haywire,Steven Soderbergh,"March 1, 2020",2011,"Ireland, United States",
He Named Me Malala,Davis Guggenheim,"June 1, 2018",2015,"United States, United Arab Emirates",
He's Out There,Quinn Lasher,"January 12, 2019",2018,United States,
Head Count,Elle Callahan,"September 13, 2019",2018,United States,
Head On,Ana Kokkinos,"August 25, 2018",1998,Australia,
Heal,Kelly Noonan,"February 1, 2019",2017,United States,
Heartbreakers,David Mirkin,"December 31, 2019",2001,United States,
Heartthrob,Chris Sivertson,"January 1, 2018",2017,United States,
Heavy Rescue: 401,,"June 22, 2018",2018,Canada,
Hedgehogs,Huang Jianming,"April 1, 2019",2016,"United States, China",
Helix,,"November 10, 2018",2015,"United States, Canada",
Hell and Back,"Tom Gianas, Ross R. Shuman","September 6, 2018",2015,United States,
Hell on Wheels,," May 28, 2016",2016,"Canada, United Kingdom",
Hell or High Water,David Mackenzie,"January 1, 2019",2016,United States,
Hellboy,Guillermo del Toro,"December 1, 2018",2004,United States,
Her,Spike Jonze,"July 29, 2018",2013,United States,
Her Only Choice,Christel Gibson,"May 2, 2019",2018,United States,
Hera Pheri,Prakash Mehra,"December 31, 2019",1976,India,
Here Alone,Rod Blackhurst,"July 1, 2017",2016,United States,
Hero,Corey Yuen,"August 1, 2018",1997,"Hong Kong, China",
Herrens veje,,"June 1, 2019",2018,Denmark,
Hickok,Timothy Woodward Jr.,"July 24, 2020",2017,United States,
Hidden Singer,,"May 19, 2017",2015,South Korea,
Hide & Seek,Shawn Arranha,"March 1, 2018",2010,India,
Hide and Seek,Liu Jie,"August 19, 2017",2016,China,
Highly Strung,Scott Hicks,"February 1, 2017",2015,Australia,
Highway Thru Hell,," December 3, 2019",2016,Canada,
Highway to Heaven,," November 1, 2016",1988,United States,
Hinterland,,"August 1, 2017",2016,United Kingdom,
Hiroshima: The Real History,Lucy van Beek,"March 31, 2017",2015,United Kingdom,
Hisss,Jennifer Lynch,"December 1, 2017",2010,"India, United States",
Historia de un clan,,"January 13, 2017",2015,Argentina,
History of Joy,Vishnu Govindhan,"August 1, 2018",2017,India,
History's Greatest Hoaxes,,"July 12, 2019",2016,Australia,
Hitch,Andy Tennant,"January 1, 2020",2005,United States,
Hitler's Olympics,Daniel Kontur,"August 1, 2016",2016,United Kingdom,
Hitler's Steel Beast,Daniel Ablin,"November 1, 2017",2017,France,
Ho Mann Jahaan,Asim Raza,"July 1, 2017",2015,Pakistan,
Hogie the Globehopper,,"August 1, 2017",2016,United States,
Hokkabaz,"Ali Taner Baltacı, Cem Yılmaz","March 10, 2017",2006,Turkey,
Holding the Man,Neil Armfield,"August 1, 2016",2015,Australia,
Holidays,"Anthony Scott Burns, Nicholas McCarthy, Adam Egypt Mortimer, Gary Shore, Kevin Smith, Sarah Adina Smith, Scott Stewart, Kevin Kolsch, Dennis Widmyer","July 15, 2016",2016,"United States, Ireland",
Holy Hell,Will Allen,"September 1, 2016",2016,United States,
Holy Man 2,Note Chern-Yim,"July 30, 2018",2008,Thailand,
Holy Man 3,Note Chern-Yim,"July 30, 2018",2010,Thailand,
Hombanna,Rakshith Thirthahalli,"May 1, 2018",2017,India,
Homeland,Anindya Chatterjee,"October 15, 2019",2019,,
Honey 2,Bille Woodruff,"October 1, 2019",2011,United States,
Honey: Rise Up and Dance,Bille Woodruff,"April 3, 2018",2018,United States,
Hoodwinked Too! Hood vs. Evil,Mike Disa,"November 3, 2018",2011,United States,
Hope Aur Hum,Sudip Bandyopadhyay,"September 1, 2018",2018,India,
Hope Springs Eternal,Jack C. Newell,"November 8, 2018",2018,United States,
Hope: One in a Billion,Brodje Wemboendja,"December 15, 2019",2017,"United States, South Africa",
Hormones,,"June 30, 2018",2015,Thailand,
Horns,Alexandre Aja,"August 1, 2019",2013,"United States, Canada",
Horror Homes,,"October 2, 2019",2016,United Kingdom,
Horror Story,Ayush Raina,"April 12, 2019",2013,India,
Hostage to the Devil,Marty Stalker,"January 15, 2017",2016,"Ireland, United Kingdom, Italy, United States",
Hostages,Federico Lemos,"January 29, 2018",2017,,
Hostiles,Scott Cooper,"August 15, 2018",2017,United States,
Hot Bot,Michael Polish,"March 1, 2016",2016,United States,
Hot Property,Max McGill,"August 13, 2017",2016,United Kingdom,
Hot Rod,Akiva Schaffer,"November 20, 2019",2007,United States,
Hotel Beau Séjour,,"March 16, 2017",2017,Belgium,
Hotel Pacific,Janusz Majewski,"October 1, 2019",1975,"Poland,",
Hotel Transylvania 3: Summer Vacation,Genndy Tartakovsky,"January 24, 2019",2018,United States,
House at the End of the Street,Mark Tonderai,"May 8, 2020",2012,"United States, Canada",
House of Z,Sandy Chronopoulos,"January 6, 2018",2016,"United States, Canada",
"Houston, We Have a Problem!",Ziga Virc,"July 20, 2017",2016,"Slovenia, Croatia, Germany, Czech Republic, Qatar",
How the Beatles Changed the World,Tom O'Dell,"February 1, 2018",2017,"United States, United Kingdom",
How the Grinch Stole Christmas,Ron Howard,"June 1, 2017",2000,United States,
How to Be a Latin Lover,Ken Marino,"November 1, 2019",2017,"Mexico, United States",
How to Be a Player,Lionel C. Martin,"November 1, 2019",1997,United States,
How to Change the World,Jerry Rothwell,"January 1, 2016",2015,"Canada, United Kingdom, Netherlands",
How to Live Mortgage Free with Sarah Beeny,,"September 15, 2018",2018,,
How to Make an American Quilt,Jocelyn Moorhouse,"April 1, 2018",1995,United States,
How to Win the US Presidency,Cal Saville,"August 1, 2016",2016,United States,
Hridaynath,Amar Gupte,"January 1, 2018",2012,India,
Hulk Vs.,"Sam Liu, Frank Paur","June 1, 2020",2009,United States,
Hum Saath-Saath Hain,Sooraj R. Barjatya,"January 1, 2018",1999,India,
Humko Deewana Kar Gaye,Raj Kanwar,"October 22, 2017",2006,India,
Humsafar,,"December 15, 2016",2011,Pakistan,
Hungerford,Drew Casson,"June 23, 2018",2014,United Kingdom,
Hunt to Kill,Keoni Waxman,"January 1, 2020",2010,Canada,
Hunter's Prayer,Jonathan Mostow,"October 22, 2019",2015,"United States, Spain, Germany",
Hunters of the South Seas,,"February 1, 2019",2015,United Kingdom,
Huntik: Secrets and Seekers,," January 1, 2018",2011,"United States, Italy",
Hurricane Bianca,Matt Kugelman,"January 1, 2017",2016,United States,
Hurricane Bianca: From Russia With Hate,Matt Kugelman,"August 15, 2018",2018,United States,
Hustle & Flow,Craig Brewer,"December 1, 2019",2005,United States,
Hyori's Bed & Breakfast,,"March 29, 2018",2018,,
Hypersomnia,Gabriel Grieco,"June 8, 2017",2016,Argentina,
I Am,Onir,"March 4, 2019",2010,"India, Japan",
I Am Bolt,"Benjamin Turner, Gabe Turner","October 1, 2017",2016,United Kingdom,
I Am Jane Doe,Mary Mazzio,"May 26, 2017",2017,United States,
I Am Maris,Laura VanZee Taylor,"April 1, 2019",2018,United States,
I Am Me!,,"March 3, 2017",2016,Mexico,
I Am Not Madame Bovary,Feng Xiaogang,"September 2, 2017",2016,China,
I Am Sun Mu,Adam Sjöberg,"February 1, 2017",2015,"China, South Korea, United States",
I Am Vengeance,Ross Boyask,"December 22, 2018",2018,United Kingdom,
I Am Wrath,Chuck Russell,"September 16, 2019",2016,United States,
I Don't Know How She Does It,Douglas McGrath,"March 23, 2019",2011,United States,
I Dream Of Dance,Maria Demeshkina Peek,"January 31, 2019",2017,,
I Fine... Thank You... Love You,Mez Tharatorn,"September 5, 2018",2014,Thailand,
"I, Daniel Blake",Ken Loach,"April 19, 2019",2016,"United Kingdom, France, Belgium",
I'll See You in My Dreams,Brett Haley,"October 22, 2019",2015,United States,
I'm in Love with a Church Girl,Steve Race,"October 1, 2017",2013,United States,
I'm Sorry,,"September 13, 2019",2019,United States,
Ice Guardians,Brett Harvey,"October 1, 2017",2016,"Canada, Ireland, United States",
Iceman,Law Wing-cheong,"January 23, 2018",2014,"China, Hong Kong",
Ideachi Kalpana,Sachin,"January 1, 2018",2010,India,
Idiotest,,"December 15, 2018",2014,United States,
Igor,Tony Leondis,"September 1, 2019",2008,"United States, France",
Iliza Shlesinger: War Paint,Jay Chapman,"September 1, 2013",2013,United States,
Imagine That,Karey Kirkpatrick,"December 7, 2019",2009,"United States, Germany",
Immoral Tales,Walerian Borowczyk,"June 6, 2019",1974,France,
In Between,,"January 1, 2017",2012,Taiwan,
In Search of Fellini,Taron Lexton,"March 19, 2018",2017,United States,
In The Deep,Johannes Roberts,"January 10, 2018",2017,"United Kingdom, United States, Dominican Republic",
Incir Receli 2,Aytaç Ağırlar,"March 10, 2017",2014,Turkey,
Incoming,Eric Zaragosa,"October 26, 2018",2019,"Serbia, United States",
Incomplete,Suman Mukhopadhyay,"April 8, 2017",2017,India,
Inconceivable,Jonathan Baker,"March 1, 2018",2017,"United Kingdom, United States",
Incorruptible,Elizabeth Chai Vasarhelyi,"September 1, 2017",2015,"United States, Senegal",
Incredibles 2 (Spanish Version),Brad Bird,"February 8, 2019",2018,United States,
INDIA,Sanjeev Gupta,"February 17, 2017",2014,India,
India: Nature's Wonderland,,"March 1, 2017",2015,United Kingdom,
Indiana Jones and the Kingdom of the Crystal Skull,Steven Spielberg,"January 1, 2019",2008,United States,
Indiana Jones and the Last Crusade,Steven Spielberg,"January 1, 2019",1989,United States,
Indiana Jones and the Raiders of the Lost Ark,Steven Spielberg,"January 1, 2019",1981,United States,
Indiana Jones and the Temple of Doom,Steven Spielberg,"January 1, 2019",1984,United States,
Indiscretion,John Stewart Muller,"February 1, 2017",2016,United States,
Inequality for All,Jacob Kornbluth,"August 29, 2018",2013,United States,
Influx,Luca Vullo,"April 1, 2018",2016,United Kingdom,
Inglourious Basterds,Quentin Tarantino,"July 22, 2019",2009,"Germany, United States",
Inkheart,Iain Softley,"July 1, 2019",2008,"Germany, United Kingdom, United States",
Insan,K. Subhash,"March 1, 2018",2005,India,
Inside The Freemasons,,"September 15, 2018",2017,United Kingdom,
Inside the Mind of a Serial Killer,,"July 1, 2019",2015,United States,
Inside the Mossad,,"January 29, 2019",2017,Israel,
Inst@famous,,"December 31, 2018",2018,United Kingdom,
Instructions Not Included,Eugenio Derbez,"January 1, 2020",2013,Mexico,
Intelligence,,"July 19, 2017",2007,Canada,
Internet Famous,Michael Gallagher,"July 21, 2016",2016,United States,
Into the Forest,Patricia Rozema,"November 7, 2018",2015,Canada,
Inuyasha the Movie - L'isola del fuoco scarlatto,Toshiya Shinohara,"September 1, 2017",2004,Japan,
Inuyasha the Movie - La spada del dominatore del mondo,Toshiya Shinohara,"September 1, 2017",2003,Japan,
InuYasha: The Movie 2: The Castle Beyond the Looking Glass,Toshiya Shinohara,"September 1, 2017",2002,Japan,
Invictus,Clint Eastwood,"November 1, 2019",2009,United States,
Invisible Essence: The Little Prince,Charles Officer,"January 14, 2019",2018,Canada,
Inxeba,John Trengove,"February 1, 2018",2017,"South Africa, Germany, Netherlands, France",
Iqbal,Nagesh Kukunoor,"March 1, 2018",2006,India,
Irada Pakka,Kedar Shinde,"March 15, 2018",2010,India,
Iron Cowboy: The Story of the 50.50.50,Jacob Schwab,"July 19, 2019",2018,United States,
Iron Man & Captain America: Heroes United,Leo Riley,"October 12, 2014",2014,United States,
Iron Man: Armored Adventures,,"August 1, 2020",2011,"Canada, United States, United Kingdom, France, Luxembourg",
Ishqedarriyaan,V. K. Prakash,"March 1, 2018",2015,India,
Islands of the Future,,"March 1, 2017",2014,United Kingdom,
마녀사냥,,"February 19, 2018",2015,South Korea,
Issaq,Manish Tiwary,"March 1, 2018",2013,India,
It Takes Two,Andy Tennant,"November 20, 2019",1995,United States,
It's Fine,Ismail Farouk,"May 3, 2019",2012,,
It's Now or Never,Maria Ripoll,"March 1, 2016",2015,Spain,
"It's Okay, Buddy",Hani Hamdi,"June 6, 2019",2017,Egypt,
Iverson,Zatella Beatty,"April 1, 2016",2014,United States,
최강전사 미니특공대 : 영웅의 탄생,Young Jun Lee,"September 1, 2018",2018,,
Jaan-E-Mann: Let's Fall in Love... Again,Shirish Kunder,"December 31, 2019",2006,India,
Jack and the Cuckoo-Clock Heart,"Mathias Malzieu, Stéphane Berla","February 8, 2017",2013,"France, Belgium",
Jack of all Trades,"Harvey Glazer, Stuart Stone","July 16, 2019",2018,Canada,
Jack Taylor,Stuart Orme,"March 31, 2013",2016,"United States, Ireland",
Jackie Brown,Quentin Tarantino,"August 1, 2019",1997,United States,
Jackpot,Dustin Nguyen,"October 6, 2018",2015,Vietnam,
Jail,Madhur Bhandarkar,"December 31, 2019",2009,India,
Jake's Buccaneer Blast,,"August 6, 2017",2014,,
Jal,Girish Malik,"October 15, 2017",2013,India,
Jalpari: The Desert Mermaid,Nila Madhab Panda,"May 19, 2018",2012,India,
Janaan,Azfar Jafri,"September 15, 2017",2016,Pakistan,
Japanese Style Originator,,"May 1, 2017",2008,Japan,
Jay and Silent Bob Strike Back,Kevin Smith,"January 1, 2019",2001,United States,
Jealousy and medicine,Janusz Majewski,"October 1, 2019",1973,Poland,
Jeopardy!,,"December 18, 2020",2019,United States,
Jeremy Scott: The People's Designer,Vlad Yudin,"April 1, 2016",2015,United States,
Jericho,,"August 16, 2017",2008,United States,
Jersey Boys,Clint Eastwood,"January 1, 2019",2014,United States,
Jesus: Countdown to Calvary,Gerry Hoban,"April 1, 2019",2018,"Ireland, United States, France",
Jewel's Catch One,C. Fitz,"May 1, 2018",2016,United States,
Jhansi Ki Rani,,"June 1, 2017",2009,India,
Jimi Hendrix,Joe Boyd,"November 1, 2019",1973,United States,
JingleKids,,"April 1, 2019",2017,Russia,
Jiro Dreams of Sushi,David Gelb,"June 5, 2019",2011,United States,
Jis Desh Men Ganga Behti Hai,Radhu Karmakar,"December 31, 2019",1960,,
Joe Cocker: Mad Dog with Soul,John Edginton,"April 1, 2017",2017,United Kingdom,
John & Jane,Ashim Ahluwalia,"August 15, 2016",2005,India,
John Carter,Andrew Stanton,"May 2, 2019",2012,United States,
John Day,Ahishor Solomon,"December 31, 2019",2013,India,
John Mellencamp: Plain Spoken,,"February 1, 2018",2017,,
Jonathan,Bill Oliver,"April 16, 2019",2018,United States,
Jonathan Strange & Mr Norrell,Toby Haynes,"August 25, 2016",2015,United Kingdom,
Jora 10 Numbaria,Amardeep Singh Gill,"January 1, 2018",2017,India,
Juana Brava,,"March 20, 2017",2015,Chile,
Juana Inés,,"January 27, 2017",2016,Mexico,
Judwaa,David Dhawan,"December 31, 2019",1997,India,
Judy Moody and the Not Bummer Summer,John Schultz,"August 8, 2019",2011,United States,
Jugaad,Susannah Heath-Eves,"September 15, 2018",2017,,
Julie & Julia,Nora Ephron,"January 1, 2021",2009,United States,
Julius Jr.,," November 3, 2015",2014,United States,
Jumping the Broom,Salim Akil,"November 1, 2020",2011,United States,
Junebug,Phil Morrison,"March 1, 2019",2005,United States,
Jupiter Ascending,"Lana Wachowski, Lilly Wachowski","August 1, 2019",2015,"United States, Australia",
Just Friends,Roger Kumble,"September 1, 2019",2005,"Germany, United States, Canada",
"Justice, My Foot!",Johnnie To,"August 31, 2018",1992,Hong Kong,
Justin Bieber: Never Say Never,Jon M. Chu,"January 1, 2018",2011,United States,
K,,"December 1, 2016",2012,Japan,
K-19: The Widowmaker,Kathryn Bigelow,"November 21, 2019",2002,"United Kingdom, Germany, Canada, United States",
Kaçak,,"December 26, 2016",2013,Turkey,
Kaabil,Sanjay Gupta,"June 25, 2017",2017,India,
Kaakan,Kranti Redkar,"March 1, 2018",2015,India,
Kaalia,Tinnu Anand,"December 31, 2019",1981,India,
Kaaliyan,Jijo Pancode,"August 1, 2018",2017,India,
Kabali (Hindi Version),Pa. Ranjith,"December 15, 2017",2016,India,
Kacche Dhaagey,Buta Singh,"November 1, 2017",2016,India,
Kahlil Gibran's The Prophet,"Roger Allers, Gaëtan Brizzi, Paul Brizzi, Joan C. Gratz, Mohammed Saeed Harib, Tomm Moore, Nina Paley, Bill Plympton, Joann Sfar, Michael Socha","October 1, 2017",2014,"United States, France, Canada, Lebanon, Qatar",
Kajraare,Pooja Bhatt,"October 22, 2017",2010,India,
Kaleidoscope,Rupert Jones,"May 8, 2018",2016,United Kingdom,
Kalki,Dhilip Kumar,"March 1, 2018",2017,India,
Kanika,,"March 1, 2018",2017,India,
Karzzzz,Satish Kaushik,"October 22, 2017",2008,India,
Kate & Leopold,James Mangold,"January 1, 2020",2001,United States,
Katha,Sai Paranjape,"December 31, 2019",1982,India,
Katt Williams: Live,Alphonso J. Wesson,"July 19, 2018",2006,United States,
Kaviyude Osyath,Vineeth Anil,"July 1, 2018",2017,India,
Kay Dyache Bola,Chandrakant Kulkarni,"January 1, 2018",2005,India,
Ken Burns: The Civil War,Ken Burns,"February 22, 2017",1990,United States,
Ken Burns: The Roosevelts: An Intimate History,Ken Burns,"February 22, 2017",2014,United States,
Ken Burns: The West,,"March 14, 2017",1996,United States,
Kevin Hart: Laugh at My Pain,"Leslie Small, Tim Story","October 1, 2018",2011,United States,
Kevin Hart: Let Me Explain,"Leslie Small, Tim Story","July 13, 2018",2013,United States,
Kevin Hart: Seriously Funny,Shannon Hartman,"October 1, 2018",2010,United States,
Kevyn Aucoin: Beauty & the Beast in Me,Lori Kaye,"January 1, 2019",2017,United States,
Khaani,,"August 1, 2019",2017,Pakistan,
Khalnayak,Subhash Ghai,"March 1, 2018",1993,India,
Khan: No. 1 Crime Hunter,,"May 1, 2018",2018,India,
Khelti Hai Zindagi Aankh Micholi,,"April 1, 2017",2013,India,
Khosla Ka Ghosla,Dibakar Banerjee,"August 2, 2018",2006,India,
Khotey Sikkey,,"March 15, 2018",2011,India,
Khubsoorat,Hrishikesh Mukherjee,"December 31, 2019",1980,India,
Khushi,"Surya S.J., Sunil Kumar Agrawal","March 1, 2018",2003,India,
Kia and Cosmos,Sudipto Roy,"May 1, 2019",2018,India,
Kickboxer: Retaliation,Dimitri Logothetis,"April 26, 2018",2017,United States,
Kickboxer: Vengeance,John Stockwell,"December 8, 2016",2016,United States,
Kicking and Screaming,Noah Baumbach,"November 4, 2019",1995,United States,
Kid Kulafu,Paul Soriano,"March 4, 2019",2015,Philippines,
Kidnapping Mr. Heineken,Daniel Alfredson,"September 8, 2017",2015,"Netherlands, Belgium, United Kingdom, United States",
Kikoriki,,,2010,,
Kill Bill: Vol. 1,Quentin Tarantino,"January 1, 2020",2003,"United States, Japan",
Kill Bill: Vol. 2,Quentin Tarantino,"January 1, 2020",2004,United States,
Kill Command,Steven Gomez,"February 23, 2017",2016,United Kingdom,
Kill Hitler! The Luck of the Devil,Frédéric Tonolli,"May 1, 2019",2015,France,
Kill Ratio,Paul Tanter,"February 17, 2017",2016,United States,
Kill the Irishman,Jonathan Hensleigh,"August 21, 2020",2011,United States,
Killer Klowns from Outer Space,Stephen Chiodo,"April 1, 2020",1988,United States,
Killers,Robert Luketic,"January 1, 2021",2010,United States,
Kills on Wheels,Attila Till,"March 15, 2018",2016,Hungary,
Kilo Two Bravo,Paul Katis,"March 1, 2019",2014,United Kingdom,
King Jack,Felix Thompson,"July 1, 2016",2015,United States,
King's Ransom,Jeffrey W. Byrd,"November 1, 2019",2005,"United States, Canada",
Kingdoms of the Sky,Steve Greenwood,"October 1, 2018",2018,,
Kingpin,"Peter Farrelly, Bobby Farrelly","January 1, 2020",1996,United States,
Kings,Deniz Gamze Ergüven,"October 29, 2018",2017,"France, Belgium, China, United States",
Kis Kisko Pyaar Karoon,"Abbas Alibhai Burmawalla, Mastan Alibhai Burmawalla","November 1, 2017",2015,India,
Kiss the Girls,Gary Fleder,"January 1, 2020",1997,United States,
Kiss The Series,,"May 26, 2019",2016,,
Kitten Rescuers,,"October 2, 2019",2017,United Kingdom,
KL Zombi,Woo Ming Jin,"August 21, 2017",2013,Malaysia,
Knights of Sidonia,," December 1, 2019",2015,Japan,
Knock Knock,Eli Roth,"November 1, 2020",2015,"United States, Chile, Israel",
Know Your Enemy - Japan,"Frank Capra, Joris Ivens","March 31, 2017",1945,United States,
Knowing,Alex Proyas,"October 1, 2019",2009,"United States, United Kingdom, Australia",
Koko: The Gorilla Who Talks,Jonathan Taylor,"March 1, 2017",2016,United Kingdom,
Kon Kon Kon,,"February 16, 2018",2014,,
Kon-Tiki,"Joachim Rønning, Espen Sandberg","April 26, 2019",2012,"United Kingdom, Norway, Denmark, Germany, Sweden",
Koshish,Gulzar,"December 31, 2019",1972,India,
Kraftidioten,Hans Petter Moland,"January 5, 2017",2014,"Norway, Denmark, Sweden",
Krish Trish and Baltiboy,,"September 8, 2017",2009,,
Krish Trish and Baltiboy: Battle of Wits,"Munjal Shroff, Tilak Shetty","September 8, 2017",2013,,
Krish Trish and Baltiboy: Best Friends Forever,"Munjal Shroff, Tilak Shetty","September 8, 2017",2016,,
Krish Trish and Baltiboy: Comics of India,Tilak Shetty,"September 8, 2017",2012,,
Krish Trish and Baltiboy: Face Your Fears,Tilak Shetty,"November 17, 2017",2017,India,
Krish Trish and Baltiboy: Oversmartness Never Pays,Tilak Shetty,"September 8, 2017",2017,,
Krish Trish and Baltiboy: Part II,,"September 8, 2017",2010,,
Krish Trish and Baltiboy: The Greatest Trick,"Munjal Shroff, Tilak Shetty","September 8, 2017",2013,,
Krisha,Trey Edward Shults,"November 7, 2018",2015,United States,
Krishna Balram,,"July 8, 2019",2019,,
Kristy,Oliver Blackburn,"October 31, 2015",2013,United States,
Krystal,William H. Macy,"January 1, 2019",2017,United States,
Kuldip Patwal: I Didn't Do It!,Remy Kohli,"December 31, 2019",2017,India,
Kung Fu Hustle,Stephen Chow,"April 1, 2020",2004,"Hong Kong, China, United States",
Kung Fu Magoo,Andrés Couturier,"August 1, 2018",2010,"Mexico, United States",
Kung Fu Panda: Holiday,Tim Johnson,"December 1, 2012",2010,United States,
Kung Fu Yoga,Stanley Tong,"October 6, 2017",2017,"China, India, Nepal",
Kuppivala,Suresh Pillai,"August 1, 2018",2017,,
Kurt & Courtney,Nick Broomfield,"January 8, 2019",1998,United Kingdom,
Kurt Seyit & Sura,,"December 26, 2016",2014,Turkey,
Kurtulus Son Durak,Yusuf Pirhasan,"March 10, 2017",2012,Turkey,
Kya Kehna,Kundan Shah,"April 1, 2018",2000,India,
Kygo: Live at the Hollywood Bowl,Devin Chanda,"March 12, 2018",2017,United States,
Kyun! Ho Gaya Na,Samir Karnik,"March 1, 2018",2004,India,
La Última Fiesta,"Leandro Mark, Nicolás Silbert","February 1, 2017",2016,Argentina,
LA 92,"Daniel Lindsay, T.J. Martin","March 1, 2018",2017,United States,
La Bamba,Luis Valdez,"January 1, 2020",1987,United States,
La Coppia dei Campioni,Giulio Base,"February 15, 2017",2016,Italy,
La Familia P. Luche,,,2012,United States,
La Femme,,"October 16, 2017",2016,,
La Piloto,,"April 2, 2018",2017,Mexico,
La Rosa de Guadalupe,,"January 15, 2019",2010,Mexico,
La Viuda Negra,Alejandro Lozano,"January 15, 2019",2016,"Colombia, Mexico, United States",
Laal Rang,Syed Ahmad Afzal,"March 1, 2018",2016,India,
Laddaland,Sopon Sukdapisit,"September 7, 2018",2011,Thailand,
Lady Bloodfight,Chris Nahon,"August 5, 2017",2016,Hong Kong,
Lady in the Water,M. Night Shyamalan,"July 1, 2019",2006,United States,
Lady-Like,,"January 18, 2019",2018,United States,
"Lady, la vendedora de rosas",,"April 1, 2018",2015,Colombia,
Lalbaug Parel: Zali Mumbai Sonyachi,Mahesh Manjrekar,"March 15, 2018",2010,India,
Land Girls,,"August 1, 2017",2011,United Kingdom,
Larceny,R. Ellis Frazier,"September 15, 2017",2017,"United States, Mexico",
Last,,"May 22, 2017",2015,South Korea,
Last Ferry,Jaki Bradley,"March 11, 2020",2019,United States,
Last Knights,Kazuaki Kiriya,"August 1, 2019",2015,"United Kingdom, South Korea",
Last Night,Massy Tadjedin,"January 1, 2019",2010,"United States, France",
Le K Benzema,"Damien Piscarel, Florent Bodin","May 1, 2018",2017,France,
Le serment des Hitler,Emmanuel Amara,"May 1, 2019",2014,France,
Leap Year,Anand Tucker,"November 15, 2019",2010,"United States, Ireland",
LeapFrog: Letter Factory,Roy Allen Smith,"April 15, 2020",2003,United States,
LeapFrog: Numberland,Ron Myrick,"April 15, 2020",2011,United States,
LeapFrog: Phonics Farm,Ron Myrick,"April 15, 2020",2011,United States,
"LeapFrog: Sing-along, Read-along",Ron Myrick,"April 15, 2020",2011,,
Learning Time with Timmy,,"May 15, 2020",2018,United Kingdom,
Lechmi,B.N. Shajeer Sha,"August 1, 2018",2017,India,
Left Behind,Vic Armstrong,"December 26, 2018",2014,"United States, Canada",
Legend of the Guardians: The Owls of Ga'Hoole,Zack Snyder,"January 1, 2020",2010,"United States, Australia",
Legend of the Naga Pearls,Yang Lei,"March 30, 2018",2017,China,
Legendary Weapons of China,Chia-Liang Liu,"August 16, 2018",1982,Hong Kong,
Legends of Strength,,"January 18, 2019",2017,United States,
Legion,Scott Stewart,"November 1, 2019",2010,United States,
Lego Friends,," February 1, 2019",2017,,
Lego Friends: Girls on a Mission,"Andrew Tan, Stephen Murray","February 1, 2019",2018,Denmark,
LEGO House - Home of the Brick,"Anders Falck, Stinus Morell Vithner","June 15, 2018",2018,,
LEGO Ninjago: Masters of Spinjitzu: Day of the Departed,,"February 1, 2019",2016,"Denmark, China",
Leo & Tig,,"August 20, 2018",2017,,
Leo the Lion,Mario Cambi,"December 20, 2015",2013,"United States, Italy",
"Les Bleus - Une autre histoire de France, 1996-2016","Pascal Blanchard, Sonia Dauger, David Dietz","March 15, 2017",2016,France,
Let There Be Light,John Huston,"March 31, 2017",1946,United States,
Leyla and Mecnun,Onur Ünlü,"April 15, 2017",2014,Turkey,
Lez Bomb,Jenna Laurenzo,"February 7, 2019",2018,United States,
License to Drill: Louisiana,,"October 2, 2019",2014,Canada,
Life After Beth,Jeff Baena,"July 21, 2018",2014,United States,
Life in the Doghouse,Ron Davis,"June 1, 2019",2018,United States,
Life on Location,,"April 22, 2015",2009,United States,
Life Story,,"June 20, 2016",2014,United Kingdom,
Lifechanger,Justin McConnell,"May 28, 2019",2018,Canada,
Lifeline,Johnnie To,"August 16, 2018",1997,Hong Kong,
Like Arrows,Kevin Peeples,"May 6, 2019",2018,United States,
Like Water for Chocolate,Alfonso Arau,"November 1, 2019",1992,Mexico,
Lila & Eve,Charles Stone III,"February 6, 2016",2015,United States,
Limmy's Show!,," October 1, 2019",2012,United Kingdom,
Lincoln,Steven Spielberg,"February 21, 2018",2012,"United States, India",
Lion's Heart,Karim El Sobky,"May 9, 2019",2013,Egypt,
Listen Up! The Lives of Quincy Jones,Ellen Weissbrod,"November 1, 2019",1990,,
Little Dragon Maiden,Hua Shan,"August 1, 2018",1983,Hong Kong,
Little Lunch,,"February 1, 2018",2015,Australia,
Little Lunch: The Halloween Horror Story,Tim Bartley,"March 15, 2018",2016,Australia,
Little Lunch: The Nightmare Before Graduation,Robyn Butler,"March 15, 2018",2016,Australia,
Little Men,Ira Sachs,"January 12, 2017",2016,"United States, Greece, Brazil",
Little Nicky,Steve Brill,"December 1, 2020",2000,United States,
Little Singham aur Kaal ka Mahajaal,Prakash Satam,"December 1, 2018",2018,,
Little Singham Bandarpur Mein Hu Ha Hu,,"July 11, 2019",2019,,
Little Singham in London,Prakash Satam,"April 22, 2019",2019,,
Little Sister,Zach Clark,"January 14, 2017",2016,United States,
Liv and Maddie,,"April 23, 2017",2017,United States,
Lizzie Borden Took an Ax,Nick Gomez,"July 25, 2016",2014,United States,
Lo and Behold: Reveries of the Connected World,Werner Herzog,"December 23, 2016",2016,United States,
Lo que la verdad esconde: El caso Asunta (Operacion Nenúfar),,"February 1, 2019",2017,Spain,
Lo que la vida me robó,,"December 31, 2017",2013,Mexico,
"Lock, Stock and Two Smoking Barrels",Guy Ritchie,"January 1, 2019",1998,United Kingdom,
Locke,Steven Knight,"July 15, 2018",2013,"United Kingdom, United States",
Lockout,"James Mather, Steve Saint Leger","May 7, 2020",2012,"France, United States",
Loco Love,"Fernando Sariñana, José Luis Gutiérrez","July 30, 2017",2017,Mexico,
Logan's Run,Michael Anderson,"November 1, 2019",1976,United States,
LoliRock,," May 1, 2018",2016,"South Korea, France",
Lolita,Stanley Kubrick,"November 1, 2019",1962,"United Kingdom, United States",
London Spy,Jakob Verbruggen,"March 31, 2017",2015,United Kingdom,
Long Time Running,"Jennifer Baichwal, Nicholas de Pencier","November 12, 2017",2017,Canada,
"Look Out, Officer",Sze Yu Lau,"August 16, 2018",1990,Hong Kong,
Look Who's Back,David Wnendt,"April 9, 2016",2015,Germany,
Lorai: Play to Live,Parambrata Chatterjee,"September 1, 2017",2015,India,
Los 10 años de Peter Capusotto,,"June 29, 2018",2015,,
Los Niños Héroes de Chapultepec,Ignacio López Escrivá,"December 15, 2017",2017,,
Los tiempos de Pablo Escobar,Alessandro Angulo,"August 1, 2018",2012,Colombia,
Losing Sight of Shore,Sarah Moshman,"May 1, 2017",2017,"United States, Australia, Samoa, United Kingdom",
Lost Girl,," April 17, 2016",2015,Canada,
Love Cuisine,,"August 1, 2016",2015,Taiwan,
Love Dot Com: The Social Experiment,Charneice Fox,"February 17, 2020",2019,United States,
Love In A Puff,Pang Ho-cheung,"August 1, 2018",2010,Hong Kong,
Love Ni Bhavai,Saandeep Patel,"May 1, 2018",2017,India,
Love on Delivery,Stephen Chow,"August 16, 2018",1994,Hong Kong,
Love Rain,,"May 1, 2018",2012,South Korea,
Love Rhythms - Accidental Daddy,,"June 18, 2018",2016,,
Love Shot,Steven Fine,"July 15, 2019",2018,United States,
Love Station,Ahmad Samir Farag,"April 25, 2019",2011,Egypt,
Love You... Love You Not,Sridhar Jetty,"January 5, 2019",2015,Indonesia,
Love Your Garden,,"July 26, 2019",2013,United Kingdom,
"Love, Rosie",Christian Ditter,"November 20, 2019",2014,"Germany, United Kingdom",
LoveTrue,Alma Har'el,"May 7, 2017",2016,United States,
Loving Annabelle,Katherine Brooks,"July 1, 2018",2006,United States,
Loving You,Johnnie To,"August 16, 2018",1995,Hong Kong,
Lucha: Playing the Impossible,Ana Quiroga,"July 15, 2018",2016,Argentina,
Lucky Days,,"September 1, 2016",2010,China,
Lucky: No Time for Love,"Radhika Rao, Vinay Sapru","November 15, 2017",2005,India,
Lupt,Prabhuraj,"April 5, 2019",2018,India,
Lusers,Ticoy Rodriguez,"July 15, 2016",2015,"Argentina, Chile, Peru",
Ma Chu Ka,Jayan Vannery,"July 1, 2018",2017,India,
Maacher Jhol,Pratim D. Gupta,"January 1, 2018",2017,"India, France",
Mac & Devin Go to High School,Dylan C. Brown,"April 20, 2016",2012,United States,
Macchli Jal Ki Rani Hai,Debaloy Dey,"October 15, 2017",2014,India,
Mad Max,George Miller,"August 1, 2020",1979,"Australia, United States",
Mad Men,," March 22, 2015",2014,United States,
Mad Money,"Callie Khouri, Jesse V. Johnson","November 1, 2019",2008,United States,
Mad Ron's Prevues from Hell,Jim Monaco,"November 1, 2010",1987,United States,
Mad World,Chun Wong,"September 20, 2018",2016,Hong Kong,
Madaari,Nishikant Kamat,"February 17, 2017",2016,India,
Maddman: The Steve Madden Story,Ben Patterson,"January 1, 2018",2017,United States,
Madre,Aaron Burns,"August 26, 2017",2016,Chile,
Maggie & Bianca: Fashion Friends,Iginio Straffi,"March 31, 2019",2017,Italy,
Magi: Adventure of Sinbad,,"July 14, 2016",2016,Japan,
Magic Snowflake,Luc Vinciguerra,"December 20, 2015",2013,"France, Belgium",
Magnetic,Thierry Donard,"June 12, 2020",2018,France,
Magnus,Benjamin Ree,"February 22, 2017",2016,Norway,
Mahabharat,Amaan Khan,"August 1, 2018",2013,India,
Maharakshak Devi,,"April 15, 2017",2015,India,
Maharakshak: Aryan,,"April 1, 2017",2014,India,
Mahi Way,,"March 1, 2018",2010,India,
Mahjong Heroes,Li Pei-Chuan,"August 16, 2018",1981,Hong Kong,
Mahmut & Meryem,,"December 26, 2016",2013,"Turkey, Azerbaijan",
Maine Pyaar Kyun Kiya,David Dhawan,"December 31, 2019",2005,India,
Maine Pyar Kiya,Sooraj R. Barjatya,"January 1, 2018",1989,India,
Mala Kahich Problem Nahi,Sameer Vidwans,"November 15, 2018",2017,India,
Malicious,Michael Winnick,"February 1, 2019",2018,United States,
Man of Tai Chi,Keanu Reeves,"July 26, 2018",2013,"United States, China, Hong Kong",
Man Up,Ben Palmer,"September 4, 2018",2015,"United Kingdom, France",
Man vs Wild with Sunny Leone,,"December 1, 2018",2018,,
Mandi,Shyam Benegal,"January 1, 2020",1983,India,
Mandobasar Galpo,Tathagata Banerjee,"April 1, 2018",2017,India,
Manglehorn,David Gordon Green,"April 16, 2017",2014,United States,
Mango Dreams,John Upchurch,"March 15, 2018",2016,United States,
Manhattan Romance,Tom O'Brien,"September 8, 2017",2014,United States,
Manolo: The Boy Who Made Shoes for Lizards,Michael Roberts,"January 15, 2018",2017,United Kingdom,
Mansfield Park,Patricia Rozema,"January 1, 2020",1999,United Kingdom,
Mantostaan,Rahat Kazmi,"December 15, 2017",2017,India,
Mantra,Nicholas Kharkongor,"December 15, 2017",2017,India,
Mara,Clive Tonge,"January 5, 2019",2017,United Kingdom,
Marauders,Steven C. Miller,"December 1, 2020",2016,"Canada, United States",
Marching Orders,,"August 3, 2018",2018,United States,
Mark Gatiss: A Study in Sherlock,Nathan Landeg,"May 1, 2016",2016,,
Maron,,,2016,United States,
Maroon,Pulkit,"February 1, 2017",2016,India,
Married at First Sight,,"April 13, 2020",2019,United States,
Mars,Everardo Gout," November 1, 2019",2018,United States,
Martial Arts of Shaolin,Chia-Liang Liu,"August 16, 2018",1986,"Hong Kong, China",
Martin Lawrence Live: Runteldat,David Raynr,"December 1, 2019",2002,United States,
Martin Luther: The Idea that Changed the World,David Batty,"January 1, 2018",2017,United States,
Martyrs of Marriage,Deepika Narayan Bhardwaj,"March 15, 2018",2016,India,
Marvel & ESPN Films Present: 1 of 1: Genesis,Eric Drath,"March 15, 2015",2014,,
Marvel's Iron Man & Hulk: Heroes United,"Leo Riley, Eric Radomski","February 16, 2014",2013,United States,
Mary and the Witch's Flower,Hiromasa Yonebayashi,"July 17, 2018",2017,Japan,
Mary Poppins Returns,Rob Marshall,"July 9, 2019",2018,"United States, United Kingdom",
Mary Portas: Secret Shopper,,"July 26, 2019",2016,United Kingdom,
Masoom,Shekhar Kapur,"December 31, 2019",1983,India,
Master,Ui-seok Jo,"February 1, 2018",2016,South Korea,
Mater,Pablo D'Alo Abba,"August 1, 2018",2017,Argentina,
Matichya Chuli,"Sudesh Manjrekar, Atul Kale","February 15, 2018",2006,India,
Max Rose,Daniel Noah,"January 15, 2017",2013,United States,
May We Chat,Philip Yung,"August 26, 2018",2014,Hong Kong,
May You Prosper,"Hassan Hegazy, Shady Ali","July 20, 2019",2017,Egypt,
Maya Angelou: And Still I Rise,"Bob Hercules, Rita Coburn Whack","May 1, 2017",2016,United States,
Maynard,Samuel D. Pollard,"September 2, 2018",2017,United States,
Maza Pati Karodpati,Sachin,"January 1, 2018",1988,India,
Me and the Alien,Jesús Magaña Vázquez,"February 14, 2017",2016,Mexico,
Mean Dreams,Nathan Morlando,"July 1, 2019",2016,Canada,
Mean Streets,Martin Scorsese,"July 1, 2019",1973,United States,
Meditation Park,Mina Shum,"March 9, 2018",2017,Canada,
Medium,Jacek Koprowicz,"October 1, 2019",1985,"Poland, West Germany",
Meet the Trumps: From Immigrant to President,"Paul Berczeller, Mark Radice","October 25, 2017",2017,United Kingdom,
Mega Food,,"July 12, 2019",2013,United Kingdom,
MegaTruckers,,"July 12, 2019",2012,Australia,
Melle,Binu Ulahhannan,"August 1, 2018",2017,India,
Melodies of Life - Born This Way,,"June 21, 2019",2016,,
Melvin Goes to Dinner,Bob Odenkirk,"July 1, 2018",2003,United States,
Memoir of a Murderer,Shin-yeon Won,"February 19, 2018",2017,South Korea,
Memory Games,"Janet Tobias, Claus Wehlisch","June 19, 2019",2018,"Germany, United States, Sweden",
Men in Black,Barry Sonnenfeld,"October 19, 2019",1997,United States,
Men in Black II,Barry Sonnenfeld,"October 1, 2019",2002,United States,
Menorca,John Barnard,"August 27, 2017",2016,"Canada, Spain",
Merantau,Gareth Evans,"February 13, 2019",2009,Indonesia,
Mere Papa Hero Hiralal,,"May 1, 2018",2018,,
Merlí,,"December 1, 2016",2015,Spain,
Merry Men: The Real Yoruba Demons,Toka McBaror,"September 21, 2019",2018,Nigeria,
Mexico Diseña,,"February 1, 2017",2016,United States,
Mi Shivajiraje Bhosale Boltoy,Santosh Manjrekar,"January 1, 2018",2009,India,
MI-5,Bharat Nalluri,"August 1, 2019",2015,United Kingdom,
Middle School: The Worst Years of My Life,Steve Carr,"March 3, 2019",2016,"United States, Cambodia",
Midnight Misadventures With Mallika Dua,,"April 1, 2019",2018,India,
Midnight Special,Jeff Nichols,"September 7, 2020",2016,"United States, Greece",
Mighty Morphin Alien Rangers,,"January 1, 2016",1996,,
Milk,Gus Van Sant,"February 16, 2017",2008,United States,
Mini Wolf,," September 16, 2018",2014,France,
Minnaminugu the FireFly,Anil Thomas,"August 1, 2018",2017,India,
Minute to Win It,,"December 15, 2018",2013,United States,
Miracle,Gavin O'Connor,"June 1, 2018",2004,"Canada, United States",
Mirror Mirror,Tarsem Singh,"April 24, 2020",2012,"United States, Canada",
Mirzya,Rakeysh Omprakash Mehra,"February 20, 2017",2016,India,
Miss Dynamite,,"May 5, 2018",2015,Mexico,
Miss Hokusai,Keiichi Hara,"October 1, 2017",2015,Japan,
Miss Julie,Liv Ullmann,"September 2, 2015",2014,"Norway, United Kingdom, France, Ireland",
Miss Me This Christmas,Kenny Young,"December 19, 2017",2017,United States,
Miss Representation,Jennifer Siebel Newsom,"October 20, 2017",2011,United States,
Miss Rose,,"August 1, 2016",2015,Taiwan,
Miss Sharon Jones!,Barbara Kopple,"January 7, 2017",2015,United States,
Miss Stevens,Julia Hart,"December 19, 2016",2016,United States,
Mission Control: The Unsung Heroes of Apollo,David Fairhead,"August 13, 2017",2017,"United States, United Kingdom",
Mission of Honor,David Blair,"July 29, 2019",2018,"United Kingdom, Poland",
Mission: Destroy Love,Osman Ali,"August 7, 2017",2014,Malaysia,
Mississippi Grind,"Anna Boden, Ryan Fleck","July 26, 2018",2015,United States,
Moh Maya Money,Munish Bhardwaj,"May 1, 2017",2016,India,
Mohawk,Ted Geoghegan,"June 30, 2018",2017,United States,
Mojave,William Monahan,"July 26, 2018",2015,United States,
Mokalik (Mechanic),Kunle Afolayan,"September 1, 2019",2019,Nigeria,
Molly's Game,Aaron Sorkin,"April 1, 2020",2017,"China, Canada, United States",
Momo Salon,,"July 1, 2017",2014,South Korea,
Mona Lisa Smile,Mike Newell,"January 1, 2019",2003,United States,
Money,Martin Rosete,"October 15, 2017",2016,"United States, Spain",
Money for Nothing,,"July 12, 2019",2015,,
Money Talks,Brett Ratner,"November 1, 2019",1997,United States,
Monkey Planet,,"March 31, 2017",2014,United Kingdom,
Monkey Up,Robert Vince,"March 19, 2016",2016,Canada,
Monopoly (The Bank Of Luck),Ahmed El Gendy,"June 15, 2019",2017,Egypt,
Monster Family,Holger Tappe,"April 4, 2018",2017,"Germany, United Kingdom",
Monster High 13 Wishes,Steve Sacks,"March 1, 2018",2013,United States,
"Monster High: Boo York, Boo York",William Lau,"September 29, 2015",2015,United States,
Monster High: Escape from Skull Shores,"Steve Ball, Andrew Duncan","January 1, 2018",2012,United States,
Monster High: Freaky Fusion,"William Lau, Sylvain Blais","January 30, 2018",2014,United States,
Monster High: Friday Night Frights,Dustin McKenzie,"January 1, 2018",2013,United States,
Monster High: Fright On!,"Victor Dal Chele, Alfred Gimeno","January 1, 2018",2011,United States,
"Monster High: Frights, Camera, Action!",William Lau,"January 1, 2018",2014,United States,
Monster High: Ghouls Rule,"Mike Fetterly, Steve Sacks","March 1, 2018",2012,United States,
Monster High: Great Scarrier Reef,William Lau,"October 1, 2017",2016,United States,
Monster High: Haunted,"Dan Fraga, William Lau","March 24, 2018",2015,United States,
Monster High: New Ghoul at School,"Audu Paden, Eric Radomski","October 1, 2017",2010,United States,
"Monster High: Scaris, City of Frights","Dustin McKenzie, Andrew Duncan, Audu Paden","July 7, 2015",2013,United States,
Monster High: Why Do Ghouls Fall in Love?,"Dustin McKenzie, Steve Sacks","January 1, 2018",2013,United States,
Monster Math Squad,,"May 15, 2020",2012,Canada,
Monster-in-Law,Robert Luketic,"January 1, 2020",2005,"United States, Germany",
Monty Don's French Gardens,Rachel Bell,"July 26, 2019",2013,United Kingdom,
Monty Don's Italian Gardens,,"July 26, 2019",2011,United Kingdom,
Moon,Duncan Jones,"January 1, 2020",2009,"United Kingdom, United States",
Moonlight,Barry Jenkins,"May 21, 2019",2016,United States,
Moonwalkers,Antoine Bardou-Jacquet,"September 8, 2017",2015,"France, Belgium",
Moor,Jami,"November 1, 2017",2015,"Pakistan, United States",
Morris from America,Chad Hartigan,"November 1, 2018",2016,"Germany, United States",
Mortified Nation,Michael Mayer,"February 1, 2018",2013,United States,
Morya,Avadhoot Gupte,"February 15, 2018",2011,India,
Motu Patlu: King of Kings,Suhas Kadav,"July 6, 2017",2016,India,
Mountain,Jennifer Peedom,"October 1, 2018",2017,Australia,
Movie 43,"Peter Farrelly, Will Graham, Steve Carr, Griffin Dunne, Steve Brill, James Duffy, Jonathan van Tulleken, Elizabeth Banks, Patrik Forsberg, Brett Ratner, Rusty Cundieff, James Gunn","April 9, 2019",2013,United States,
Mr. Church,Bruce Beresford,"December 22, 2018",2016,United States,
Mr. Deeds,Steve Brill,"August 1, 2020",2002,United States,
Mr. Gaga: A True Story of Love and Dance,Tomer Heymann,"June 15, 2017",2015,"Israel, Sweden, Germany, Netherlands",
Mr. Virgin,Anthony Chan,"August 16, 2018",1984,Hong Kong,
Mr. Woodcock,Craig Gillespie,"September 1, 2019",2007,United States,
Mr. Young,," April 16, 2019",2013,Canada,
Ms. Mammy,Wael Ihsan,"June 6, 2019",2012,Egypt,
Mud,Jeff Nichols,"January 1, 2021",2012,United States,
Mujhse Shaadi Karogi,David Dhawan,"December 31, 2019",2004,India,
Mune: Guardian of the Moon,"Alexandre Heboyan, Benoît Philippon","January 26, 2018",2014,France,
Muppets Most Wanted,James Bobin,"September 1, 2020",2014,United States,
Murder Party,Jeremy Saulnier,"September 1, 2018",2007,United States,
Murderous Affairs,,"April 17, 2018",2017,United States,
Mutant Busters,," June 1, 2017",2017,Spain,
Mutiny on the Bounty,"Lewis Milestone, Carol Reed","November 1, 2019",1962,United States,
My Babysitter's a Vampire: The Movie,Bruce McDonald,"October 17, 2018",2010,Canada,
My Brother ... Nikhil,Onir,"October 30, 2018",2005,India,
My Daddy is in Heaven,Waymon Boone,"June 12, 2018",2017,United States,
My Dog is My Guide,Ismail Farouk,"April 18, 2019",2013,Egypt,
My Entire High School Sinking Into the Sea,Dash Shaw,"January 23, 2018",2016,United States,
My Ex-Ex,Nathaniel Warsh,"August 15, 2017",2015,Canada,
My Honor Was Loyalty,Alessandro Pepe,"March 1, 2017",2015,Italy,
My Hotter Half,,"July 22, 2019",2017,United Kingdom,
My Life as a Zucchini,Claude Barras,"October 1, 2017",2016,"Switzerland, France",
My Life My Story,,"November 1, 2017",2017,,
My Little Pony Equestria Girls: Friendship Games,"Ishi Rudell, Jayson Thiessen","December 1, 2015",2015,"United States, Canada",
My Little Pony Equestria Girls: Rainbow Rocks,"Jayson Thiessen, Ishi Rudell","December 17, 2014",2014,"United States, Canada",
My Only Mother,Wenn V. Deramas,"March 4, 2019",2013,,
"My Schoolmate, the Barbarian","Siu-hung Chung, Wong Jing","August 16, 2018",2001,Hong Kong,
My Scientology Movie,John Dower,"July 13, 2017",2015,United Kingdom,
My Sister's Keeper,Nick Cassavetes,"September 1, 2019",2009,United States,
My Tattoo Addiction,,"February 1, 2019",2013,United Kingdom,
My True Friend,Atsajun Sattakovit,"July 25, 2018",2012,Thailand,
My Week with Marilyn,Simon Curtis,"May 30, 2019",2011,"United Kingdom, United States",
My Wife and My Wifey,Moataz El Tony,"April 18, 2019",2014,,
Mystery Science Theater 3000,,"March 15, 2018",1999,United States,
Mythily Veendum Varunnu,Sabu Varghese,"August 1, 2018",2017,India,
Nacho Libre,Jared Hess,"November 1, 2019",2006,"United States, Mexico",
Naga The Eternal Yogi,"Krishna Agazzi, Filippo Gastaldi","February 5, 2017",2016,"Italy, India",
Nails,Dennis Bartok,"March 10, 2018",2017,Ireland,
Naledi: A Baby Elephant's Tale,"Ben Bowie, Geoff Luck","May 28, 2020",2016,"United States, Botswana",
Namak Halaal,Prakash Mehra,"December 31, 2019",1982,India,
Namour,Heidi Saman,"March 15, 2017",2016,United States,
Naruto Shippuden : Blood Prison,Masahiko Murata,"September 1, 2017",2011,Japan,
Natalia Valdebenito: Gritona,Natalia Valdebenito,"November 10, 2017",2017,United States,
National Bird,Sonia Kennebeck,"May 8, 2017",2016,United States,
National Lampoon's Loaded Weapon 1,Gene Quintano,"November 1, 2019",1993,,
National Parks Adventure,Greg MacGillivray,"February 1, 2018",2016,United States,
National Treasure,Jon Turteltaub,"June 1, 2018",2004,United States,
Natsamrat - Asa Nat Hone Nahi,Mahesh Manjrekar,"June 1, 2018",2016,India,
Natural Born Pranksters,"Roman Atwood, Ben Pluimer","September 15, 2016",2016,United States,
Natural Selection,Chad L. Scheifele,"December 1, 2016",2015,United States,
Nature: Animals With Cameras,,"October 1, 2018",2018,"United Kingdom, United States",
NATURE: Natural Born Hustlers,,"March 1, 2017",2016,United States,
Nature: Raising the Dinosaur Giant,,"March 1, 2017",2016,United States,
Nature's Great Events (2009),,"October 10, 2015",2009,"United States, United Kingdom",
Nature's Great Events: Diaries,,"April 22, 2015",2009,"United States, United Kingdom",
Nature's Great Race,,"October 1, 2017",2016,United Kingdom,
Nature's Weirdest Events,," September 1, 2019",2015,United Kingdom,
Nazi Concentration Camps,George Stevens,"March 31, 2017",1945,United States,
Nazi Mega Weapons,," March 1, 2017",2016,United States,
Neruda,Pablo Larraín,"June 26, 2017",2016,"Chile, Argentina, France, Spain, United States",
Never Heard,Josh Webber,"February 15, 2019",2018,United States,
New York Minute,Dennie Gordon,"January 1, 2020",2004,United States,
Newtown,Kim A. Snyder,"April 7, 2017",2016,United States,
Next,Lee Tamahori,"July 1, 2019",2007,United States,
Nibunan,Arun Vaidyanathan,"May 1, 2018",2017,India,
Night Comes On,Jordana Spiro,"August 27, 2020",2018,United States,
Night Moves,Kelly Reichardt,"June 30, 2019",2013,United States,
Nightcrawler,Dan Gilroy,"August 10, 2020",2014,United States,
"Nightmare Tenants, Slum Landlords",," July 12, 2019",2016,,
Nights in Rodanthe,George C. Wolfe,"July 1, 2019",2008,"United States, Australia",
Ninja Hattori,,"December 23, 2018",1981,Japan,
Ninja Turtles: The Next Mutation,,"January 1, 2016",1997,"Canada, United States",
No Entry,Anees Bazmee,"March 1, 2018",2005,India,
No Estoy Loca,Nicolás López,"May 4, 2018",2018,Chile,
No Reservations,Scott Hicks,"October 1, 2019",2007,United States,
Nobel,,"December 10, 2016",2016,Norway,
Norm of the North: Family Vacation,Anthony Bell,"May 25, 2020",2020,United States,
Norm of the North: Keys to the Kingdom,Tim Maltby,"August 21, 2020",2019,"India, United States",
Norm of the North: King Sized Adventure,"Richard Finn, Tim Maltby","September 9, 2019",2019,"United States, India, South Korea, China",
North & South,,"March 31, 2017",2004,United Kingdom,
Not Alone,"Kiki Goshay, Jacqueline Monetta","January 1, 2018",2017,United States,
NOVA: Bird Brain,,"July 1, 2019",2017,United States,
NOVA: Black Hole Apocalypse,Rushmore DeNooyer,"July 1, 2019",2018,United States,
NOVA: Building Chernobyl's MegaTomb,Martin Gorst,"July 1, 2019",2017,United States,
NOVA: Chinese Chariot Revealed,Giulia Clark,"July 1, 2019",2017,United States,
NOVA: Day the Dinosaurs Died,Sarah Holt,"July 1, 2019",2017,United States,
NOVA: Death Dive to Saturn,Terri Randall,"July 1, 2019",2017,United States,
NOVA: Decoding the Weather Machine,Doug Hamilton,"July 1, 2019",2018,United States,
NOVA: Eclipse Over America,Martin Gorst,"July 1, 2019",2017,United States,
NOVA: Extreme Animal Weapons,Peter Fison,"July 1, 2019",2017,United States,
NOVA: First Face of America,Graham Townsley,"July 1, 2019",2018,United States,
NOVA: Holocaust Escape Tunnel,"Paula Apsell, Kirk Wolfinger","July 1, 2019",2017,United States,
NOVA: Killer Floods,,"July 1, 2019",2017,United States,
NOVA: Killer Hurricanes,Oliver Twinch,"July 1, 2019",2017,United States,
NOVA: Killer Volcanoes,Oliver Twinch,"July 1, 2019",2017,United States,
NOVA: Poisoned Water,Llewellyn M. Smith,"July 1, 2019",2017,United States,
NOVA: Prediction by the Numbers,Daniel McCabe,"July 1, 2019",2018,United States,
NOVA: Secrets of the Shining Knight,Peter Yost,"July 1, 2019",2017,United States,
NOVA: Thai Cave Rescue,Tom Stubberfield,"July 1, 2019",2018,United States,
NOVA: The Impossible Flight,"Noel Dockstader, Quinn Kanaly","July 1, 2019",2018,United States,
Nova: Ultimate Mars Challenge,Gail Willumsen,"July 1, 2019",2012,United States,
November Criminals,Sacha Gervasi,"July 3, 2020",2017,United States,
Now and Then,Lesli Linka Glatter,"August 2, 2019",1995,United States,
Now More Than Ever: The History of Chicago,Peter Pardini,"January 1, 2018",2016,United States,
Nowhere Boy,Sam Taylor-Johnson,"April 14, 2018",2009,"United Kingdom, Canada",
NSU German History X,,"July 7, 2016",2016,Germany,
Nuestra Lucha Libre,,"August 15, 2018",2018,,
Numbered,"Dana Doron, Uriel Sinai","December 31, 2017",2012,Israel,
Numero Zero. The Roots of Italian Rap,Enrico Bisi,"April 15, 2018",2015,Italy,
Nura: Rise of the Yokai Clan: Demon Capital,,"December 1, 2016",2011,Japan,
Nurse Jackie,," December 31, 2015",2015,United States,
Nurses Who Kill,,"August 1, 2017",2016,United Kingdom,
Nymphomaniac: Volume 1,Lars von Trier,"January 1, 2018",2013,"Denmark, Germany, Belgium, United Kingdom, France",
Nymphomaniac: Volume II,Lars von Trier,"August 25, 2018",2013,"Denmark, Germany, Belgium, United Kingdom, France, Sweden",
"O-Negative, Love Can’t Be Designed",,"April 13, 2018",2016,,
Oasis: Supersonic,Mat Whitecross,"December 28, 2018",2016,United Kingdom,
Obvious Child,Gillian Robespierre,"July 19, 2018",2014,United States,
Océans,"Jacques Perrin, Jacques Cluzaud","September 19, 2019",2009,"France, Switzerland, Spain, United States, United Arab Emirates",
Occupation,Luke Sparke,"January 3, 2019",2018,Australia,
Ocean's Eleven,Lewis Milestone,"November 1, 2019",1960,United States,
Ocean's Thirteen,Steven Soderbergh,"October 1, 2019",2007,United States,
Ocean's Twelve,Steven Soderbergh,"October 1, 2019",2004,United States,
OCTB,,"February 5, 2018",2017,Hong Kong,
Off Course,Nacho G. Velilla,"September 1, 2016",2015,Spain,
Officer Downe,Shawn Crahan,"March 30, 2017",2016,United States,
Oh My Ghost 2,Poj Arnon,"July 25, 2018",2011,Thailand,
Oh My Ghost 3,Poj Arnon,"August 16, 2018",2012,Thailand,
Oh My Ghost 4,Poj Arnon,"July 25, 2018",2015,,
Oh No! It's an Alien Invasion,," May 31, 2015",2014,Canada,
Oklahoma City,Barak Goodman,"April 19, 2017",2017,United States,
Oliver Stone's Untold History of the United States,Oliver Stone,"November 15, 2016",2013,United States,
Ollie & Moon,,"March 28, 2018",2018,France,
Omar and Salma 3,Mohamed Samy,"April 25, 2019",2012,Egypt,
On the Wrong Track,Clarence Yiu-leung Fok,"August 2, 2018",1983,Hong Kong,
On Yoga The Architecture of Peace,Heitor Dhalia,"January 10, 2018",2017,"Brazil, India, China, United States",
Onaatah,Pradip Kurbah,"May 1, 2018",2016,India,
Once In A Lifetime Sessions with Moby,Matt Askem,"August 1, 2018",2018,United States,
Once In A Lifetime Sessions with Nile Rodgers,Charlie Lightening,"August 1, 2018",2018,United States,
Once In A Lifetime Sessions with Noel Gallagher,Charlie Lightening,"August 1, 2018",2018,United States,
Once In A Lifetime Sessions with TLC,Matt Askem,"August 1, 2018",2018,United States,
Once Upon a Time in London,Simon Rumley,"April 15, 2020",2019,United Kingdom,
Once Upon a Time in the West,Sergio Leone,"November 20, 2019",1968,"Italy, United States",
One Day,Banjong Pisanthanakun,"September 5, 2018",2016,Thailand,
One Direction: This Is Us,Morgan Spurlock,"October 1, 2019",2013,United States,
One Heart: The A.R. Rahman Concert Film,,"November 1, 2017",2017,India,
One Last Thing,Tim Rouhana,"August 25, 2019",2018,United States,
One More Shot,Noah Moskin,"January 15, 2018",2017,United States,
One Night Stand,Jasmine D'Souza,"October 15, 2017",2016,India,
One Strange Rock,,"February 2, 2019",2018,United States,
Only God Forgives,Nicolas Winding Refn,"May 15, 2018",2013,"Denmark, France, United States, Sweden",
Only the Dead,"Bill Guttentag, Michael Ware","November 15, 2018",2015,"Australia, Iraq",
Open Season,"Roger Allers, Jill Culton","September 1, 2019",2006,United States,
Operation Chromite,John H. Lee,"January 15, 2018",2016,South Korea,
Operation Gold Rush,,"February 1, 2019",2016,United Kingdom,
Operation Mekong,Dante Lam,"August 5, 2017",2016,"China, Hong Kong",
Operation Odessa,Tiller Russell,"April 1, 2020",2018,,
Operation Ouch!,,"August 1, 2020",2012,United Kingdom,
Operation Proposal,,"July 1, 2016",2012,South Korea,
Operation Red Sea,Dante Lam,"November 27, 2018",2018,"China, Morocco, Hong Kong",
Operator,Logan Kibens,"February 16, 2017",2016,United States,
Opium and the Kung Fu Master,Chia Tang,"August 16, 2018",1984,Hong Kong,
Origins Collection,Peter McDonnell," July 20, 2018",2018,United States,
Oru Vishsheshapetta Biryani Kissa,Kiran Narayanan,"August 1, 2018",2017,India,
OtherLife,Ben C. Lucas,"October 15, 2017",2017,"Australia, United Arab Emirates",
Ottaal,Jayaraj Rajasekharan Nair,"March 15, 2017",2014,India,
Our Godfather,"Mark Franchetti, Andrew Meier","September 10, 2019",2019,United Kingdom,
Our House,Anthony Scott Burns,"June 1, 2020",2018,"Canada, United States, Germany",
Our Shining Days,,"July 1, 2018",2017,China,
Outlawed,"Adam Collins, Luke Radford","February 15, 2019",2018,United Kingdom,
P,Paul Spurrier,"May 31, 2019",2006,"United Kingdom, Thailand",
P Se PM Tak,Kundan Shah,"August 1, 2018",2015,India,
P. King Duckling,,"November 7, 2017",2016,United States,
P.S. I Love You,Richard LaGravenese,"April 1, 2019",2007,United States,
Paathi,Chandran Narikode,"July 1, 2018",2017,India,
Pablo Escobar: Angel or Demon?,Jorge Granier,"March 23, 2018",2007,"Venezuela, Colombia",
Pacific Heat,,"December 2, 2016",2016,Australia,
Pahuyut Fighting Beat,Piti Jaturaphat,"July 26, 2018",2007,Thailand,
Paid in Full,Charles Stone III,"November 1, 2019",2002,United States,
Paint It Black,Amber Tamblyn,"February 1, 2018",2016,United States,
Painted Faces,Alex Law,"August 16, 2018",1988,Hong Kong,
Pajanimals,,"March 31, 2020",2011,United States,
Palio,Cosima Spender,"June 30, 2016",2015,United Kingdom,
Palm Trees in the Snow,Fernando González Molina,"May 1, 2016",2015,Spain,
Panic Room,David Fincher,"August 1, 2019",2002,United States,
Papa the Great,Bhagyaraj,"December 8, 2017",2000,India,
Paper Year,Rebecca Addelman,"April 20, 2019",2018,Canada,
Paranormal Activity,Oren Peli,"January 1, 2020",2007,United States,
Paranormal Survivor,," August 4, 2017",2016,Canada,
Pardes,Subhash Ghai,"March 1, 2018",1997,India,
Pareeth Pandaari,Gafoor Y. Elliyaas,"July 1, 2018",2017,India,
Paris Is Burning,Jennie Livingston,"February 1, 2017",1990,United States,
Parks and Recreation,," January 13, 2016",2015,United States,
Pasión de Gavilanes,,"May 4, 2017",2003,"Colombia, United States",
Passenger 57,Kevin Hooks,"January 1, 2021",1992,United States,
Patiala House,Nikhil Advani,"October 22, 2017",2011,India,
Patient Seventeen,Jeremy Kenyon Lockyer Corbell,"January 29, 2018",2017,United States,
Patriot Games,Phillip Noyce,"January 1, 2020",1992,United States,
Patron Mutlu Son Istiyor,Kıvanç Baruönü,"March 10, 2017",2014,Turkey,
Paul Blart: Mall Cop,Steve Carr,"November 1, 2020",2009,United States,
Paulettante Veedu,Dileep Narayanan,"July 1, 2018",2016,India,
Pawn Stars,,"September 15, 2019",2010,United States,
Paying Guests,Paritosh Painter,"July 1, 2018",2009,India,
Pee Mak,Banjong Pisanthanakun,"September 1, 2018",2013,Thailand,
Pee-wee's Playhouse,," December 18, 2014",1990,United States,
Pee-wee's Playhouse: Christmas Special,"Paul Reubens, Wayne Orr","December 18, 2014",1988,United States,
Pekak,Mohd Khairul Azri Bin Md Noor,"August 25, 2017",2016,Malaysia,
Penelope,Mark Palansky,"April 1, 2019",2006,"United Kingdom, United States",
Penny Dreadful,,"September 17, 2016",2016,"Ireland, United Kingdom, United States",
People You May Know,J.C. Falcón,"February 28, 2017",2016,"United States, Spain",
Perfect Bid: The Contestant Who Knew Too Much,C.J. Wallis,"April 30, 2019",2017,Canada,
Perfect Stranger,James Foley,"January 1, 2019",2007,United States,
Person of Interest,," September 22, 2016",2016,United States,
Personal Shopper,Olivier Assayas,"February 1, 2019",2016,"France, Germany, Czech Republic, Belgium",
Peter and the Farm,Tony Stone,"March 9, 2017",2016,United States,
Peter Rabbit,Will Gluck,"August 18, 2018",2018,"United States, Australia",
Phamous,Karan Lalit Butani,"December 31, 2019",2018,,
Phantom Boy,"Jean-Loup Felicioli, Alain Gagnol","October 1, 2017",2015,"France, Belgium",
Philadelphia,Jonathan Demme,"July 1, 2019",1993,United States,
Phir Se,"Ajay Bhuyan, Kunal Kohli","January 15, 2018",2015,India,
Phobia 2,"Banjong Pisanthanakun, Paween Purikitpanya, Songyos Sugmakanan, Parkpoom Wongpoom, Visute Poolvoralaks","September 5, 2018",2009,Thailand,
Phone Swap,Kunle Afolayan,"September 1, 2019",2012,Nigeria,
Phullu,Abhishek Saxena,"December 31, 2019",2017,India,
Pick of the Litter,"Dana Nachman, Don Hardy Jr.","August 2, 2020",2018,United States,
Pierre Jackson,Christopher Nolen,"June 29, 2019",2018,United States,
Pimpal,Gajendra Ahire,"November 15, 2018",2017,India,
Pioneers of African-American Cinema,"Oscar Micheaux, Spencer Williams, Richard E. Norman, Richard Maurice","February 1, 2017",1946,United States,
Pitaah,Mahesh Manjrekar,"March 1, 2018",2002,India,
"Pizza, birra, faso","Israel Adrián Caetano, Bruno Stagnaro","March 15, 2018",1998,Argentina,
"Plaire, aimer et courir vite",Christophe Honoré,"July 13, 2019",2018,France,
Planet Earth II,,"December 25, 2017",2016,United Kingdom,
Planet Earth: The Complete Collection,Alastair Fothergill,"April 22, 2015",2006,United Kingdom,
Planet Hulk,Sam Liu,"June 1, 2020",2010,United States,
Planetarium,Rebecca Zlotowski,"January 1, 2018",2016,"France, Belgium",
Platoon,Oliver Stone,"November 1, 2020",1986,"United States, United Kingdom",
Playing for Time,"Daniel Mann, Joseph Sargent","December 1, 2017",1980,United States,
Playing Hard,Jean-Simon Chartier,"April 5, 2019",2018,"Canada, United States",
Pope Francis: A Man of His Word,Wim Wenders,"January 3, 2019",2018,"Switzerland, Vatican City, Italy, Germany, France",
Popeye,Robert Altman,"November 24, 2019",1980,United States,
Portlandia,,"September 25, 2019",2018,United States,
Porto,Gabe Klinger,"April 16, 2018",2016,"Portugal, France, Poland, United States",
Postcards from London,Steve McLean,"February 19, 2019",2018,United Kingdom,
Powder,,"February 15, 2018",2010,India,
Power Battle Watch Car,,"June 1, 2017",2016,,
Power Rangers Dino Charge,,"December 2, 2015",2015,United States,
Power Rangers Dino Super Charge,,"October 15, 2016",2016,,
Power Rangers Dino Thunder,,"January 1, 2016",2004,United States,
Power Rangers in Space,,"January 1, 2016",1998,"United States, France, Japan",
Power Rangers Jungle Fury,,"January 1, 2016",2008,United States,
Power Rangers Lightspeed Rescue,,"January 1, 2016",2000,"France, Japan, United States",
Power Rangers Lost Galaxy,,"January 1, 2016",1999,"United States, France, Japan",
Power Rangers Mystic Force,,"January 1, 2016",2006,United States,
Power Rangers Ninja Storm,,"January 1, 2016",2003,"United States, New Zealand",
Power Rangers Operation Overdrive,,"January 1, 2016",2007,"United States, New Zealand, Japan",
Power Rangers RPM,,"January 1, 2016",2009,United States,
Power Rangers S.P.D.,,"January 1, 2016",2005,"United States, New Zealand",
Power Rangers Samurai,,"January 1, 2016",2011,United States,
"Power Rangers Samurai: Christmas Together, Friends Forever (Christmas Special)",,"January 1, 2016",2011,United States,
Power Rangers Samurai: Clash of the Red Rangers,,"January 1, 2016",2011,United States,
Power Rangers Samurai: Party Monsters (Halloween Special),,"January 1, 2016",2011,United States,
Power Rangers Super Megaforce,,"January 1, 2016",2014,,
Power Rangers Super Megaforce: The Legendary Battle (Extended),"Charlie Haskell, Koichi Sakamoto","January 1, 2016",2014,United States,
Power Rangers Super Samurai,,"January 1, 2016",2012,,
Power Rangers Super Samurai: Stuck on Christmas,,"January 1, 2016",2012,United States,
Power Rangers Super Samurai: Trickster Treat,,"January 1, 2016",2012,United States,
Power Rangers Time Force,,"January 1, 2016",2001,United States,
Power Rangers Turbo,,"January 1, 2016",1997,"United States, France, Japan",
Power Rangers Wild Force,,"January 1, 2016",2002,"United States, Netherlands, Japan, France",
Power Rangers Zeo,,"January 1, 2016",1996,"United States, France, Japan",
Power Rangers: Megaforce,,"January 1, 2016",2013,United States,
Power Rangers: Megaforce: Raising Spirits,,"January 1, 2016",2013,United States,
Power Rangers: Megaforce: The Robo Knight Before Christmas,James Barr,"January 1, 2016",2013,United States,
Prague,Ashish R. Shukla,"December 1, 2017",2013,"India, Switzerland",
Prelude to War,Frank Capra,"March 31, 2017",1942,United States,
Premachi Goshta,Satish Rajwade,"February 15, 2018",2013,India,
Prescription Thugs,"Chris Bell, Josh Alexander, Greg Young","April 15, 2016",2015,United States,
Primal Fear,Gregory Hoblit,"December 1, 2019",1996,United States,
Prince Charming,Wong Jing,"August 31, 2018",1984,Hong Kong,
Prince Jai Aur Dumdaar Viru,Bhavik Thakore,"October 18, 2020",2017,,
Princess Cyd,Stephen Cone,"February 5, 2018",2017,United States,
Professor Mack,Christopher Nolen,"August 6, 2019",2018,United States,
Prohibition: A Film by Ken Burns and Lynn Novick,,"February 22, 2017",2011,United States,
Prosecuting Evil: The Extraordinary World of Ben Ferencz,Barry Avrich,"June 1, 2019",2019,Canada,
Psiconautas,,"April 15, 2018",2016,Argentina,
Pukar,Rajkumar Santoshi,"March 1, 2018",2000,India,
Pulp Fiction,Quentin Tarantino,"January 1, 2019",1994,United States,
Punjab 1984,Anurag Singh,"November 1, 2017",2014,"Canada, India",
Pusher,Luis Prieto,"December 27, 2017",2012,United Kingdom,
Pyaar Ka Punchnama,Luv Ranjan,"May 1, 2017",2011,India,
Pyaar Tune Kya Kiya,," June 1, 2017",2014,India,
Q Ball,Michael Tolajian,"March 11, 2020",2019,United States,
Qué pena tu serie,,"November 4, 2016",2015,United States,
Quantum of Solace,Marc Forster,"August 31, 2020",2008,"United Kingdom, United States",
Queen of No Marriage,,"August 1, 2016",2009,Taiwan,
Queen of the Desert,Werner Herzog,"April 6, 2019",2015,"United States, Morocco",
Queens of Comedy,,"May 1, 2018",2017,,
Queens vs. Kings,,"October 25, 2018",2018,,
R.L. Stine's Mostly Ghostly,Richard Correll,"August 1, 2018",2008,United States,
Rab Se Sohna Isshq,,"June 1, 2017",2012,,
Race to Witch Mountain,Andy Fickman,"July 1, 2019",2009,United States,
Rachel Getting Married,Jonathan Demme,"September 1, 2019",2008,United States,
Radical: the Controversial Saga of Dada Figueiredo,Raphael Erichsen,"April 12, 2017",2013,Brazil,
Radiopetti,Hari Viswanath,"January 1, 2017",2015,India,
Raging Bull,Martin Scorsese,"October 1, 2019",1980,United States,
Rahasya,Manish Gupta,"March 1, 2018",2015,India,
Raiders!: The Story of the Greatest Fan Film Ever Made,"Jeremy Coon, Tim Skousen","September 16, 2016",2015,United States,
Railroad Tigers,Ding Sheng,"August 19, 2017",2016,China,
Raja Hindustani,Dharmesh Darshan,"May 1, 2017",1996,India,
Rajnigandha,Basu Chatterjee,"December 31, 2019",1974,India,
Ralph Breaks the Internet: Wreck-It Ralph 2,"Phil Johnston, Rich Moore","June 11, 2019",2018,United States,
Ram Teri Ganga Maili,Raj Kapoor,"December 31, 2019",1985,India,
Ramayan,,"April 1, 2018",2012,India,
Ramen Shop,Eric Khoo,"July 31, 2019",2018,"Singapore, Japan, France",
Ramji Londonwaley,Sanjay Dayma,"December 31, 2019",2005,India,
Rampant,Kim Sung-hoon,"May 26, 2019",2018,South Korea,
Ranbhool,Girish Joshi,"March 15, 2018",2010,India,
Rangreza,Amir Mohiuddin,"August 1, 2018",2017,Pakistan,
Rats,Morgan Spurlock,"December 16, 2016",2016,United States,
Razia Sultan,,"April 1, 2017",2015,India,
Reaction,Husam El-Gohari,"June 20, 2019",2011,Egypt,
Ready,Anees Bazmee,"October 22, 2017",2011,India,
Reality of Dream,,"July 31, 2018",2015,,
Rebel Without a Cause,Nicholas Ray,"November 1, 2019",1955,United States,
Rebelde,,"December 31, 2017",2004,Mexico,
Recall,Michael James Regan,"June 25, 2019",2018,Canada,
Rectify,,"March 4, 2017",2016,United States,
Red Christmas,Craig Anderson,"December 11, 2017",2016,Australia,
Red Dawn,John Milius,"December 31, 2019",1984,United States,
Red Oleanders Raktokarobi,Amitava Bhattacharya,"September 15, 2018",2017,India,
Red Trees,Marina Willer,"March 24, 2018",2017,United Kingdom,
Red vs. Blue,,,2015,United States,
Refugee,"Clementine Malpas, Leslie Knott","March 10, 2017",2016,,
Regatta,Mohamed Samy,"May 9, 2019",2015,Egypt,
Reggie Yates Outside Man,," December 15, 2017",2017,United Kingdom,
Reincarnated,Andy Capper,"June 13, 2016",2012,United States,
Rembat,Shamyl Othman,"August 21, 2017",2015,Malaysia,
Remember,Atom Egoyan,"July 26, 2018",2015,"Canada, Mexico, Germany, South Africa",
Remember Me,Allen Coulter,"August 1, 2020",2010,United States,
Rememory,Mark Palansky,"June 1, 2020",2017,"United Kingdom, United States, Canada",
Republic of Doyle,,"May 28, 2020",2014,Canada,
Resident Evil: Afterlife,Paul W.S. Anderson,"January 1, 2020",2010,"Germany, France, United States, Canada, United Kingdom",
Residente,René Pérez Joglar,"January 1, 2018",2017,United States,
Restless Creature: Wendy Whelan,"Linda Saffire, Adam Schlesinger","September 26, 2017",2016,United States,
Return To The 36th Chamber,Chia-Liang Liu,"August 16, 2018",1980,Hong Kong,
Revelations,Vijay Jayapal,"March 1, 2017",2016,India,
Revenge,,"May 2, 2019",2017,,
Revenge of the Green Dragons,"Andrew Lau Wai-Keung, Andrew Loo","July 21, 2018",2014,"Hong Kong, United States",
Revolting Rhymes,"Jani Lachauer, Jakob Schuh","February 1, 2018",2017,United Kingdom,
Revolutionary Road,Sam Mendes,"November 1, 2019",2008,"United States, United Kingdom",
Rezeta,Fernando Frías De La Parra,"December 3, 2016",2012,Mexico,
"Rica, Famosa, Latina",,"April 26, 2019",2016,United States,
Righteous Kill,Jon Avnet,"June 1, 2019",2008,United States,
Ringan,Makarand Mane,"May 1, 2018",2015,India,
Ripper Street,,"September 8, 2017",2017,"United Kingdom, Ireland",
Rise of the Zombie,"Devaki Singh, Luke Kenny","December 15, 2017",2013,India,
Rishta.com,,"March 15, 2018",2010,India,
Rivaaz,Ashok Nanda,"November 1, 2017",2011,India,
Road to Sangam,Amit Rai,"December 31, 2019",2010,India,
Road to Yesterday,Ishaya Bako,"July 1, 2016",2015,Nigeria,
Roberto Saviano: Writing Under Police Protection,Pierfrancesco Diliberto,"May 1, 2018",2016,Italy,
Robin Hood: The Rebellion,Nicholas Winter,"May 1, 2019",2018,United Kingdom,
Robotech,,"October 1, 2016",1985,"United States, Japan",
Rocky,John G. Avildsen,"August 1, 2019",1976,United States,
Rocky II,Sylvester Stallone,"August 1, 2019",1979,United States,
Rocky III,Sylvester Stallone,"August 1, 2019",1982,United States,
Rocky IV,Sylvester Stallone,"August 1, 2019",1985,United States,
Rocky V,John G. Avildsen,"August 1, 2019",1990,United States,
Roger Corman's Death Race 2050,G.J. Echternkamp,"January 17, 2017",2017,United States,
Roh's Beauty,Sameh Abdulaziz,"April 19, 2019",2014,Egypt,
Roll Red Roll,Nancy Schwartzman,"August 8, 2019",2018,United States,
Rolling Papers,Mitch Dickman,"September 8, 2017",2015,"United States, Uruguay",
Romeo Ranjha,Navaniat Singh,"November 1, 2017",2014,"India, Canada",
Room,Lenny Abrahamson,"July 19, 2018",2015,"Ireland, Canada, United Kingdom, United States",
Room for Rent,Matthew Atkinson,"March 1, 2019",2017,Canada,
Room on the Broom,"Max Lang, Jani Lachauer","July 1, 2019",2012,"United Kingdom, Germany",
Roonpi Secret Love,,"June 21, 2019",2016,Thailand,
Roots,Shweta Basu Prasad,"November 1, 2017",2016,,
Rosemary's Baby,Roman Polanski,"November 1, 2019",1968,United States,
Rounders,John Dahl,"November 1, 2019",1998,United States,
Royal Pains,Jay Chandrasekhar," May 18, 2017",2016,United States,
Rubi,,"December 31, 2017",2004,Mexico,
Rukh,Atanu Mukherjee,"April 1, 2018",2017,India,
Rumble,R. Ellis Frazier,"September 15, 2017",2016,Mexico,
Rumble in the Bronx,Stanley Tong,"November 1, 2019",1995,Hong Kong,
Rumor Has It,Rob Reiner,"August 1, 2019",2005,"United States, Germany, Australia",
Run,Jeeva,"March 1, 2018",2004,India,
Runaway Bride,Garry Marshall,"December 1, 2020",1999,United States,
Running for Grace,David L. Cunningham,"June 19, 2019",2018,United States,
Running Out Of Time,Chris Stokes,"August 1, 2019",2018,United States,
Rurouni Kenshin,," January 1, 2020",1998,Japan,
Russell Madness,Robert Vince,"May 10, 2015",2015,United States,
Russell Peters vs. the World,,"October 14, 2013",2013,United States,
Russell Peters: Notorious,Dave Higby,"October 14, 2013",2013,United States,
Rustom,Dharmendra Suresh Desai,"January 6, 2017",2016,India,
S Is for Stanley,Alex Infascelli,"June 15, 2017",2016,Italy,
S.W.A.T.,Clark Johnson,"January 1, 2021",2003,United States,
Saath Saath,Raman Kumar,"December 31, 2019",1982,India,
Sacro GRA,Gianfranco Rosi,"March 21, 2017",2013,"Italy, France",
Sadece Sen,Hakan Yonat,"March 10, 2017",2014,Turkey,
Sadie's Last Days on Earth,Michael Seater,"August 22, 2017",2016,Canada,
Sadma,Balu Mahendra,"December 31, 2019",1983,India,
Sadqay Tumhare,Ehtesham Uddin,"December 15, 2016",2014,Pakistan,
Saeed Mirza: The Leftist Sufi,"Kireet Khurana, Padmakumar Narasimhamurthy","May 1, 2017",2016,India,
Safety Not Guaranteed,Colin Trevorrow,"August 13, 2020",2012,United States,
Saheb Bibi Golaam,Pratim D. Gupta,"January 1, 2017",2016,India,
Sairat,Nagraj Manjule,"April 1, 2018",2016,India,
Sakhi,Sanjay Soorkar,"February 15, 2018",2007,India,
Salem: His Sister's Father,Mohamed Hamdy,"June 22, 2019",2014,Egypt,
Samantaral,Partha Chakraborty,"September 15, 2018",2017,India,
Samarppanam,K. Gopinathan,"March 1, 2018",2017,India,
Sameer Abu Alneel,Amr Arafa,"June 6, 2019",2013,Egypt,
Samson,"Bruce MacDonald, Gabriel Sabloff","December 14, 2018",2018,"South Africa, United States",
Samudri Lootere,Anirban Majumder,"June 18, 2019",2018,,
San Pietro,John Huston,"March 31, 2017",1945,United States,
Sanai Choughade,Rajeev Patil,"January 1, 2018",2008,India,
Sangam,Raj Kapoor,"December 31, 2019",1964,India,
Santa Claws,Glenn Miller,"November 17, 2017",2014,United States,
Santa's Apprentice,Luc Vinciguerra,"December 20, 2015",2010,"Australia, France, Ireland",
Sarah's Key,Gilles Paquet-Brenner,"September 21, 2019",2010,France,
Sardaar ji,Rohit Jugraj,"December 1, 2017",2015,Canada,
Sardaarji 2,Rohit Jugraj,"October 15, 2017",2016,"Australia, India",
Sarivar Sari,Gajendra Ahire,"February 15, 2018",2005,India,
Sarvopari Palakkaran,Venugopan,"July 1, 2018",2017,India,
Sat Sri Akal,Kamal Sahani,"January 30, 2019",2008,India,
Satan & Adam,V. Scott Balcerek,"June 1, 2019",2018,United States,
Satrangi,,"April 1, 2017",2014,,
Satrangi Re,Aditya Sarpotdar,"March 15, 2018",2012,India,
Satte Pe Satta,Raj N. Sippy,"December 31, 2019",1982,India,
Saturday Church,Damon Cardasis,"October 6, 2020",2017,United States,
Savage Dog,Jesse V. Johnson,"November 1, 2017",2017,United States,
Savage Raghda,Mahmoud Karim,"June 13, 2019",2018,Egypt,
Save Our Shelter,,"August 18, 2018",2015,United States,
Saving Mr. Banks,John Lee Hancock,"March 2, 2019",2013,"United States, United Kingdom, Australia",
Saving Zoë,Jeffrey G. Hunt,"January 15, 2020",2019,United States,
Say When,Lynn Shelton,"July 19, 2018",2014,United States,
Scales: Mermaids Are Real,Kevan Peterson,"January 23, 2020",2017,United States,
Scandal,," May 19, 2018",2018,United States,
Scandal in Sorrento,Dino Risi,"November 13, 2020",1955,"Italy, France",
Scary Movie,Keenen Ivory Wayans,"January 1, 2020",2000,United States,
Scary Movie 5,Malcolm D. Lee,"August 12, 2020",2013,United States,
Schindler's List,Steven Spielberg,"April 1, 2018",1993,United States,
School Daze,Spike Lee,"November 1, 2020",1988,United States,
Scooby-Doo on Zombie Island,"Hiroshi Aoyama, Kazumi Fukushima, Jim Stenstrum","December 15, 2019",1998,United States,
Scott Pilgrim vs. the World,Edgar Wright,"September 16, 2018",2010,"United States, United Kingdom, Canada, Japan",
Scream 2,Wes Craven,"October 1, 2019",1997,United States,
Scream 3,Wes Craven,"July 1, 2019",2000,United States,
Seal Team Six: The Raid on Osama Bin Laden,John Stockwell,"January 1, 2020",2012,United States,
Searching for Bobby Fischer,Steven Zaillian,"December 7, 2020",1993,United States,
Searching for Sugar Man,Malik Bendjelloul,"December 1, 2019",2012,"Sweden, United Kingdom, Finland",
Season of the Witch,Dominic Sena,"April 26, 2019",2011,United States,
Secret,Jay Chou,"July 1, 2018",2007,"Hong Kong, Taiwan",
Secret Affair,,"May 22, 2017",2014,South Korea,
Secret in Their Eyes,Billy Ray,"April 1, 2018",2015,"United States, United Kingdom, Spain, South Korea",
Secrets of Althorp - The Spencers,Kasia Uscinska,"April 22, 2017",2013,United States,
Secrets of Chatsworth,Susannah Ward,"February 22, 2017",2013,United States,
Secrets of Henry VIII's Palace: Hampton Court,Sam Taplin,"February 22, 2017",2013,United States,
Secrets of Her Majesty's Secret Service,Kasia Uscinska,"February 22, 2017",2014,United Kingdom,
Secrets of Highclere Castle,Vicky Matthews,"February 22, 2017",2013,United States,
Secrets of Scotland Yard,Susannah Ward,"April 22, 2017",2013,United Kingdom,
Secrets of Selfridges,Sam Taplin,"April 22, 2017",2014,United States,
Secrets of the Tower of London,Vicky Matthews,"February 22, 2017",2013,United Kingdom,
Secrets of Underground London,"Vicky Matthews, Gareth Sacala","April 22, 2017",2014,United Kingdom,
Secrets of Westminster,Louise Wardle,"April 22, 2017",2014,"United States, United Kingdom",
Sen Kimsin?,Ozan Açıktan,"March 10, 2017",2012,Turkey,
Senna,Asif Kapadia,"October 1, 2019",2010,"United Kingdom, France, United States",
Sensitive Skin,," December 1, 2019",2016,Canada,
"Septiembre, un llanto en silencio",Kenneth Müller,"March 10, 2018",2017,Guatemala,
Servant of the People,,"March 1, 2017",2015,Ukraine,
Set Up,Mike Gunther,"January 10, 2020",2011,United States,
Sex and the City 2,Michael Patrick King,"January 1, 2021",2010,United States,
Sex and the City: The Movie,Michael Patrick King,"January 1, 2021",2008,United States,
Sex Doll,Sylvie Verheyde,"July 10, 2017",2016,"United Kingdom, France",
"Sexo, Pudor y Lagrimas",Antonio Serrano,"December 15, 2017",1999,Mexico,
SGT. Will Gardner,Max Martini,"May 19, 2019",2019,United States,
Shadow of Truth,,"January 27, 2017",2016,Israel,
Shahanpan Dega Deva,Sudesh Manjrekar,"January 1, 2018",2011,India,
Shaka Zulu,,"January 10, 2019",1986,"Italy, South Africa, West Germany, Australia, United States",
Shakti: The Power,Krishna Vamshi,"March 1, 2018",2002,India,
Shanghai,Dibakar Banerjee,"March 1, 2018",2012,India,
Shararat,Gurudev Bhalla,"March 1, 2018",2002,India,
Shark Busters,Herman Yau,"August 16, 2018",2002,Hong Kong,
Shark Night,David R. Ellis,"November 2, 2019",2011,United States,
Shaurya: It Takes Courage to Make Right... Right,Samar Khan,"March 1, 2018",2008,India,
She Did That,,"February 4, 2020",2019,United States,
Shelter,"Måns Mårlind, Björn Stein","December 29, 2017",2010,United States,
Sherlock,,"May 15, 2017",2017,"United Kingdom, United States",
Sherlock Holmes,Guy Ritchie,"January 1, 2021",2009,"United States, Germany, United Kingdom, Australia",
Shiva,Ram Gopal Varma,"December 31, 2019",1990,India,
Shopkins: Chef Club,Raymond McGrath,"November 15, 2018",2016,United States,
Shopkins: Wild,"Adele K. Thomas, Richard Bailey","November 15, 2018",2018,Australia,
Shopkins: World Vacation,Richard Bailey,"November 15, 2018",2017,Australia,
Shorgul,"Jitendra Tiwari, Pranav Singh","October 30, 2018",2016,India,
Short Term 12,Destin Daniel Cretton,"July 18, 2019",2013,United States,
Shorts,Robert Rodriguez,"July 1, 2019",2009,"United States, United Arab Emirates",
SHOT! The Psycho-Spiritual Mantra of Rock,Barney Clay,"August 10, 2017",2016,"United Kingdom, United States",
Shuddhi,Adarsh Eshwarappa,"March 1, 2018",2017,"India, United States",
Shutter,"Banjong Pisanthanakun, Parkpoom Wongpoom","September 5, 2018",2004,Thailand,
Sicilian Ghost Story,"Fabio Grassadonia, Antonio Piazza","July 6, 2019",2017,"Italy, France, Switzerland",
Sid the Science Kid,,"March 31, 2020",2008,United States,
Siddhant,Vivek Wagh,"October 30, 2018",2014,India,
Silencer,Timothy Woodward Jr.,"December 3, 2018",2018,United States,
Silent Hill: Revelation,M.J. Bassett,"December 13, 2019",2012,"Canada, France, United States",
Silicon Cowboys,Jason Cohen,"April 1, 2017",2016,United States,
Silver Spoon,,"September 15, 2017",2015,Russia,
Sin senos no hay paraíso,,"May 15, 2017",2008,"Colombia, Mexico, United States",
Sin Senos sí Hay Paraíso,," January 11, 2019",2018,"United States, Colombia",
Singh Saab the Great,Anil Sharma,"July 15, 2017",2013,India,
Single,Raditya Dika,"September 28, 2018",2015,Indonesia,
Singularity,Robert Kouba,"June 1, 2018",2017,"Switzerland, United States",
Sinister Circle,Dorian Fernández-Moris,"October 1, 2019",2017,Peru,
Siren,Gregg Bishop,"January 1, 2020",2016,United States,
Sister Code,Corey Grant,"February 14, 2016",2015,United States,
Skin Trade,Ekachai Uekrongtham,"December 17, 2018",2014,"Thailand, Canada, United States",
Skin Wars,,"October 1, 2016",2016,United States,
Skin Wars: Fresh Paint,,"December 15, 2018",2016,United States,
Skiptrace,Renny Harlin,"July 4, 2019",2016,"China, Hong Kong, United States",
Sky on Fire,Ringo Lam,"August 5, 2017",2016,"China, Hong Kong",
Skydancers,Fredric Lean,"June 27, 2018",2014,"United States, France",
Skyline,"Colin Strause, Greg Strause","January 16, 2019",2010,United States,
Sleeping with Other People,Leslye Headland,"October 2, 2017",2015,United States,
Sleepover,Joe Nussbaum,"March 1, 2020",2004,United States,
Sling Blade,Billy Bob Thornton,"November 1, 2019",1996,United States,
Sliver,Phillip Noyce,"January 1, 2020",1993,United States,
Slobby's World,,"December 31, 2018",2018,United States,
Slow West,John Maclean,"July 26, 2018",2015,"United Kingdom, New Zealand",
Small Soldiers,Joe Dante,"June 1, 2019",1998,United States,
Smart People,Noam Murro,"July 12, 2019",2008,United States,
Smash: Motorized Mayhem,,"May 15, 2017",2017,United States,
SMOSH: The Movie,Alex Winter,"September 22, 2015",2015,United States,
Sniper: Special Ops,Fred Olen Ray,"January 10, 2020",2016,United States,
Socha Na Tha,Imtiaz Ali,"July 1, 2018",2005,India,
Social Animals,Jonathan Ignatius Green,"March 19, 2019",2018,United States,
Soekarno,Hanung Bramantyo,"January 5, 2019",2013,Indonesia,
Solo Con Tu Pareja,Alfonso Cuarón,"September 1, 2018",1991,Mexico,
Solo: A Star Wars Story,Ron Howard,"January 9, 2019",2018,United States,
Solo: A Star Wars Story (Spanish Version),Ron Howard,"January 9, 2019",2018,United States,
Solomon Kane,Michael J. Bassett,"February 15, 2018",2009,"Czech Republic, United Kingdom, France",
Some Freaks,Ian MacAllister-McDonald,"December 18, 2017",2017,United States,
Something's Gotta Give,Nancy Meyers,"August 1, 2019",2003,United States,
Son of a Gun,Julius Avery,"July 19, 2018",2014,"Australia, United Kingdom, Canada",
Sons of Ben,Jeffrey C. Bell,"December 10, 2016",2016,United States,
Sotus The Series,,"May 25, 2019",2016,Thailand,
Soul Surfer,Sean McNamara,"May 17, 2020",2011,United States,
Soul to Keep,"David Allensworth, Monière","July 1, 2019",2019,United States,
Sour Grapes,"Jerry Rothwell, Reuben Atlas","November 18, 2016",2016,United Kingdom,
Space Racers,,"March 31, 2020",2014,United States,
Sparkle,Sam O'Steen,"November 1, 2019",1976,United States,
Spartacus,," February 1, 2015",2013,United States,
Speech & Debate,Dan Harris,"July 6, 2017",2017,United States,
Speed Is My Need,Mark Sloper,"January 9, 2020",2019,United Kingdom,
Spider-Man 3,Sam Raimi,"November 1, 2019",2007,United States,
Spider-Man: Into the Spider-Verse,"Peter Ramsey, Rodney Rothman, Bob Persichetti","June 26, 2019",2018,United States,
Spitfire: The Plane that Saved the World,"David Fairhead, Anthony Palmer","November 1, 2019",2018,United Kingdom,
Splash and Bubbles,," August 13, 2018",2018,United States,
Spotlight,Tom McCarthy,"July 22, 2020",2015,United States,
Spring Breakers,Harmony Korine,"January 10, 2021",2012,"United States, France",
Sprinter,Storm Saulter,"April 15, 2020",2018,"Jamaica, United States",
Spy Kids,Robert Rodriguez,"April 1, 2019",2001,United States,
Spy Kids 2: The Island of Lost Dreams,Robert Rodriguez,"March 8, 2019",2002,United States,
Spy Kids 3: Game Over,Robert Rodriguez,"April 1, 2019",2003,United States,
Spy Time,Javier Ruiz Caldera,"June 1, 2016",2015,Spain,
St. Agatha,Darren Lynn Bousman,"August 8, 2019",2018,United States,
Staged Killer,Christopher Ray,"June 28, 2019",2019,United States,
Standoff,Adam Alleca,"December 11, 2018",2015,Canada,
Star Men,Alison E. Rose,"February 5, 2017",2015,"Canada, United States, United Kingdom",
Star Wars: Episode VIII: The Last Jedi,Rian Johnson,"June 26, 2018",2017,United States,
Star-Crossed,,"April 16, 2015",2014,United States,
Starred Up,David Mackenzie,"August 29, 2019",2013,United Kingdom,
Station Horizon,,"September 1, 2016",2015,Switzerland,
Stealing History,"Ola Flyum, David Hebditch","July 1, 2016",2006,United States,
Step Brothers,Adam McKay,"November 1, 2019",2008,United States,
Step Outside,Wael Ihsan,"June 6, 2019",2018,Egypt,
Stephanie,Akiva Goldsman,"September 1, 2018",2017,United States,
Sthaniya Sambaad,"Arjun Gourisaria, Moinak Biswas","March 15, 2018",2010,India,
Still,"Chatchai Katenut, Manussa Vorasingha, Tanwarin Sukkhapisit, Poj Arnon","September 14, 2018",2010,Thailand,
Stink!,Jon J. Whelan,"November 1, 2018",2015,United States,
Stoked,,"December 16, 2017",2010,"United States, Canada",
Stone Age,,"July 1, 2019",2017,South Korea,
Stonehearst Asylum,Brad Anderson,"September 8, 2017",2014,United States,
Stop at Nothing: The Lance Armstrong Story,Alex Holmes,"February 15, 2015",2014,"Australia, United Kingdom, United States, New Zealand, Italy, France",
Storage Wars: Northern Treasures,,"July 22, 2019",2015,United States,
Story of an Egg,Raj B. Shetty,"October 15, 2017",2017,India,
Straight Up,James Sweeney,"June 26, 2020",2020,United States,
Strange but True,Rowan Athale,"August 30, 2020",2019,Canada,
Stranger than Fiction,Marc Forster,"October 1, 2020",2006,"United States, United Kingdom",
Strawberry Shortcake: Berry Bitty Adventures,,"January 1, 2016",2015,"France, United States, Canada",
Strictly Ballroom,Baz Luhrmann,"January 1, 2020",1992,"Australia, United Kingdom",
Strike a Pose,"Ester Gould, Reijer Zwaan","April 7, 2017",2016,"Netherlands, Belgium",
Stripes,Ivan Reitman,"September 1, 2019",1981,United States,
Striptease,Andrew Bergman,"January 1, 2021",1996,United States,
Strong Girl Bong-soon,,"November 24, 2019",2017,South Korea,
Stronger Than the World,Afonso Poyart,"February 11, 2017",2016,Brazil,
Strongland,,"January 18, 2019",2018,,
Stuart Little 2,Rob Minkoff,"January 1, 2020",2002,United States,
Submission,J.M. Berrios,"November 11, 2019",2019,United States,
Suburra,Stefano Sollima,"October 14, 2015",2015,"Italy, France",
Suckseed,Chayanop Boonprakob,"September 5, 2018",2011,Thailand,
Sudani from Nigeria,Zakariya,"August 1, 2018",2018,India,
Suicide (Hitabdut),Benny Fredman,"July 1, 2016",2014,Israel,
Suite Française,Saul Dibb,"June 5, 2017",2014,"United Kingdom, France, Canada, Belgium, United States",
Suits,,"December 1, 2019",2018,South Korea,
Summer Night,Joseph Cross,"March 19, 2020",2019,United States,
Summer of '92,Kasper Barfoed,"July 10, 2016",2015,"Denmark, United Kingdom, Sweden",
Sunrise,Partho Sen-Gupta,"March 15, 2017",2014,"India, France",
Super Bheem,,"June 28, 2019",2019,India,
Super Bheem Bana Vajraveer,Sumit Das,"June 18, 2019",2018,India,
Super Dark Times,Kevin Phillips,"January 1, 2018",2017,United States,
Super Nani,Indra Kumar,"March 1, 2018",2014,India,
Super Wings,,"December 1, 2020",2020,"United States, South Korea, China",
Superbad,Greg Mottola,"January 1, 2021",2007,United States,
Superfly,Gordon Parks,"November 1, 2019",1972,United States,
Superman Returns,Bryan Singer,"October 1, 2019",2006,United States,
SuperNature: Wild Flyers,,"March 1, 2017",2016,United Kingdom,
Superstar,Bruce McCulloch,"November 20, 2019",1999,United States,
Surat Dari Praha,Angga Dwimas Sasongko,"October 9, 2018",2016,Indonesia,
Surviving R. Kelly Part II: The Reckoning,,"April 13, 2020",2020,United States,
Survivors Guide to Prison,Matthew Cooke,"May 24, 2018",2017,United States,
Susanne Bartsch: On Top,"Anthony Caronna, Alexander Smith","December 10, 2018",2017,United States,
Sustainable,Matt Wechsler,"March 1, 2017",2016,United States,
Swami,Basu Chatterjee,"December 31, 2019",1977,India,
Swami Baba Ramdev: The Untold Story,,"May 1, 2018",2018,,
Sweeney Todd: The Demon Barber of Fleet Street,Tim Burton,"January 1, 2020",2007,"United States, United Kingdom",
Sweet Virginia,Jamie M. Dagg,"December 1, 2019",2017,"United States, Canada",
Swiss Army Man,"Dan Kwan, Daniel Scheinert","January 30, 2019",2016,"United States, Sweden",
Sword Master,Derek Yee,"June 10, 2017",2016,"China, Hong Kong",
Sword Masters: Two Champions of Shaolin,Cheh Chang,"August 16, 2018",1980,Hong Kong,
Sym-Bionic Titan,,"December 15, 2019",2010,United States,
Taal,Subhash Ghai,"March 1, 2018",1999,India,
Tahaan,Santosh Sivan,"July 15, 2018",2008,India,
Take Me Home Tonight,Michael Dowse,"May 16, 2019",2011,"United States, Germany",
Taken,," January 12, 2019",2018,"France, United States",
Tales of the City (1993),,"June 28, 2019",1993,"United Kingdom, United States",
Tamanchey,Navneet Behal,"October 15, 2017",2014,India,
Tarif de nuit,Julien Seri,"March 1, 2018",2015,France,
Tarzan,"Chris Buck, Kevin Lima","June 23, 2018",1999,United States,
Tarzan 2,Brian Smith,"June 23, 2017",2005,United States,
Tattah,Sameh Abdulaziz,"May 9, 2019",2013,Egypt,
Tayo the Little Bus Movie: Mission Ace,Ryu Jung-woo,"July 1, 2019",2016,United States,
Teach Us All,Sonia Lowman,"September 25, 2017",2017,United States,
Teen Patti,Leena Yadav,"March 1, 2018",2010,India,
Teenage Cocktail,John Carchietta,"January 15, 2017",2016,United States,
Teenage Mutant Ninja Turtles,Kevin Munroe,"May 1, 2019",2007,"Hong Kong, United States",
Teenage Mutant Ninja Turtles II: The Secret of the Ooze,Michael Pressman,"January 1, 2020",1991,"United States, Hong Kong",
Teenage Mutant Ninja Turtles: The Movie,Steve Barron,"January 1, 2020",1990,,
Tees Maar Khan,Farah Khan,"August 2, 2018",2010,India,
Tellur Aliens,Einar Gabbassov,"December 1, 2016",2016,"United States, Kazakhstan",
Temporada de Caza,Natalia Garagiola,"July 15, 2018",2017,"Argentina, France, United States, Germany, Qatar",
Ten Years,"Jevons Au, Zune Kwok, Chow Kwun-wai, Ng Ka-Leung, Wong Fei-Pang","February 12, 2019",2015,Hong Kong,
Teresa,,"December 31, 2017",2010,Mexico,
Terminator 3: Rise of the Machines,Jonathan Mostow,"January 1, 2020",2003,"United States, Germany, United Kingdom",
Terminator Salvation,McG,"January 1, 2020",2009,"United States, Germany, United Kingdom, Italy",
Terra,"Yann Arthus-Bertrand, Michael Pitiot","May 1, 2016",2015,France,
Terrifier,Damien Leone,"September 1, 2018",2017,United States,
Teshan,Sukhbir Singh,"October 15, 2017",2016,India,
Tezz,Priyadarshan,"December 1, 2017",2012,"United Kingdom, India",
Th Eena Meena Deeka Chase Comedy Show,Dheeraj Berry,"March 31, 2018",2015,India,
Thackeray,,"May 25, 2019",2019,India,
That '70s Show,," November 1, 2017",2005,United States,
The 2000s,,"February 19, 2019",2018,United States,
The 24 Hour War,"Nate Adams, Adam Carolla","November 15, 2019",2016,United States,
The 4th Company,"Mitzi Vanessa Arreola, Amir Galvan Cervera","April 6, 2018",2016,"Mexico, Spain",
The Accountant of Auschwitz,Matthew Shoychet,"July 1, 2019",2018,Canada,
The Adderall Diaries,Pamela Romanowsky,"July 15, 2018",2015,United States,
The Adjusters,,"September 18, 2017",2010,,
The Adventure Club,Geoff Anderson,"May 10, 2017",2016,Canada,
The Adventures of Figaro Pho,,,2015,Australia,
The Adventures of Sharkboy and Lavagirl,Robert Rodriguez,"December 2, 2020",2005,United States,
The Adventures of Tintin,Steven Spielberg,"November 20, 2019",2011,"United States, New Zealand, United Kingdom",
The Aerial,Esteban Sapir,"April 1, 2018",2007,Argentina,
The Age of Shadows,Jee-woon Kim,"January 1, 2018",2016,South Korea,
The American President,Rob Reiner,"January 1, 2021",1995,United States,
The Amityville Horror,Andrew Douglas,"January 1, 2020",2005,United States,
The Andy Griffith Show,," July 1, 2017",1967,United States,
The Angry Birds Movie 2,"Thurop Van Orman, John Rice","February 27, 2020",2019,"Finland, United States",
The Animal People,"Denis Hennelly, Casey Suchan","March 11, 2020",2019,United States,
The Ant's Scream,Sameh Abdulaziz,"June 13, 2019",2010,Egypt,
The Apartment,," December 14, 2018",2014,Singapore,
The Apostate,Federico Veiroj,"May 10, 2017",2015,"Spain, France, Uruguay",
The Art of the Steal,Jonathan Sobol,"December 8, 2018",2013,"Canada, United States",
The Art of War,Christian Duguay,"July 1, 2020",2000,"United States, Canada",
The Assignment,Walter Hill,"March 15, 2020",2016,"France, Canada, United States",
The Autopsy of Jane Doe,André Øvredal,"December 30, 2018",2016,"United Kingdom, United States",
The Bachelor,,"December 1, 2019",2009,,
The Bachelors,Kurt Voelker,"February 21, 2018",2017,United States,
The Bad Education Movie,Elliot Hegarty,"December 15, 2018",2015,United Kingdom,
The Bad Kids,"Keith Fulton, Louis Pepe","April 1, 2017",2016,United States,
The Bare-Footed Kid,Johnnie To,"August 16, 2018",1993,Hong Kong,
The Basement,"Brian M. Conley, Nathan Ives","April 9, 2019",2018,United States,
The Battle of Midway,John Ford,"March 31, 2017",1942,United States,
The Beat,,"September 18, 2017",2012,,
The Beginning of Life: The Series,Estela Renner,"November 11, 2016",2016,Brazil,
The Bible's Buried Secrets,,"February 1, 2019",2011,United Kingdom,
The Big Catch,,"February 1, 2019",2015,United Kingdom,
The Bill Murray Stories: Life Lessons Learned From a Mythical Man,Tommy Avallone,"December 31, 2018",2018,United States,
The Black Room,Rolfe Kanefsky,"August 7, 2017",2016,United States,
The Blackcoat's Daughter,Osgood Perkins,"May 18, 2019",2015,"Canada, United States",
The Bleeder,Philippe Falardeau,"March 29, 2019",2016,United States,
The Blue Planet: A Natural History of the Oceans,Alastair Fothergill,"October 10, 2015",2001,United Kingdom,
The Bomb,"Kevin Ford, Smriti Keshari, Eric Schlosser","August 1, 2017",2016,United States,
The Bomb Squad,,"February 1, 2019",2011,United Kingdom,
The Book of Eli,"Albert Hughes, Allen Hughes","July 1, 2019",2010,United States,
The Boss's Daughter,Olivier Loustau,"March 10, 2017",2015,France,
The Bounty Hunter,Andy Tennant,"October 1, 2019",2010,United States,
The Box,Richard Kelly,"June 1, 2019",2009,United States,
The Boy,William Brent Bell,"June 1, 2020",2016,"United States, Canada, China",
The Boy in the Striped Pajamas,Mark Herman,"January 1, 2019",2008,"United Kingdom, United States",
The Brave One,Neil Jordan,"November 1, 2019",2007,United States,
The Brawler,Ken Kushner,"May 18, 2019",2019,United States,
The Breadwinner,Nora Twomey,"February 20, 2018",2017,"Ireland, Canada, Luxembourg, United States, United Kingdom, Philippines, India",
The Break-Up,Peyton Reed,"July 16, 2019",2006,United States,
The Bridge,Kunle Afolayan,"September 1, 2019",2017,Nigeria,
The Brothers Grimm,Terry Gilliam,"July 1, 2019",2005,"United States, Czech Republic, United Kingdom",
The Bucket List,Rob Reiner,"October 1, 2019",2007,United States,
The Bulbul's Nest,Husam El-Gohari,"May 9, 2019",2013,,
The Bund,,"September 20, 2018",1983,Hong Kong,
The Bye Bye Man,Stacy Title,"April 1, 2019",2017,"United States, China",
The Bygone,"Graham Phillips, Parker Phillips","March 23, 2020",2019,United States,
The Cakemaker,Ofir Raul Graizer,"December 4, 2018",2017,"Israel, Germany",
The Calling,Bumpy,"April 1, 2019",2018,India,
The Captive,Atom Egoyan,"July 20, 2018",2014,Canada,
The Car,Elliot Silverstein,"June 1, 2020",1977,United States,
The Carter Effect,Sean Menard,"May 1, 2018",2017,United States,
The Case for Christ,Jon Gunn,"November 21, 2017",2017,United States,
The Cell,Tarek Al Eryan,"June 13, 2019",2017,Egypt,
The CEO,Kunle Afolayan,"September 1, 2019",2016,Nigeria,
The Charnel House,Craig Moss,"February 4, 2017",2016,United States,
The Chefs' Line,,"August 1, 2019",2017,Australia,
The Chord,Magdy Al-Hawwary,"June 20, 2019",2010,Egypt,
The Chosen,Antonio Chavarrías,"April 14, 2017",2016,"Spain, Mexico",
The Chosen Ones,David Pablos,"May 8, 2016",2015,"Mexico, France",
The Christmas Candle,John Stephenson,"November 1, 2019",2013,"United Kingdom, United States",
The Christmas Project,Michael Buster,"March 1, 2019",2016,United States,
The Cincinnati Kid,Norman Jewison,"November 1, 2019",1965,United States,
The Code,,"February 1, 2018",2011,United Kingdom,
The Company Men,John Wells,"July 28, 2018",2010,United States,
The Competition,Harvey Lowry,"July 23, 2019",2018,United States,
The Confirmation,Bob Nelson,"February 6, 2019",2016,Canada,
The Congress,Ari Folman,"August 23, 2019",2013,"Israel, Germany, Poland, Luxembourg, Belgium, France, United States",
The Consul's Son,Amr Arafa,"April 25, 2019",2011,Egypt,
The Craft,Andrew Fleming,"January 1, 2020",1996,United States,
The Cravings,," April 20, 2017",2016,South Korea,
The Croods,"Kirk De Micco, Chris Sanders","July 29, 2019",2013,United States,
The Crow,Alex Proyas,"January 1, 2019",1994,United States,
The Cruise,Marek Piwowski,"October 1, 2019",1970,Poland,
The Crying Game,Neil Jordan,"January 1, 2020",1992,"United Kingdom, Japan, United States",
The Curse of Oak Island,,"September 15, 2019",2016,United States,
The D Train,"Jarrad Paul, Andrew Mogel","April 2, 2017",2015,"United Kingdom, United States",
The Damned Rain,Satish Manwar,"January 1, 2018",2009,India,
The Dancer,Ifa Isfansyah,"December 8, 2018",2011,Indonesia,
The Dark Crystal,"Frank Oz, Jim Henson","May 1, 2019",1982,"United States, United Kingdom",
The Dark Side of Life: Mumbai City,Tariq Khan,"December 31, 2019",2018,India,
The Darkest Dawn,,"June 23, 2018",2016,United Kingdom,
The Daughter,Simon Stone,"April 26, 2017",2015,Australia,
The Dawn Wall,"Peter Mortimer, Josh Lowell","March 4, 2019",2017,"Austria, United States",
The Day My Butt Went Psycho!,," June 30, 2015",2015,"Canada, Australia",
The Departed,Martin Scorsese,"January 1, 2021",2006,"United States, Hong Kong",
The Desert Bride,"Cecilia Atán, Valeria Pivato","November 8, 2018",2017,"Argentina, Chile",
The Detained,Blair Hayes,"February 15, 2019",2017,United States,
The Devil and Father Amorth,William Friedkin,"July 23, 2018",2017,"Italy, United States",
The Devil Inside,William Brent Bell,"November 20, 2019",2012,United States,
The Devil Is a Part-Timer!,,"April 1, 2019",2013,Japan,
The Devil We Know,"Stephanie Soechtig, Jeremy Seifert","January 15, 2019",2018,United States,
The Diabolical,Alistair Legrand,"August 1, 2018",2015,United States,
The Dreamer,Riri Riza,"October 4, 2018",2009,Indonesia,
The Drowning,Bette Gordon,"September 1, 2017",2016,"United States, Hong Kong",
The Drunk and on Drugs Happy Funtime Hour,,"August 24, 2018",2011,Canada,
The Duel,Kieran Darcy-Smith,"June 2, 2019",2016,United States,
The Dukes of Hazzard,Jay Chandrasekhar,"January 1, 2020",2005,United States,
The Dukes of Hazzard: The Beginning,Robert Berlinger,"January 1, 2020",2007,United States,
The Eichmann Show,Paul Andrew Williams,"August 31, 2017",2015,"United Kingdom, Lithuania",
The Eighties,,"September 30, 2018",2016,United States,
The End of the Tour,James Ponsoldt,"July 26, 2018",2015,United States,
The Endless,"Justin Benson, Aaron Moorhead","September 19, 2018",2017,United States,
The Evil Dead,Sam Raimi,"January 10, 2020",1981,United States,
The Exception,David Leveaux,"July 26, 2019",2016,"United Kingdom, United States",
The Eyes of My Mother,Nicolas Pesce,"April 6, 2017",2016,United States,
The Fear,Michael Samuels,"March 31, 2017",2012,United Kingdom,
The Fear of 13,David Sington,"June 1, 2016",2015,United Kingdom,
The Feels,Jenée LaMarque,"July 1, 2018",2018,United States,
The Fighter,David O. Russell,"January 13, 2019",2010,United States,
The Figurine (Araromire),Kunle Afolayan,"October 1, 2019",2009,Nigeria,
The Final Destination,David R. Ellis,"January 1, 2020",2009,United States,
The First Line,"Coerte Voorhees, John Voorhees","September 20, 2016",2014,"United States, Greece, United Kingdom",
The First Temptation of Christ,Rodrigo Van Der Put,"December 3, 2019",2019,Brazil,
The First Wives Club,Hugh WIlson,"November 20, 2019",1996,United States,
The Five,Mark Tonderai,"September 15, 2017",2016,United Kingdom,
The Five Venoms,Cheh Chang,"July 31, 2018",1978,Hong Kong,
The Flintstones,Brian Levant,"October 1, 2019",1994,United States,
The Flintstones in Viva Rock Vegas,Brian Levant,"October 1, 2019",2000,United States,
The Flying Guillotine,Meng Hua Ho,"July 28, 2018",1975,Hong Kong,
The Forbidden Kingdom,Rob Minkoff,"July 1, 2019",2008,"United States, China",
The Force,Peter Nicks,"January 29, 2018",2017,United States,
The Foreigner,Martin Campbell,"February 14, 2020",2017,"United Kingdom, China, United States, India",
The Forgotten,Oliver Frampton,"September 11, 2017",2014,United Kingdom,
The Fosters,," October 5, 2017",2017,United States,
The Founder,John Lee Hancock,"August 21, 2020",2016,"United States, Greece",
The Free Man,Toa Fraser,"October 1, 2017",2016,New Zealand,
The Frozen Ground,Scott Walker,"August 27, 2020",2013,United States,
The Furchester Hotel,," February 1, 2017",2015,"United Kingdom, United States",
The Future of Water,,"July 1, 2016",2007,Norway,
The Gathering,Nia Dinata,"December 8, 2018",2003,Indonesia,
The Gentleman Driver,Mario Mattei,"January 31, 2019",2018,United States,
The Ghost Who Walks,Cody Stokes,"April 7, 2020",2019,United States,
The Girl with the Dragon Tattoo,David Fincher,"January 5, 2021",2011,"United States, Sweden, Norway",
The Golden Years with Javed Akhtar,,"June 1, 2017",2016,India,
The Golem,"Doron Paz, Yoav Paz","June 26, 2019",2018,Israel,
The Good Catholic,Paul Shoulberg,"January 24, 2018",2017,United States,
The Good Neighbor,Kasra Farahani,"December 5, 2016",2016,United States,
"The Goods: Live Hard, Sell Hard",Neal Brennan,"November 20, 2019",2009,United States,
The Gospel of John,David Batty,"October 20, 2018",2014,"United Kingdom, United States, Morocco",
The Gospel of Luke,David Batty,"October 19, 2018",2015,"United States, United Kingdom, Morocco",
The Gospel of Mark,David Batty,"October 19, 2018",2015,,
The Gospel of Matthew,David Batty,"October 19, 2018",2014,,
The Great Battle,,"April 8, 2019",2018,South Korea,
The Great British Baking Show: Masterclass,,"December 1, 2018",2018,United Kingdom,
The Great Gambler,Shakti Samanta,"December 31, 2019",1979,India,
The Great Raid,John Dahl,"November 1, 2019",2005,"United States, Australia",
The Great Train Robbery,,"March 31, 2017",2013,United Kingdom,
The Green Hornet,Michel Gondry,"April 18, 2020",2011,United States,
The Guild,,"March 2, 2019",2013,United States,
The Hatred,Michael G. Kehoe,"December 11, 2017",2017,United States,
The Haunting of Molly Hartley,Mickey Liddell,"October 4, 2018",2008,United States,
The Healer,Paco Arango,"June 1, 2020",2017,"Spain, Canada, United States",
The Heat: A Kitchen (R)evolution,Maya Gallus,"May 7, 2019",2018,Canada,
The Help,Tate Taylor,"June 1, 2020",2011,United States,
The Heretics,Chad Archibald,"September 4, 2019",2017,Canada,
The Heroes of Evil,Zoe Berriatúa,"June 1, 2016",2015,Spain,
The Heyday of the Insensitive Bastards,"Mark Columbus, Lauren Hoekstra, Sarah Kruchowski, Ryan Moody, Simon Savelyev, Vanita Shastry, Shadae Lamar Smith, Jeremy David White","February 26, 2018",2017,United States,
The Hollow Point,Gonzalo López-Gallego,"March 16, 2017",2016,United States,
The Holy Man,Note Chern-Yim,"July 25, 2018",2005,Thailand,
The Homecoming,,"June 2, 2017",2015,,
The House on Coco Road,Damani Baker,"June 30, 2017",2016,United States,
The House That Made Me,,"March 31, 2017",2015,India,
The Human Factor: The Untold Story of the Bombay Film Orchestras,Rudradeep Bhattacharjee,"April 1, 2017",2013,India,
The Humanity Bureau,Rob W. King,"December 18, 2018",2017,Canada,
The Hundred-Foot Journey,Lasse Hallström,"January 31, 2019",2014,"United States, India, United Arab Emirates",
The Hunt,,"May 14, 2017",2015,United Kingdom,
The Hurricane Heist,Rob Cohen,"September 26, 2018",2018,"United Kingdom, United States",
The Hurt Business,Vlad Yudin,"February 1, 2017",2016,United States,
The Imaginarium of Doctor Parnassus,Terry Gilliam,"March 8, 2019",2009,"United Kingdom, Canada, France, United States",
The Inbetweeners,," January 1, 2018",2010,United Kingdom,
The Incident,Isaac Ezban,"June 19, 2017",2014,Mexico,
The Incredible Story of the Giant Pear,"Philip Einstein Lipski, Jørgen Lerdam, Amalie Næsby Fick","March 1, 2019",2018,Denmark,
The Incredibles 2,Brad Bird,"January 30, 2019",2018,United States,
The Indian in the Cupboard,Frank Oz,"November 1, 2020",1995,United States,
The Informant!,Steven Soderbergh,"August 1, 2018",2009,United States,
The Intent,"Femi Oyeniran, Kalvadour Peterson","May 15, 2017",2016,United Kingdom,
The Intent 2: The Come Up,"Femi Oyeniran, Nicky Slimting Walker","February 21, 2019",2018,United Kingdom,
The Invention of Lying,"Ricky Gervais, Matthew Robinson","January 1, 2020",2009,United States,
The Investigator: A British Crime Story,,"March 5, 2020",2018,United Kingdom,
The Invitation,Karyn Kusama,"July 8, 2016",2015,United States,
The Irish Mob,,"December 1, 2016",2008,,
The Iron Lady,Phyllida Lloyd,"July 7, 2019",2011,"United Kingdom, France",
The Jack King Affair,"Benjamin Cohen, Nicolas Cotto","January 2, 2018",2015,France,
The Jaime Maussan Show,,"December 1, 2017",2010,United States,
The Jane Austen Book Club,Robin Swicord,"March 8, 2019",2007,United States,
The Jungle Book,,"May 11, 2019",2010,"India, Germany, France",
The Jungle School,Riri Riza,"October 30, 2018",2013,Indonesia,
The Keeping Hours,Karen Moncrieff,"September 1, 2018",2017,United States,
The Kindness Diaries,,"May 1, 2019",2019,,
The King's Speech,Tom Hooper,"June 2, 2018",2010,"United Kingdom, United States, Australia",
The L Word,," March 20, 2018",2009,"Canada, United States",
The Lady in Dignity,,"January 30, 2018",2017,South Korea,
The Lake House,Alejandro Agresti,"September 1, 2019",2006,United States,
The Lamb,Timothy Reckart,"June 4, 2018",2017,United States,
The Land of the Enlightened,Pieter-Jan De Pue,"January 1, 2017",2016,"Belgium, Ireland, Netherlands, Germany, Afghanistan",
The Last Days of Chez Nous,Gillian Armstrong,"November 1, 2016",1992,Australia,
The Last Exorcism,Daniel Stamm,"September 1, 2019",2010,"France, United States",
The Last Face,Sean Penn,"January 13, 2020",2016,United States,
The Last Hangover,Rodrigo Van Der Put,"December 21, 2018",2018,Brazil,
The Last Man on the Moon,Mark Craig,"May 26, 2016",2014,United Kingdom,
The Last Resort,"Dennis Scholl, Kareem Tabsch","April 21, 2019",2018,United States,
The Last Whistle,Rob Smat,"October 26, 2019",2019,United States,
The Legend of 420,Peter Spirer,"December 1, 2017",2017,United States,
The Legend of Michael Mishra,Manish Jha,"April 1, 2019",2016,India,
The Liar,,"October 21, 2017",2013,,
The Little Hours,Jeff Baena,"December 23, 2018",2017,"Canada, United States",
The Little Mermaid,"Blake Harris, Chris Bouchard","December 1, 2018",2018,United States,
The Little Prince,Mark Osborne,"November 6, 2020",2015,"France, Canada, Italy, United States, China",
The Lives of Others,Florian Henckel von Donnersmarck,"March 15, 2019",2006,Germany,
The Lizzie Borden Chronicles,,"February 1, 2016",2015,United States,
The Lobster,Yorgos Lanthimos,"December 2, 2018",2015,"Ireland, United Kingdom, Greece, France, Netherlands",
The Lodgers,Brian O'Malley,"August 23, 2018",2017,Ireland,
The Long Goodbye: The Kara Tippetts Story,Jay Lyons,"June 23, 2019",2019,United States,
The Longest Yard,Robert Aldrich,"November 20, 2019",1974,United States,
The Longshots,Fred Durst,"January 30, 2019",2008,United States,
The Look of Silence,Joshua Oppenheimer,"February 26, 2016",2014,"Denmark, Indonesia, Finland, Norway, United Kingdom, Israel, France, United States, Germany, Netherlands",
The Lord of the Rings: The Return of the King,Peter Jackson,"January 1, 2020",2003,"New Zealand, United States",
The Lord of the Rings: The Two Towers,Peter Jackson,"January 1, 2020",2002,"New Zealand, United States",
The Love Guru,Marco Schnabel,"November 20, 2019",2008,"United Kingdom, Germany, United States",
The Lovers and the Despot,"Robert Cannan, Ross Adam","February 23, 2017",2016,United Kingdom,
The lynx,Stanisław Różewicz,"October 1, 2019",1982,Poland,
The Mad Monk,Johnny To,"August 16, 2018",1993,Hong Kong,
The Magic Pill,Robert Tate,"April 24, 2018",2017,"United States, Australia, South Africa, United Kingdom",
The Making of Frozen Planet,,"January 28, 2016",2012,"United Kingdom, United States, Spain, Germany, Greece, Canada",
The Man Who Would Be Polka King,"John Mikulak, Joshua Brown","January 12, 2018",2009,United States,
The Mask of Zorro,Martin Campbell,"January 1, 2020",1998,"United States, Germany, Mexico",
The Matrix,"Lilly Wachowski, Lana Wachowski","November 1, 2019",1999,United States,
The Matrix Reloaded,"Lilly Wachowski, Lana Wachowski","November 1, 2019",2003,United States,
The Matrix Revolutions,"Lilly Wachowski, Lana Wachowski","November 1, 2019",2003,United States,
The Mayo Clinic,"Ken Burns, Christopher Loren Ewers, Erik Ewers","April 19, 2019",2018,United States,
The Mayor,Park In-je,"September 30, 2017",2017,South Korea,
"The Memphis Belle: A Story of a
Flying Fortress",William Wyler,"March 31, 2017",1944,United States,
The Men Who Stare at Goats,Grant Heslov,"June 4, 2019",2009,"United States, United Kingdom",
The Messengers,,"April 17, 2016",2015,United States,
The Mind of a Chef,," November 1, 2017",2016,United States,
The Minimighty Kids,," April 15, 2018",2012,France,
The Ministry of Time,," January 28, 2018",2017,Spain,
The Model,Mads Matthiesen,"December 6, 2016",2016,Denmark,
The Monster,Bryan Bertino,"January 9, 2019",2016,"United States, Canada",
The Monster of Mangatiti,John Banas,"December 15, 2015",2015,New Zealand,
The Mortified Guide,,"February 14, 2018",2018,United States,
The Most Beautiful Hands of Delhi,,"July 20, 2017",2017,Sweden,
The Muppets,James Bobin,"September 1, 2020",2011,United States,
The Murder Detectives,,"March 31, 2017",2015,United Kingdom,
The Music of Silence,Michael Radford,"July 1, 2018",2017,Italy,
The Naked Gun 2 1/2: The Smell of Fear,David Zucker,"January 1, 2020",1991,,
The Naked Gun: From the Files of Police Squad!,David Zucker,"January 1, 2021",1988,United States,
The Natural,Barry Levinson,"January 1, 2020",1984,United States,
The Negro Soldier,Stuart Heisler,"March 31, 2017",1944,United States,
The Netflix Afterparty,,"January 2, 2021",2021,United States,
The New Romantic,Carly Stone,"April 15, 2019",2018,Canada,
The Nineties,,"September 30, 2018",2017,United States,
The NSU-Complex,"Stefan Aust, Dirk Laabs","December 28, 2016",2016,Germany,
The Nutcracker and the Four Realms,"Lasse Hallström, Joe Johnston","May 28, 2019",2018,United States,
The Office (U.S.),," January 1, 2016",2012,United States,
The One I Love,Charlie McDowell,"May 30, 2019",2014,United States,
The Only Mother To You All,Wenn V. Deramas,"February 27, 2019",2008,Philippines,
The Other Guys,Adam McKay,"February 1, 2020",2010,United States,
The Parole Officer,John Duigan,"August 1, 2018",2001,United Kingdom,
The Pass,Ben A. Williams,"January 1, 2019",2016,United Kingdom,
The Peacemaker,Mimi Leder,"January 1, 2020",1997,United States,
The Pelican Brief,Alan J. Pakula,"November 1, 2019",1993,United States,
The Perfect Day,Jean-Pierre Devillers,"September 1, 2018",2018,,
The Perks of Being a Wallflower,Stephen Chbosky,"April 1, 2020",2012,United States,
The Phantom of the Opera,Joel Schumacher,"June 1, 2019",2004,"United Kingdom, United States",
The Physician,Philipp Stölzl,"July 15, 2015",2013,Germany,
The Pink Panther,Shawn Levy,"July 1, 2019",2006,"United States, Czech Republic",
The Pirate Fairy,Peggy Holmes,"June 15, 2014",2014,United States,
The Pirates of Somalia,Bryan Buckley,"March 1, 2018",2017,"Somalia, Kenya, Sudan, South Africa, United States",
The Pirates! Band of Misfits,"Peter Lord, Jeff Newitt","October 1, 2020",2012,"United Kingdom, United States",
The Place Beyond the Pines,Derek Cianfrance,"May 16, 2017",2012,United States,
The Plan,Keerthi,"March 1, 2018",2015,India,
The Player,Ahmad El-Badri,"June 20, 2019",2012,Egypt,
The Polar Express,Robert Zemeckis,"January 1, 2021",2004,United States,
The Power of Grayskull: The Definitive History of He-Man and the Masters of the Universe,"Randall Lobb, Robert McCallum","August 24, 2018",2017,"Canada, United States",
The President's Barber,Chan-sang Lim,"October 1, 2017",2004,South Korea,
The Prince,Brian A. Miller,"February 22, 2019",2014,"United States, United Kingdom",
The Prince & Me,Martha Coolidge,"October 1, 2020",2004,"United States, Czech Republic",
The Princess and the Frog,"Ron Clements, John Musker","July 16, 2019",2009,United States,
The Prison,Na Hyeon,"November 18, 2017",2017,South Korea,
The Pursuit,John Papola,"August 7, 2019",2019,United States,
The Pursuit of Happyness,Gabriele Muccino,"October 1, 2019",2006,United States,
The Push,"Grant Korgan, Brian Niles","June 7, 2019",2018,United States,
The Pyramid Code,,"February 8, 2016",2009,Canada,
The Rainbow Troops,Riri Riza,"October 21, 2018",2008,Indonesia,
The Rainmaker,Francis Ford Coppola,"November 20, 2019",1997,"United States, Germany",
The Rap Game,,"September 15, 2019",2016,United States,
The Rat Race,Miriam Chandy Menacherry,"January 1, 2017",2010,India,
The Real Football Factories,,"December 29, 2017",2006,United Kingdom,
The Real Miyagi,Kevin Derek,"June 16, 2017",2015,"United States, Canada, Japan, Panama",
The Rebound,Shaina Allen,"February 28, 2019",2016,United States,
The Redeemed and the Dominant: Fittest on Earth,"Heber Cannon, Mariah Moore, Marston Sawyers","July 1, 2018",2017,United States,
The Rehearsal,Alison MacLean,"January 1, 2018",2016,New Zealand,
The Republic of Imbaba,Ahmed Al-Badry,"June 6, 2019",2015,,
The Returned,,"February 17, 2019",2015,France,
The Rezort,Steve Barker,"January 16, 2017",2016,"United Kingdom, Spain, Belgium",
The Rift: The Dark Side of the Moon,Dejan Zečević,"February 26, 2018",2016,"Serbia, South Korea, Slovenia",
The Right One,Hadi El Bagoury,"June 13, 2019",2011,Egypt,
The Ring,Gore Verbinski,"January 1, 2020",2002,United States,
The Riot Club,Lone Scherfig,"March 16, 2017",2014,United Kingdom,
The River Thief,N.D. Wilson,"January 14, 2017",2016,United States,
The River Wild,Curtis Hanson,"September 1, 2018",1994,United States,
The Road to Calvary,,"September 1, 2018",2017,Russia,
The Rolling Stones: Olé Olé Olé! A Trip Across Latin America,Paul Dugdale,"March 22, 2019",2016,United Kingdom,
The Roommate,Christian E. Christiansen,"April 1, 2020",2011,United States,
The Rover,David Michôd,"July 19, 2018",2014,"Australia, United States",
THE RUM DIARY,Bruce Robinson,"December 6, 2019",2011,"United States, United Kingdom",
The Runner,Austin Stark,"September 8, 2017",2015,United States,
The Salvation,Kristian Levring,"March 2, 2017",2014,"Denmark, United Kingdom, South Africa, Sweden, Belgium",
The Sapphires,Wayne Blair,"April 26, 2019",2012,Australia,
The Score,Frank Oz,"November 28, 2019",2001,"Germany, Canada, United States",
The Sea of Trees,Gus Van Sant,"November 8, 2018",2015,United States,
The Search for Life in Space,Stephen Amezdroz,"April 1, 2018",2016,United States,
The Secret Life of Pets 2,Chris Renaud,"December 27, 2019",2019,"United States, France, Japan",
The Seven Five,Tiller Russell,"April 14, 2017",2014,United States,
The Seventies,,"September 30, 2018",2015,United States,
The Shaukeens,Abhishek Sharma,"March 1, 2018",2014,India,
The Show,Giancarlo Esposito,"June 1, 2020",2017,United States,
The Sign of Venus,Dino Risi,"November 13, 2020",1955,Italy,
The Signal,"William Eubank, Will Eubank","July 13, 2018",2014,United States,
The Similars,Isaac Ezban,"January 15, 2017",2015,Mexico,
The Sinking Of Van Der Wijck,Sunil Soraya,"September 28, 2018",2013,Indonesia,
The Sniffer,," June 1, 2018",2017,Ukraine,
The Social Network,David Fincher,"April 1, 2020",2010,United States,
The Space Between Us,Peter Chelsom,"June 1, 2019",2016,United States,
The Spectacular Now,James Ponsoldt,"July 15, 2018",2013,United States,
The spiral,Krzysztof Zanussi,"October 1, 2019",1978,Poland,
The Spy Next Door,Brian Levant,"November 1, 2020",2010,United States,
The Spy Who Fell to Earth,Thomas Meadmore,"April 5, 2019",2019,United Kingdom,
The Stanford Prison Experiment,Kyle Patrick Alvarez,"June 17, 2017",2015,United States,
The Story of God with Morgan Freeman,," February 1, 2019",2017,United States,
The Story of Us with Morgan Freeman,,"February 1, 2019",2017,United States,
The Student,Steven R. Monroe,"March 15, 2019",2017,United States,
The Sunshine Makers,Cosmo Feilding-Mellen,"March 9, 2017",2015,United Kingdom,
The Super,Stephan Rick,"February 16, 2019",2017,United States,
The Super Mario Bros. Super Show!,,"May 22, 2016",1989,"United States, Canada",
The Surrounding Game,"Will Lockhart, Cole D. Pruitt","August 30, 2018",2018,United States,
The Taking of Pelham 123,Tony Scott,"September 1, 2019",2009,"United States, United Kingdom",
The Talented Mr. Ripley,Anthony Minghella,"January 1, 2020",1999,United States,
The Texas Chainsaw Massacre,Tobe Hooper,"October 22, 2019",1974,United States,
The Thief and the Imbecile,"Mohammed El-Tahawy, Mohamed Mostafa","June 6, 2019",2013,Egypt,
The Tiger Hunter,Lena Khan,"April 9, 2018",2016,United States,
The Tigers of Scotland,Leanne Gater,"November 1, 2018",2017,United Kingdom,
The Time Machine,Simon Wells,"November 23, 2019",2002,"United States, United Arab Emirates",
The Time Traveler's Wife,Robert Schwentke,"October 1, 2019",2009,United States,
The Traffickers,,"January 22, 2018",2016,United States,
The Tribes of Palos Verdes,"Brendan Malloy, Emmett Malloy","December 1, 2019",2017,United States,
The Trigger Effect,David Koepp,"January 1, 2018",1996,United States,
The Trip to Spain,Michael Winterbottom,"December 12, 2017",2016,United Kingdom,
The Trust,"Ben Brewer, Alex Brewer","April 1, 2019",2015,United States,
The Truth About Alcohol,David Briggs,"August 1, 2017",2016,United Kingdom,
The Tudors,," January 8, 2018",2010,"Ireland, Canada, United States, United Kingdom",
The Tuxedo,Kevin Donovan,"November 1, 2019",2002,United States,
The Twilight Zone (Original Series),,"July 1, 2017",1963,United States,
The Ugly Truth,Robert Luketic,"April 25, 2019",2009,United States,
The Unborn Child,Poj Arnon,"July 30, 2018",2011,Thailand,
The Underwear,,"June 19, 2018",2017,,
The Universe,,"September 15, 2019",2009,United States,
The Unknown Girl,"Jean-Pierre Dardenne, Luc Dardenne","December 12, 2017",2016,"Belgium, France",
The Unknown Known,Errol Morris,"February 22, 2019",2013,United States,
The Vatican Tapes,Mark Neveldine,"April 20, 2020",2015,United States,
The Vietnam War: A Film by Ken Burns and Lynn Novick,"Ken Burns, Lynn Novick","June 20, 2018",2017,United States,
The Walls of the Moon,"Ossama Abu El Atta, Tarek Al Eryan","April 18, 2019",2015,Egypt,
The War: A Film by Ken Burns and Lynn Novick,,"February 22, 2017",2007,United States,
The Water Diviner,Russell Crowe,"October 7, 2019",2014,"Australia, United States",
The Water Horse: Legend of the Deep,Jay Russell,"November 1, 2018",2007,"New Zealand, United Kingdom, Australia",
The Waterboy,Frank Coraci,"March 8, 2017",1998,United States,
The Wedding Curse,Chito S. Roño,"March 21, 2019",2006,Philippines,
The Wedding Party 2: Destination Dubai,Niyi Akinmolayan,"September 21, 2019",2017,Nigeria,
The West Wing,," December 25, 2015",2005,United States,
The Witch,Robert Eggers,"September 17, 2018",2015,"United Kingdom, Canada, United States",
The Witch Files,Kyle Rankin,"February 1, 2019",2018,United States,
The Womanizer,,"September 1, 2016",2010,China,
The Women Who Kill Lions,Neil Rawles,"August 1, 2017",2016,United Kingdom,
The Women's Balcony,Emil Ben-Shimon,"December 19, 2017",2016,Israel,
The Workshop,Laurent Cantet,"November 10, 2018",2017,France,
The World Is Not Enough,Michael Apted,"December 31, 2019",1999,"United Kingdom, United States",
The World's Most Wanted Animal,Victoria Bromley,"April 1, 2019",2018,United Kingdom,
The Wrong Babysitter,George Mendeluk,"June 18, 2019",2017,Canada,
The Year of Happiness and Love,,"September 1, 2016",2009,Taiwan,
The Young Offenders,Peter Foott,"March 9, 2017",2016,Ireland,
The Young Vagabond,Sze Yu Lau,"August 16, 2018",1985,Hong Kong,
Theater of Life,Peter Svatek,"July 18, 2017",2016,Canada,
Theeram,Saheed Arafath,"July 1, 2018",2017,India,
"Thelonious Monk: Straight, No Chaser",Charlotte Zwerin,"November 1, 2019",1988,United States,
Theo Who Lived,David Shisgall,"December 16, 2016",2016,United States,
ThirTEEN Terrors,,"March 1, 2019",2014,Thailand,
This Is My Love,,"May 22, 2017",2015,South Korea,
This Is Not What I Expected,Derek Hui,"October 14, 2017",2017,China,
This Was Tomorrow,Wim Bonte,"December 15, 2015",2015,Belgium,
Thithi,Raam Reddy,"March 9, 2017",2015,"India, United States",
Thong Dee Fun Khao,Bin Bunluerit,"January 15, 2018",2017,Thailand,
Thor: Ragnarok,Taika Waititi,"June 5, 2018",2017,United States,
Thor: Tales of Asgard,Sam Liu,"April 15, 2020",2011,"United States, Canada",
Thorne: Scaredy Cat,Benjamin Ross,"November 2, 2016",2010,United Kingdom,
Thorne: Sleepyhead,Stephen Hopkins,"November 2, 2016",2010,"United Kingdom, Australia, Canada, United States",
Three,Johnnie To,"June 3, 2017",2016,"Hong Kong, China",
Three-Quarters Decent,Mohamed Hamdy,"June 20, 2019",2010,,
Thumper,Jordan Ross,"February 5, 2018",2017,United States,
Thunderbolt,"William Wyler, John Sturges","March 31, 2017",1947,United States,
Tientsin Mystic,,"February 9, 2018",2017,China,
Tik Tok,Li Jun,"July 1, 2017",2016,China,
Tikli and Laxmi Bomb,Aditya Kripalani,"August 1, 2018",2017,India,
Time Please,Sameer Vidwans,"January 1, 2018",2013,India,
Timeless Season,,"September 18, 2017",2009,,
Timeline,,"February 23, 2018",2014,,
Tinker Bell and the Legend of the NeverBeast,Steve Loter,"May 17, 2015",2014,United States,
Tinker',Sonny Marler,"March 19, 2019",2018,United States,
Tip the Mouse,,"September 1, 2017",2014,"Germany, United States, Italy",
To Be a Miss,"Edward Ellis, Flor Salcedo, Aaron Woolf","January 1, 2017",2016,"United States, Venezuela",
"To Wong Foo, Thanks for Everything! Julie Newmar",Beeban Kidron,"August 1, 2019",1995,United States,
Toast of London,Michael Cumming,"September 1, 2017",2015,United Kingdom,
Tobot,,"September 11, 2019",2018,Canada,
Tokyo Idols,Kyoko Miyake,"October 1, 2017",2017,"United Kingdom, Canada, Japan",
Tom and Jerry: The Magic Ring,Phil Roman,"December 15, 2019",2001,,
Tomorrow Never Dies,Roger Spottiswoode,"December 31, 2019",1997,"United Kingdom, United States",
Top 10 Secrets and Mysteries,,"March 15, 2019",2018,"United Kingdom, United States, Czech Republic",
Top Grier,,"December 31, 2018",2018,United States,
Tope: The Bait,Buddhadev Dasgupta,"March 1, 2018",2016,India,
Tortilla Soup,Maria Ripoll,"September 15, 2020",2001,United States,
Total Frat Movie,Warren P. Sonoda,"December 19, 2016",2016,United States,
Towies,,"December 27, 2017",2016,,
Tracers,Daniel Benmayor,"October 22, 2019",2015,United States,
Traffic Signal,Madhur Bhandarkar,"December 31, 2019",2007,India,
Train of the Dead,Sukum Maetawanitch,"July 25, 2018",2007,Thailand,
Train to Busan,Sang-ho Yeon,"March 18, 2017",2016,South Korea,
Trainspotting,Danny Boyle,"October 1, 2019",1996,United Kingdom,
Traitor,Jeffrey Nachmanoff,"July 1, 2018",2008,United States,
Transcendence,Wally Pfister,"November 1, 2018",2014,"United Kingdom, China, United States",
Trash,Stephen Daldry,"January 1, 2019",2014,"United Kingdom, Brazil, Germany",
Trash Fire,Richard Bates Jr.,"February 2, 2017",2016,United States,
Treasures from the Wreck of the Unbelievable,Sam Hobkinson,"January 1, 2018",2017,United Kingdom,
Tree Man,"Jon Reiner, Brad Rothschild","November 1, 2016",2015,Canada,
Tremors,Ron Underwood,"January 1, 2020",1990,United States,
Tremors 2: Aftershocks,S.S. Wilson,"January 1, 2020",1995,,
Tremors 3: Back to Perfection,Brent Maddock,"January 1, 2020",2001,United States,
Tremors 4: The Legend Begins,S.S. Wilson,"January 1, 2020",2004,United States,
Tremors 5:  Bloodline,Don Michael Paul,"January 1, 2020",2015,"South Africa, United States",
Tremors 6: A Cold Day in Hell,Don Michael Paul,"May 1, 2018",2018,"United States, South Africa",
Trespass Against Us,Adam Smith,"February 22, 2019",2016,United Kingdom,
"Trikal (Past, Present, Future)",Shyam Benegal,"December 31, 2019",1985,India,
Trimurti,Mukul Anand,"March 1, 2018",1995,India,
Trip to Bhangarh: Asia's Most Haunted Place,Jitender Pawar,"November 1, 2017",2014,India,
Trixie Mattel: Moving Parts,Nicholas Zeig-Owens,"March 27, 2020",2019,United States,
Trophy,"Shaul Schwarz, Christina Clusiau","February 13, 2018",2017,"United Kingdom, Namibia, South Africa, Zimbabwe, United States",
Trotsky,,"December 10, 2018",2017,Russia,
Troy: The Odyssey,Tekin Girgin,"March 12, 2018",2017,United States,
True Grit,Henry Hathaway,"January 1, 2020",1969,United States,
True to the Game,Preston A. Whitmore II,"March 1, 2018",2017,United States,
Trumbo,Jay Roach,"May 19, 2020",2015,United States,
Tucker and Dale vs. Evil,Eli Craig,"March 29, 2019",2010,"Canada, United States, India, United Kingdom",
Tukaram,Chandrakant Kulkarni,"February 15, 2018",2012,India,
Tunisian Victory,"Frank Capra, John Huston, Hugh Stewart, Roy Boulting, Anthony Veiller","March 31, 2017",1944,"United States, United Kingdom",
Turbo,David Soren,"September 12, 2019",2013,United States,
Tusk,Kevin Smith,"July 24, 2018",2014,United States,
Twice,Hidetaka Inazuka,"December 31, 2017",2010,"Japan, United States",
Twin Peaks,,"July 1, 2017",1990,United States,
Twinsanity,Buz Wallick,"March 15, 2019",2018,United States,
Twirlywoos,,"May 15, 2020",2018,United Kingdom,
"Twisted Trunk, Big Fat Body",,"January 15, 2017",2015,India,
Two Graves,Gary Young,"May 1, 2019",2018,United Kingdom,
Two Lovers and a Bear,Kim Nguyen,"May 2, 2017",2016,Canada,
Tyke Elephant Outlaw,"Susan Lambert, Stefan Moore","December 1, 2015",2015,Australia,
Tyson,James Toback,"March 1, 2019",2008,"United States, France",
Ugly,Anurag Kashyap,"March 1, 2017",2013,India,
Ugly Duckling,,"February 15, 2019",2015,Thailand,
Una,Benedict Andrews,"April 1, 2018",2016,"United Kingdom, Canada, United States",
Unaccompanied Minors,Paul Feig,"October 1, 2019",2006,United States,
Unacknowledged,Michael Mazzola,"August 21, 2017",2017,United States,
Under an Arctic Sky,Chris Burkard,"December 15, 2017",2017,United States,
Under The Skin,Jonathan Glazer,"July 15, 2018",2013,"Switzerland, United Kingdom, United States",
Undercover Grandpa,Erik Canuel,"November 1, 2017",2016,Canada,
Undercover: How to Operate Behind Enemy Lines,John Ford,"March 31, 2017",1943,United States,
Unfinished Song,Paul Andrew Williams,"July 22, 2019",2012,"United Kingdom, Germany",
Union Leader,Sanjay Patel,"December 31, 2019",2017,"Canada, India",
Unruly Friends,Sherif Mandour,"June 20, 2019",2011,Egypt,
Up in the Air,Jason Reitman,"January 1, 2020",2009,United States,
Urvi,Pradeep Verma,"January 15, 2018",2017,India,
Used Goods,Mohamed Hamdy,"September 1, 2019",2018,Egypt,
USS Indianapolis: Men of Courage,Mario Van Peebles,"September 25, 2019",2016,United States,
V for Vendetta,James McTeigue,"October 1, 2018",2005,"United States, United Kingdom, Germany",
V.R. Troopers,,"January 1, 2016",1995,United States,
Vantage Point,Pete Travis,"November 1, 2019",2008,United States,
Veerappan,Ram Gopal Varma,"October 15, 2017",2016,India,
Veerey Ki Wedding,Ashu Trikha,"December 31, 2019",2018,India,
Vegas Baby,Amanda Micheli,"July 4, 2017",2016,United States,
Viceroy's House,Gurinder Chadha,"December 12, 2017",2017,"United Kingdom, India, Sweden",
Victor,Brandon Dickerson,"July 24, 2017",2015,United States,
Viking Destiny,David L.G. Hughes,"February 2, 2019",2018,"United Kingdom, Belgium",
Vikings Unearthed,Harvey Lilley,"March 1, 2017",2016,United States,
Vincent N Roxxy,Gary Michael Schultz,"September 2, 2017",2016,United States,
ViR: The Robot Boy,,"March 31, 2018",2013,,
Viswasapoorvam Mansoor,P.T. Kunju Muhammad,"July 1, 2018",2017,India,
Vitti Dandu,Ganesh Kadam,"July 15, 2017",2014,India,
Vizontele Tuuba,Yılmaz Erdoğan,"March 10, 2017",2004,Turkey,
Vodka Diaries,Kushal Srivastava,"December 31, 2019",2018,India,
Vroomiz,," August 1, 2017",2016,South Korea,
VS.,Ed Lilly,"June 19, 2019",2018,United Kingdom,
Waar,Bilal Lashari,"July 1, 2017",2013,Pakistan,
Waarrior Savitri,Param Gill,"November 1, 2017",2016,India,
Waiting,Anu Menon,"May 1, 2018",2015,India,
Waiting...,Rob McKittrick,"September 23, 2020",2005,United States,
Wake Up,,"March 31, 2018",2017,,
Wakefield,Robin Swicord,"March 2, 2019",2016,United States,
Walk with Me,"Marc Francis, Max Pugh","December 26, 2017",2017,United Kingdom,
Walking Out,"Alex Smith, Andrew J. Smith","October 1, 2019",2017,United States,
War,Philip G. Atwell,"April 1, 2019",2007,"United States, Canada",
War Chhod Na Yaar,Faraz Haider,"March 2, 2019",2013,India,
War Horse,Steven Spielberg,"May 6, 2019",2011,"United States, India",
War on Everyone,John Michael McDonagh,"December 3, 2019",2016,United Kingdom,
Warda,Hadi El Bagoury,"April 18, 2019",2014,Egypt,
Warehoused,Jack Zagha Kababie,"November 1, 2017",2015,Mexico,
Wartime Portraits,,"September 15, 2016",2014,Poland,
Water & Power: A California Heist,Marina Zenovich,"February 1, 2018",2017,United States,
Waterschool,Tiffanie Hsu,"July 25, 2018",2018,"United States, Brazil, India, Uganda, China",
We Are Your Friends,Max Joseph,"January 27, 2020",2015,"United Kingdom, France, United States",
We Belong Together,Chris Stokes,"July 16, 2019",2018,United States,
We Need to Talk,David Serrano,"September 1, 2016",2016,Spain,
We the Animals,Jeremiah Zagar,"February 11, 2019",2018,United States,
"We, the Marines",Greg MacGillivray,"July 1, 2018",2017,United States,
We're No Animals,Alejandro Agresti,"August 15, 2017",2015,"United States, Argentina",
Weather forecast,Antoni Krauze,"October 1, 2019",1983,Poland,
Weeds,,"April 1, 2014",2012,United States,
Weeds on Fire,Chi Fat Chan,"September 27, 2018",2016,Hong Kong,
Weird Wonders of the World,," March 31, 2017",2016,United Kingdom,
Welcome 2 Karachi,Ashish R. Mohan,"March 1, 2018",2015,India,
Welcome to Monster High: The Origin Story,"Stephen Donnelly, Olly Reid, Jun Falkenstein","October 1, 2017",2016,United States,
Welcome to New York,Abel Ferrara,"March 23, 2017",2014,"United States, France",
Welcome to Willits,Trevor Ryan,"February 6, 2018",2017,United States,
Westerplatte Resists,Stanisław Różewicz,"October 1, 2019",1967,Poland,
Westside vs. the World,Michael Fahey,"August 9, 2019",2019,,
What a Wonderful Family!,Huang Lei,"July 1, 2018",2017,China,
What Happens to My Family,,"May 5, 2017",2016,Turkey,
What Is Love?,,"January 1, 2017",2012,Taiwan,
What Lies Beneath,Robert Zemeckis,"January 1, 2020",2000,United States,
What Makes a Psychopath?,Rebecca Harrison,"February 1, 2019",2017,United Kingdom,
What Still Remains,Josh Mendoza,"December 21, 2018",2018,United States,
What's Up With Love?,"Rudy Soedjarwo, Riri Riza","December 8, 2018",2002,Indonesia,
When Calls the Heart,,"December 29, 2018",2017,United States,
When Hari Got Married,"Ritu Sarin, Tenzing Sonam","December 25, 2016",2013,"United Kingdom, India, United States",
When Two Worlds Collide,"Heidi Brandenburg, Mathew Orzel","November 30, 2016",2016,"Peru, United States, United Kingdom",
Where the Money Is,Marek Kanievska,"January 15, 2020",2000,"Germany, United States, United Kingdom, Canada",
Where's the Money,Scott Zabielski,"January 22, 2018",2017,United States,
While We're Young,Noah Baumbach,"October 23, 2017",2015,United States,
White Chamber,Paul Raschid,"August 1, 2019",2018,United Kingdom,
White Island,Benjamin Turner,"September 25, 2017",2016,United Kingdom,
Who the F**k Is That Guy?,Drew Stone,"September 1, 2017",2017,United States,
Who's That Knocking at My Door?,Martin Scorsese,"July 1, 2019",1967,United States,
Who's the One,,"January 1, 2017",2011,Taiwan,
Why Are We Getting So Fat?,"Milla Harrison-Hansley, Alicky Sussman","February 1, 2019",2016,United Kingdom,
Why Knot,Dhruv Dhawan,"October 15, 2017",2016,"Canada, India, Thailand, United States, United Arab Emirates",
Why We Fight: The Battle of Russia,"Frank Capra, Anatole Litvak","March 31, 2017",1943,United States,
Wild Alaska,,"March 31, 2017",2015,United Kingdom,
Wild Arabia,,"March 31, 2017",2013,United Kingdom,
Wild Wild West,Barry Sonnenfeld,"January 1, 2020",1999,United States,
Wildlife,Paul Dano,"September 1, 2020",2018,United States,
Williams,Morgan Matthews,"November 4, 2017",2017,United Kingdom,
Willy Wonka & the Chocolate Factory,Mel Stuart,"January 1, 2020",1971,"United States, East Germany, West Germany",
Winnie,Pascale Lamche,"February 26, 2018",2017,"France, Netherlands, South Africa, Finland",
Winsanity,,"December 15, 2018",2016,United States,
Winter of Our Dreams,John Duigan,"November 1, 2016",1981,Australia,
Winter Sun,,"August 1, 2017",2014,Turkey,
Winter's Bone,Debra Granik,"March 1, 2019",2010,United States,
Wish I Was Here,Zach Braff,"August 16, 2018",2014,United States,
Wish Man,Theo Davies,"December 3, 2019",2019,United States,
Withdrawn,Adrian Murray,"May 1, 2018",2017,Canada,
Wolves,Bart Freundlich,"March 29, 2019",2016,United States,
Women Behind Bars,," November 1, 2016",2010,United States,
Woodstock,Barak Goodman,"August 13, 2019",2019,United States,
World Trade Center,Oliver Stone,"November 20, 2019",2006,United States,
World's Busiest Cities,,"February 1, 2019",2017,United Kingdom,
World's Weirdest Homes,Storm Theunissen,"February 1, 2019",2015,,
Would You Rather,David Guy Levy,"June 5, 2019",2013,United States,
Wrong No.,Yasir Nawaz,"July 1, 2017",2015,Pakistan,
Wrong Side Raju,Mikhil Musale,"October 1, 2017",2016,India,
WWII: Report from the Aleutians,John Huston,"March 31, 2017",1943,United States,
Wyatt Earp,Lawrence Kasdan,"January 1, 2020",1994,United States,
XX,"Jovanka Vuckovic, Annie Clark, Roxanne Benjamin, Karyn Kusama","June 22, 2017",2017,"Canada, United States",
XXx,Rob Cohen,"January 1, 2019",2002,United States,
XXX: State of the Union,Lee Tamahori,"January 1, 2019",2005,United States,
Y Tu Mamá También,Alfonso Cuarón,"June 1, 2017",2001,Mexico,
Y.M.I.: Yeh Mera India,N. Chandra,"March 1, 2018",2008,India,
Yaadein,Subhash Ghai,"March 1, 2018",2001,India,
Yaara O Dildaara,Ksshitij Chaudhary,"November 1, 2017",2011,India,
Yamla Pagla Deewana 2,Sangeeth Sivan,"May 1, 2017",2013,India,
Yanda Kartavya Aahe,Kedar Shinde,"January 1, 2018",2006,India,
يوم الدين,Abu Bakr Shawky,"October 22, 2019",2018,"Egypt, Austria, United States",
Yeh Meri Family,,"August 31, 2018",2018,India,
Yellowbird,Christian De Vita,"August 5, 2015",2014,"France, Belgium",
Yes or No,Saratswadee Wongsomphet,"December 6, 2018",2010,Thailand,
Yes or No 2,Saratswadee Wongsomphet,"November 8, 2018",2012,Thailand,
Yes or No 2.5,Kirati Nakintanon,"November 8, 2018",2015,Thailand,
Yo-Kai Watch,,"April 1, 2016",2015,United States,
Yo-Kai Watch: The Movie,Mark Risley,"December 1, 2016",2016,"Japan, United States",
Yoga Hosers,Kevin Smith,"December 2, 2016",2016,United States,
Yoko,,"June 23, 2018",2016,,
Yoko and His Friends,,"June 23, 2018",2015,"Russia, Spain",
YOM,,"June 7, 2018",2016,,
You Can Tutu,James Brown,"December 31, 2017",2017,United Kingdom,
You Can’t Fight Christmas,Kenny Young,"December 19, 2017",2017,United States,
You Carry Me,Ivona Juka,"July 1, 2016",2015,"Croatia, Slovenia, Serbia, Montenegro",
You Changed My Life,Cathy Garcia-Molina,"February 27, 2019",2009,Philippines,
You Don't Mess with the Zohan,Dennis Dugan,"September 1, 2019",2008,United States,
Young Adult,Jason Reitman,"November 20, 2019",2011,United States,
Young Tiger,Mu Chu,"November 1, 2016",1973,Hong Kong,
"Yours, Mine and Ours",Raja Gosnell,"November 20, 2019",2005,United States,
اشتباك,Mohamed Diab,"October 11, 2018",2016,"Egypt, France",
Yu-Gi-Oh! Arc-V,,"May 1, 2018",2015,"Japan, Canada",
Yunus Emre,,"January 17, 2017",2016,Turkey,
Zak Storm,,"September 13, 2018",2016,"United States, France, South Korea, Indonesia",
Zed Plus,Chandra Prakash Dwivedi,"December 31, 2019",2014,India,
Zenda,Avadhoot Gupte,"February 15, 2018",2009,India,
Zindagi Gulzar Hai,,"December 15, 2016",2012,Pakistan,
Zinzana,Majid Al Ansari,"March 9, 2016",2015,"United Arab Emirates, Jordan",
Zodiac,David Fincher,"November 20, 2019",2007,United States,
Zombie Dumb,,"July 1, 2019",2018,,
Zombieland,Ruben Fleischer,"November 1, 2019",2009,United States,
Zoom,Peter Hewitt,"January 11, 2020",2006,United States,
Zubaan,Mozez Singh,"March 2, 2019",2015,India,
Parasyte: The Grey,Yeon Sang-ho,"April 5, 2024",2024,South Korea,
Serena,Susanne Bier,"April 5, 2024",2014,United States,
